codigo_producto,nombre_producto,peso_manual,peso_calculado,no_recomendar
BLPXXX006,BLOCK POST HX A04 FLUOR 1.5X2PULG 38X51MM BL4U,1.2,1.0,True
PAPUSG007,PAPELERO USIGN US 3022 DOBLE PLASTICO,0.5,1.0,True
PEGACO006,PEGAMENTO ACRICOLOR ISOCOLA LIQ 250G,0.7,1.0,True
CATABC023,CARTAP ABC 3A CARTA CARTON ANILLA D PLENO,1.5,0.5,True
FOLVIN018,FOLDER VINIFAN TAPA TRANSPARENTE OFICIO AZUL MARINO C/FASTENER,0.7,1.0,False
SERATS001,SERCHA ARTESCO 06 013 JGO3U,1.5,1.0,False
PEGPEL011,PEGAMENTO PELIKAN MX EN BARRA PELIFIX 40G,0.5,1.0,False
RESPEL056,RESALTADOR PELIKAN MX 414 NAR BISELADA,1.5,1.2,False
CCHISO002,CUCHILLA ISOFIT  GRUESA,0.5,1.2,True
MRDLAY001,MARCADOR LAYCONSA JUMBO L 47 AZUL,1.5,1.0,True
RESPEL042,RESALTADOR PELIKAN CO 041 900 4250 VER FLASH GRUESO,1.5,1.2,False
SOBXXX021,SOBRE MANILA DOBLE OFICIO 38X48CM,0.5,1.0,True
PORPIL001,PORTAMINA PILOT H 165 0.5MM,0.7,1.0,False
FORRIC010,FORRO RICOR 1/2 OFICIO PLAST VER,1.2,1.0,True
PBOXXX103,PAP BOND 75GR BLAN OFICIO BOREAL,1.5,1.0,True
AGEABC012,AGENDA ABC COLEGIO MONTESSORI 2024,0.7,1.0,True
FUNUSG001,FUNDA PLAST USIGN US LW110T CARTA,1.2,1.0,False
FUNUSG003,FUNDA PLAST USIGN US LW110G OFICIO,1.2,1.0,False
CAVWJO007,CARTAP VISOR WILSON JONES 0256 2PULG 3A CARTA NEG,1.2,1.0,False
FOLUSG016,FOLDER USIGN US 4161G OFICIO LIGA PLAST,0.5,1.0,True
CUAABC105,CUADERNO ABC ESP CARTA CUAD 5MM 200HJS DISEÑO,0.7,1.0,False
MCPPTL047,MICROPUNTA PENTEL BL417 AX NEG 0.7MM ENERGEL,1.5,1.0,True
MCPPTL061,MICROPUNTA PENTEL BLN415 AX NEG 0.5MM ENERGEL,1.2,1.0,False
PEGPOX003,PEGAMENTO POXIPOL LA GOTITA,1.2,1.0,True
CAUXXX064,CARTULINA DUPLEX 250 GR 77 X110 CM,1.2,1.0,True
BLPGNR001,BLOCK POST GEN BANDERITAS JGO5COL,1.2,1.0,True
LAPPEL010,LAPIZ PELIKAN MX CUERPO HEXAGONAL AZU GOMA NEG 2HB,0.7,1.0,True
PEGMNP003,PEGAMENTO MONOPOL CARPICOLA 300 ML (PQ/15U.),0.7,1.0,False
TAPXXX004,TAPA PLAST ENCUADER CARTA COLOR,0.7,1.2,False
CLPIDL002,CLIP METAL IDEAL NO8 50MM CJ100U,1.2,1.0,True
RESPEL039,RESALTADOR PELIKAN CO 041 900 420 AZU FLASH GRUESO,0.5,1.0,False
RESPEL044,RESALTADOR PELIKAN CO 041 900 510 DURAZ FLASH PASTEL GRUESO,0.5,1.0,False
MINLYR022,MINA LYRA 2181 5001102 NEG 0.5MM 2B,1.2,1.0,True
RESPEL052,RESALTADOR PELIKAN CO 041 900 590 HIELO FLASH PASTEL GRUESO,0.7,1.0,False
MCPPTL041,MICROPUNTA PENTEL BLN105 AX NEG 0.5MM ENERGEL RETRAC,1.5,1.0,False
FASLEY001,FASTENER LEYDEZ METALICO CJ50PZ,0.5,1.0,False
CAEABC011,CALENDARIO ABC 2024 PLANIFICADOR DE ESC,0.5,1.0,False
BOLPTL088,BOLIGRAFO PENTEL BX420 D VER 1.0MM FEEL IT RETRAC,1.5,1.0,False
TTMATS004,TINT TAMPO ARTESCO VER 30ML,0.5,1.0,False
AGETLC054,AGENDA TILUCHI 2024 SEMANAL,1.2,1.5,True
BLPXXX004,BLOCK POST FLUOR FIGURAS,0.7,1.2,False
FOLVIN024,FOLDER VINIFAN TAPA FANTASIA PLASTICO  MAGENTA C/LIGA,1.2,1.0,False
BOLPIL006,BOLIGRAFO PILOT BP S VER FINO,1.2,1.0,True
BOLPIL007,BOLIGRAFO PILOT BP S VIO FINO,1.5,1.0,True
LAPPEL014,LAPIZ PELIKAN MX NEG 2 HB CUERPO TRIANG SILVERSTAR COD30330244 BARRIL50U,1.2,0.7,True
PEGMNP012,PEGAMENTO MONOPOL CARPICOLA 90 ML.(PQ/60U),1.5,0.7,True
ARCLEY052,ARCHIVADOR LEYDEZ PALANCA GUI PLAST,0.7,1.0,False
LAPLYR030,LAPIZ LYRA 2052901 REMBRANDT BLA OIL,1.5,1.0,False
CUAABC113,CUADERNO ABC ESP CARTA CUAD 5MM 100 HJS PLENO PASTEL,0.5,1.0,True
BOLPTL077,BOLIGRAFO PENTEL BX417 P ROS 0.7MM FEEL IT RETRAC,0.7,1.0,True
BOLPTL079,BOLIGRAFO PENTEL BX417 V VIO 0.7MM FEEL IT RETRAC,1.2,1.0,True
MCPPTL054,MICROPUNTA PENTEL BL417 VX VIO 0.7MM ENERGEL,1.2,1.0,True
BOLPTL073,BOLIGRAFO PENTEL BX417 B ROJ 0.7MM FEEL IT RETRAC,1.5,1.0,False
BOLPTL074,BOLIGRAFO PENTEL BX417 C AZU 0.7MM FEEL IT RETRAC,1.2,1.0,False
FORVIN006,FORRO VINIFAN 0.45X3M FILM CONTACT,1.5,1.0,False
BLPIDL004,BLOCK POST IDEAL 3X2PULG 76X51MM JGO5COL,1.5,1.0,False
TIJPEL007,TIJERA PELIKAN MX 08000140 OFICINA 7PULG ACERO INOX,0.5,1.0,True
CLPGNR001,CLIP METAL GEN NO8 50MM CJ100U,0.5,1.0,False
CNDPGF002,CINTA DIUREX PEGAFAN 705 CRIST 3/4PULG X 36 YDS,0.7,1.0,False
SEPUSG006,SEPARADOR USIGN US 012 COLOR A4 JGO 1 A 12 NUM,1.5,1.0,False
LAPLYR057,LAPIZ LYRA 1760100 NEG HB GROOVE SLIM SIN GOMA,1.5,1.0,True
ARCXXX001,ARCHIVADOR RAPIDO OFICIO MEC METAL,0.7,1.2,True
BOLPEL003,BOLIGRAFO PELIKAN MX POINTEC ROJ 1.0MM,0.7,1.0,True
BOLPEL004,BOLIGRAFO PELIKAN MX POINTEC VER 1.0MM,1.2,1.0,True
RESPEL047,RESALTADOR PELIKAN CO 041 900 540 AQUA FLASH PASTEL GRUESO,0.5,1.5,False
JUEART008,JUEGO ARTI TACJUEDI003 ZAPATILLA GOMA EVA 3EN 1,0.7,1.0,False
PILPWO013,PILAS ALKALINAS POWER ONE P-AA/6 BL6U,0.7,1.0,True
MCPPTL084,MICROPUNTA PENTEL BL437R S  CEL  0.7MM ENERGEL RETRACT,0.5,1.5,False
XLIGUM045,LA BARCA SIN PESCADOR,1.2,1.0,True
BSAMDF002,BOLSA ECOLOGICA MODA FASHION DE TOCUYO 37X38 CM CRUDO,0.7,1.0,True
PKRXXX003,PAP KRAFT 125GR 102X160CM,0.7,1.0,True
PLFPEL032,PLUMAFUENTE PELIKAN AL 821827 JAZZ NOBLE ELEGANCE  P36 DORADO,1.2,1.5,False
ETQPGF055,ETIQUETAS PEGAFAN BLA A4 007 210X297MM HJA 1ETQ CJA 50HJ,1.2,0.7,False
MCPPTL053,MICROPUNTA PENTEL BL417 SX CEL 0.7MM ENERGEL,0.7,1.2,True
CUAABC080,CUADERNO ABC OFICIO CUAD COL ALEMAN,0.5,1.0,False
FOLVIN006,FOLDER VINIFAN DOBLE TAPA OFICIO AMARILLO GUS,1.5,1.2,False
CUAABC068,CUADERNO ABC ESP PATAGONIA 1/2 OFI CUAD 5MM 75GR 120HJS,1.5,1.0,False
ARCLEY054,ARCHIVADOR LEYDEZ PALANCA NEG PLAST,0.7,1.2,True
TRAATS002,TRANSPORT ARTESCO 360X15CM,0.5,1.0,False
ENGGNR002,ENGRAPADOR GEN DL0582 MINI C/GRAPA  24/6,0.5,1.0,True
CNKPGF003,CINTA MASK PEGAFAN 500 1PULG X 40YDS,1.2,1.0,False
BOLPEL043,BOLIGRAFO PELIKAN MX TANGO AZU 1MM,0.5,0.7,True
FOLUSG020,FOLDER USIGN US 3735G OFICIO PLAST BOLSA GEMELA,1.0,0.5,True
FASLEY002,FASTENER LEYDEZ METALICO,0.7,1.0,True
BOLPRK087,BOLIGRAFO PARKER 1953182 JOTTER ACERO INOX CLIP DORADO,0.7,1.0,True
RBLPRK010,RPTO BOLIG PARKER 1950368 QUINK FLOW AZU F,1.5,1.0,True
PFOMDN001,PAP FOTOGRAF MADISON A4 CJA20U,0.5,0.7,False
XLNGUM143,LOS HIJOS DEL ALCOHOL,0.5,1.0,False
BOLPTL092,BOLIGRAFO PENTEL BX420 V VIO 1.0MM FEEL IT RETRAC,0.7,1.0,False
CNEPGF003,CINTA EMBAL PEGAFAN 740 TRANSP 48MM X 100YDS,1.2,1.0,False
PREDEL013,PORTAREVIS DELLO 6023.I.0006 DELLOCOLOR HUMO,1.0,0.5,False
TTMATS003,TINT TAMPO ARTESCO ROJ 30ML,0.7,1.0,True
MCPPTL063,MICROPUNTA PENTEL BLN415 CX AZU 0.5MM ENERGEL,0.5,1.2,True
PAAXXX008,PAP ARAÑA VER MANZANA 50X80CM,1.5,1.0,True
KITABC004,CUADERNO ABC ESP CARTA CUADERNO DE RECETAS (PQ2UNID),0.5,1.0,False
MRAMON002,MARC AGUA MON AMI AZU,1.2,1.0,True
CUDABC027,CUADERNILLO ABC RAYADO OFICIO,1.2,1.0,False
CNATCN006,CINTA ADHES TACON AMA OFERTA 3/4PULG X 55YDS,1.0,1.2,False
PBOBRE020,PAP BOND BOREAL BLAN CARTA 75GR PQ500HJS,0.5,1.0,False
CLPPOL002,CLIP METAL POLI NO3 33MM CJ100U,1.2,1.0,True
FOLXXX009,FOLDER CREMA OFICIO CARTULINA 200GR,0.5,1.0,True
GOMPEL006,GOMA BORRAR PELIKAN MX MIGAJON M 40,0.7,1.0,False
CCHISO004,CUCHILLA ISOFIT 25623 3 GRUESA PLAST,0.7,1.0,True
BOLPTL045,BOLIGRAFO PENTEL BX487 A NEG 0.7MM FEEL IT,1.5,1.0,True
FORRIC008,FORRO RICOR 1/2 OFICIO PLAST AZU,0.7,1.0,False
GLIPEL013,GLITER PELIKAN AR 09700029 AZUL PASTEL 60ML,1.0,0.7,True
LAPLYR041,LAPIZ LYRA 1210102 2510 NEG 2B=0 ROBINSON,1.2,1.0,False
PINETE007,PINCEL ETERNA 577 NO06,1.2,1.0,False
PBOLEY105,PAP BOND LEYDEZ LAVANDA 80GR CARTA PQ100HJS,1.2,0.7,True
MRDPEL010,MARCADOR PELIKAN MX MARKANA NEG,0.5,1.0,False
MCPPTL072,MICROPUNTA PENTEL BL417 S3X TURQ 0.7MM ENERGEL,1.5,1.0,True
XFSALB001,FILOSOFIA PARA CURIOSOS,0.7,1.0,True
CUAABC101,CUADERNO ABC ESP 1/2 OFICIO CUAD 5MM 100HJS PLENO,1.5,1.0,False
AGEXXX019,AGENDA 2024 CLASICA FLORES CFL 14X20 CONFETTI,1.5,1.0,False
CNAPGF030,CINTA ADHES PEGAFAN DOBLE FAZ 3/4PULG X 11 YDS,0.7,1.0,False
PCRUSG003,PORTACREDEN USIGN US 04V 70X105MM CORDON,1.2,1.0,True
FOLUSG010,FOLDER USIGN US A40 A4 PLAST CON 40 FUNDAS,0.5,1.0,False
MCPPTL032,MICROPUNTA PENTEL BLN25 B ROJ 0.5MM ENERGEL,0.7,1.0,True
BLBABC004,BLOCK BOND ABC BLA RAY CARTA 50HJS,0.7,1.0,False
CUAABC081,CUADERNO ABC ENGRAP 40HJS CUAD 4MM TAM 26X18CM,0.5,1.0,True
GOMPTL001,GOMA BORRAR PENTEL ZEH 05,0.5,1.0,True
BOLPEL041,BOLIGRAFO PELIKAN MX TANGO NEG 0.5MM,1.2,1.5,False
RCBADP005,RPTO.CUBO ARDIP DIF.COLOR 9X9CM (BLOC/500HJS),0.7,1.0,True
BOLPTL061,BOLIGRAFO PENTEL BX427 B ROJ 0.7MM FEEL IT,1.5,1.0,False
LPLXXX003,LAMINA PLASTIFICAR OFICIO,0.5,1.0,True
PBORPO001,PAP BOND REPROGRAF BLAN 75GR CARTA PQ500HJS,1.5,1.0,True
RESPEL027,RESALTADOR PELIKAN MX 414 VER BISELADA,1.2,1.0,True
FUNUSG005,FUNDA PLAST USIGN US 219 OFICIO TRANSP CON BROCHE,1.2,1.0,True
RESPEL038,RESALTADOR PELIKAN CO 041 900 410 AMA FLASH GRUESO,1.5,0.5,False
RESPEL041,RESALTADOR PELIKAN CO 041 900 4240 ROS FLASH GRUESO,0.7,1.0,False
RESPEL046,RESALTADOR PELIKAN CO 041 900 530 LAVAN FLASH PASTEL GRUESO,0.7,1.0,True
BOLPTL050,BOLIGRAFO PENTEL BX487 S CEL 0.7MM FEEL IT,1.5,1.0,False
CRJPEL013,CRAYON JGO PELIKAN MX EXTRA JUMBO REDONDO JGO8 COLOR PELICRAYONES,1.2,1.0,False
BOLPTL089,BOLIGRAFO PENTEL BX420 F NAR 1.0MM FEEL IT RETRAC,1.2,1.0,True
MCPPTL049,MICROPUNTA PENTEL BL417 CX AZU 0.7MM ENERGEL,1.2,1.0,True
CUAABC103,CUADERNO ABC ESP CARTA CUAD 5MM 100HJS PLENO,0.5,1.0,False
CUAABC300,CUADERNO ABC NOTCOM  ESP CARTA RAYADO 100HJS ,0.5,1.0,False
XLIBTN018,EL HOMBRE MEDIOCRE C E D C ART 110027,1.0,1.2,False
AGEV&R100,AGENDA V&R 2024 COHELO CARTONE ,0.7,1.2,True
ETQPGF054,ETIQUETAS PEGAFAN BLA A4 005 38X99MM HJA 14ETQ CJA 50HJ,1.5,1.0,True
LCLPEL006,LAPIC COLOR PELIKAN AR 30330308 JUMBO 5MM TRIANG LARGO JGO12U,0.7,1.0,False
PINMDN011,PINCEL MADISON NO 0,0.5,1.0,False
GOMPEL031,GOMA BORRAR PELIKAN MX WS 60 BLANCA LAPIZ,1.5,1.0,True
AGETLC055,AGENDA TILUCHI 2024 DIRECTOR ANILLADA,1.2,1.0,True
SOBXXX023,SOBRE MANILA FOLDER 30X40CM,0.5,1.0,True
PTLUSG005,PORTALAPIZ USIGN US K158 PLAST MULTIFUNCION,1.5,1.0,True
FOLVIN015,FOLDER VINIFAN TAPA TRANSPARENTE OFICIO AMA C/FASTENER,0.7,1.0,True
CUAABC126,CUADERNO ABC ESP 1/2 OFICIO CUAD  5MM 100HJS MARGEN ROJO  TAPA DURA PLENO,0.5,1.0,False
BOLPEL049,BOLIGRAFO PELIKAN MX POINTEC FINO NEG 0.7MM,0.7,1.0,False
MRDPTL017,MARCADOR PENTEL N450 A NEG PERM RECARG PTA REDONDA,1.2,1.0,True
RESPEL050,RESALTADOR PELIKAN CO 041 900 570 CORAL FLASH PASTEL GRUESO,1.5,1.0,True
RESPEL055,RESALTADOR PELIKAN CO 041 900 560 BANANA FLASH PASTEL GRUESO,0.7,1.0,True
SOBXXX019,SOBRE MANILA CARTA,1.5,1.0,False
FORRIC007,FORRO RICOR 1/2 OFICIO PLAST NAR,0.5,1.0,False
MCPPTL031,MICROPUNTA PENTEL BLN25 CX AZU 0.5MM ENERGEL,1.2,1.0,True
PINPAG006,PINCEL PAGODA 251 NO08,1.0,1.2,True
HJCABC021,HJA CARPETA ABC 2 PERF CUAD 5MM PQ500HJS,1.2,1.5,False
GOEXXX047,GOMA EVA LISA AZU OSC 50X70CM,1.5,1.0,True
BLPHOA023,BLOCK POST HOPAX 26029  45MMX12MM 5 COLORES ,1.0,0.7,True
PSBXXX011,PAP SABANA 77X110CM,1.2,1.0,False
LAPSTB004,LAPIZ STABILO 1600 315 ROJ AQUACOLOR,1.5,1.0,False
PBOPRM001,PAP.BOND PRISME COLOR T/CARTA 12COL.80GR.PQ/500HJS,1.2,1.0,True
BLDPEL006,BLOCK DIBUJ PELIKAN AL SR3 20 1181X1575PULG 30X40CM 251041,1.5,0.5,False
LAPPEL007,LAPIZ PELIKAN MX BICOLOR JUMBO ROJO AZUL,1.2,1.0,False
LAPPEL006,LAPIZ PELIKAN MX BICOLOR ROJO AZUL,0.7,1.0,True
MRDUNI001, MARCADOR UNI PIN BR-GC BRUSHSIGN GRIS CLARO,1.2,0.5,True
CUAABC401,CUADERNO ABC ENGRAP 46HJS C COOL50 CUAD 5MM PQT 10 PIEZAS,0.7,1.0,True
FOLVIN021,FOLDER VINIFAN TAPA FANTASIA PLASTICO AZUL C/LIGA,0.7,1.0,True
BOLBEI002,BOLIGRAFO BEIFA AA927 AZU CJA 50U,1.2,1.0,True
LAPATS005,LAPIZ ARTESCO ROJ C/GOMA,1.2,1.0,False
COPKOF001,COMPAS KOFA 3005 ESCOLAR,1.5,1.0,False
LAPSTB006,LAPIZ STABILO 4909 06 HB NEG SWANO,0.5,1.0,False
MRDPTL030,MARCADOR PENTEL N450 P ROS PERM RECARG PTA REDONDA,1.2,1.5,False
MINPEL002,MINA PELIKAN MX NEG 0.7MM HB,1.2,0.7,True
CAEEPA030,CALENDARIO E.PAULINAS 2024 PROGRAMADOR DE PARED,1.2,1.0,False
CHIISO001,CHINCHES ISOFIT 11307 PLATEADO CJ100U,1.2,1.0,False
PCPHOB004,PAP CREPE HOBBY AMA 48X200CM,0.7,1.0,True
PAAXXX010,PAP ARAÑA NEG 50X80CM,0.5,1.0,True
PERRAP020,PERFORADOR RAPID HP20 CAP 20HJS NEG 5000196,0.5,1.0,False
PBOPBL001,PAP BOND PAPELBOL RECICLADO CARTA 75GR PQ500HJS,1.2,1.5,False
MCPPTL029,MICROPUNTA PENTEL BL27 C AZU 0.7MM ENERGEL,1.2,0.7,True
BOLPTL076,BOLIGRAFO PENTEL BX417 F NAR 0.7MM FEEL IT RETRAC,1.2,1.0,True
ARCLEY057,ARCHIVADOR LEYDEZ PALANCA VER PLAST,1.2,0.5,False
LIGALL005,LIGAS ALLIANCE NO33 DE 1/4 LIBRA,1.5,1.0,False
ARCLEY042,ARCHIVADOR LEYDEZ LETRA PALANCA NEG PLAST,0.5,1.5,True
PCABTI001,PAP CARBON BEE TIGER NEG OFICIO PLASTIFICADO PQ100HJS,0.7,1.0,False
CLBLEY107,CLIP BIN LEYDEZ 19MM O 3/4PULG CJ12PZ,0.7,1.0,False
TAJPEL008,TAJADOR PELIKAN MX 1 ORIFICIO PLAST MOD 303,1.5,1.0,False
BOLLEY003,BOLIGRAFO LEYDEZ 07MM ROJO PUNTA METAL,0.5,0.7,True
CCOMDN004,CARPETA COLG MADISON OFICIO ROJ,0.5,1.0,True
RBLPEL003,RPTO BOLIG PELIKAN AL 095 931 246 AZUL PUNTA F JUMBO,1.2,1.0,False
AGEV&R095,AGENDA V&R 2024 MITOLOGICA ,1.2,1.0,True
FOLUSG005,FOLDER USIGN US 287AG VARILLA OFICIO,0.5,1.0,True
CATABC011,CARTAP ABC 2A CARTA CARTON ANILLA O,1.5,1.0,True
HTPABC018,HJA TRAPPER ABC NEGRO 5PERF CUAD 5MM PQ200HJS,0.5,1.2,False
PSESWA022,PAP SEDA 7301 MORADO 50X75CM,0.7,1.0,True
FASMDN001,FASTENER MADISON 1D01002 PLASTICO,1.2,1.0,True
BOLPTL072,BOLIGRAFO PENTEL BX417 A NEG 0.7MM FEEL IT RETRAC,1.2,1.0,False
GOMPEL009,GOMA BORRAR PELIKAN MX RADIERER AL 20,0.5,1.0,False
PEGUHU007,PEGAMENTO UHU EN BARRA 21G,0.7,1.0,True
BOLPTL058,BOLIGRAFO PENTEL BX440 V VIO 1.0MM FEEL IT TRIANG RETRAC,1.0,1.2,False
LIBABC002,LIBRETA ABC ESP CUAD 5MM 1/4 OFICIO,0.7,1.0,True
ARCLEY056,ARCHIVADOR LEYDEZ PALANCA ROJ PLAST,1.0,0.5,True
CNAPGF001,CINTA ADHES PEGAFAN MAGICA 3/4PULG X 25YDS,1.5,1.0,True
MCPPTL036,MICROPUNTA PENTEL BL107 AX NEG 0.7MM ENERGEL X RETRAC,1.2,1.0,False
PBOBRE022,PAP BOND BOREAL BLAN OFICIO 75GR PQ500HJS,0.7,1.0,False
SENATS007,SEÑALADOR ARTESCO CRISTAL PRECORTADO 3.8CM PLAST,0.7,1.0,False
MRDPTL020,MARCADOR PENTEL N450 D VER PERM RECARG PTA REDONDA,1.0,0.5,True
PLFPRK051,PLUMAFUENTE PARKER 2030948 JOTTER CROMA CLIP DOR ,0.5,1.2,True
RFLPRK002,RPTO FLOAT PARKER 117906 S0881210 AZU F,0.7,1.0,True
MRDPTL041,MARCADOR PENTEL NF450 A NEG PERM PTA EXT FINA,0.7,1.0,False
BOLCOV001,BOLIGRAFO CORVINA 51 AZU 10MM,1.0,1.2,False
PINCOD004,PINCEL CONDOR 456 NO 10 PELO CERDA,1.5,1.0,False
TAJMDN003,TAJADOR MADISON 8583 PLAST ESCOLAR,0.7,1.0,False
ARCLEY050,ARCHIVADOR LEYDEZ PALANCA AMA PLAST,1.5,1.0,True
FOLVIN010,FOLDER VINIFAN DOBLE TAPA OFICIO LILA GUS,1.5,0.7,True
FOLDEL111,FOLDER DELLO 0240.T.0050 DELLOFINE VERDE NEON ALA OFICIO,1.2,1.0,True
SOBXXX017,SOBRE MANILA 1/2 OFICIO,1.5,1.0,True
FOLVIN020,FOLDER VINIFAN TAPA TRANSPARENTE OFICIO GUINDO C/FASTENER,1.2,1.0,True
PCBXXX003,PAP CEBOLLA 90 95GR 77X110CM,1.5,1.0,False
BOLPTL078,BOLIGRAFO PENTEL BX417 S CEL 0.7MM FEEL IT RETRAC,0.7,1.0,False
CNEPGF002,CINTA EMBAL PEGAFAN 740 TRANSP 48MM X 40YDS,0.7,1.0,True
LAPSCA005,LAPIZ SCALA 2767 AZU E,1.2,1.0,True
TPLPEL003,TINT PLUMAF PELIKAN MX 4001 NEG CARTUCHO,1.2,0.7,False
CAUXXX032,CARTULINA ESCOLAR 170GR BLA 65X100CM,1.2,1.0,True
SOBXXX004,SOBRE BOND BLAN CD 13X13CM,0.5,1.0,False
PCCLEY001,PAP CALCUL LEYDEZ 60GR 2 1 4PULG 57MM X 55M,0.7,1.0,True
SELISO001,SELLO ISOFIT NUMERADOR AUTOMAT 6DIG,1.5,1.0,False
MRJPEL014,MARCADOR JGO PELIKAN MX MARKANA PINCEL 30341200 JGO12U,0.7,1.0,False
PSESWA009,PAP SEDA 1403 1201 FUCSIA CERICE NO17 50X75CM,1.2,1.0,False
ENGRAP043,ENGRAPADOR RAPID CAP 20HJS PLAST NEG 5000192,0.7,1.0,False
TCHPEL005,TINT CHINA PELIKAN CO VER 15CC,1.5,0.7,False
LAPLYR072,LAPIZ LYRA 1293960 NEG HB 2 NEON CON GOMA,1.0,1.2,False
MINLYR023,MINA LYRA 2182 5002100 NEG 0.7MM HB,1.5,1.0,True
TAJATS001,TAJADOR ARTESCO METAL SIMPLE,0.5,1.0,True
BOLPIL046,BOLIGRAFO PILOT BP 1RT F ROJ RETRACTIL,0.5,1.0,False
GRAMDN005,GRAPAS MADISON 23/15 CJ1000U,1.5,1.0,False
AGEXXX026,AGENDA STAR WARS 2024,0.5,1.0,False
PBOLEY107,PAP BOND LEYDEZ VER ESMER 80GR CARTA PQ100HJS,0.7,1.2,True
BOLPIL041,BOLIGRAFO PILOT BPT P ROJ 0.7MM,0.5,1.0,False
BOLPTL085,BOLIGRAFO PENTEL BX420 A NEG 1.0MM FEEL IT RETRAC,0.5,1.0,True
BOLPTL091,BOLIGRAFO PENTEL BX420 S CEL 1.0MM FEEL IT RETRAC,1.2,1.0,True
PIZXXX023,PIZARRA CORCHO 045X060M,1.5,1.0,True
TTMLEY002,TINT TAMPO LEYDEZ AZUL 30ML,0.7,1.0,True
PAAXXX002,PAP ARAÑA VER 50X80CM,0.5,1.0,False
PAAXXX007,PAP ARAÑA BLA 50X80CM,0.5,1.0,False
TIJMDN003,TIJERA ESCOLAR MADISON NO7 5PULG,0.5,1.2,False
MRAMON001,MARC AGUA MON AMI NEG,0.5,1.0,True
CUAABC008,CUADERNO ABC ESP 1/2 OFICIO CUAD 4MM 100HJS,1.0,0.7,False
CUAABC021,CUADERNO ABC NO 7 COL ALEMAN,0.7,1.0,True
LCLPEL031,LAPIC COLOR PELIKAN MX 30330303 TRIANGULAR 4MM LARGO JGO12U,0.7,1.0,False
MRDPTL018,MARCADOR PENTEL N450 B ROJ PERM RECARG PTA REDONDA,0.7,1.0,False
BOLPIL040,BOLIGRAFO PILOT BPT P AZUL 0.7MM,1.2,1.0,True
CUAABC076,CUADERNO ABC ESP 1/2 OFICIO CUAD 5MM 200HJS,0.7,1.0,False
CUAABC058,CUADERNO ABC ENGRAP 46HJS C COOL50 CUAD 5MM,0.7,1.2,True
CUAABC124,CUADERNO ABC ESP CARTA CUAD  5MM 100HJS MARGEN ROJO  TAPA DURA PLENO,0.7,0.5,True
CUDABC022,CUADERNILLO ABC CARTA 5MM MARGEN,1.5,1.0,False
HTPABC006,HJA TRAPPER ABC COLOR 3 PERF CUAD 5MM PQ200HJS,1.0,1.2,True
BOLPTL060,BOLIGRAFO PENTEL BX427 A NEGR0.7MM FEEL IT,0.5,1.0,False
RESPEL026,RESALTADOR PELIKAN MX 414 ROS BISELADA,0.7,1.0,False
BLPIDL002,BLOCK POST IDEAL FLUOR 3X3PULG 76X76MM,0.5,1.0,True
RESPEL040,RESALTADOR PELIKAN CO 041 900 4230 NAR FLASH GRUESO,1.5,1.0,True
LRGABC004,LIBRO REGIS ABC ACTAS 100 HJS OFICIO,1.2,1.0,True
PMNSWA001,PAP MANTEQ SWALENDER RESMA,0.7,1.0,True
FOLXXX008,FOLDER CREMA CARTA CARTULINA 200GR,0.5,1.0,False
HJCABC017,HJA CARPETA ABC 3 PERF COLOR CUAD 5MM PQ500HJS,1.2,0.5,True
PEGACO008,PEGAMENTO ACRICOLOR ISOCOLA 40G,1.5,1.0,True
BASUSG001,BASURERO USIGN US 8813 PLASTICO MEDIANO,0.7,1.0,True
GOMSTB007,GOMA STABILO 1199/90 TRIO (FCO/90U.),0.7,1.0,False
BLBXXX001,BLOCK BOND COL 9X9CM 500HJS,1.2,1.0,False
ARCLEY011,ARCHIVADOR LEYDEZ INICIAL BLA 345X265X5CM,0.7,1.0,True
PBOABC001,PAP BOND ABC CUAD 57GR DOBLE OFICIO,0.7,1.0,False
JUEART021,JUEGO ARTI TACJUEDI056 MANITOS X 20 PZS,0.5,1.0,True
CAUXXX027,CARTULINA CARTA NEG,0.5,1.0,True
PILPWO003,PILAS ALKALINAS POWER ONE P-AAA/6 BL6U,1.0,0.5,True
BOLPIL039,BOLIGRAFO PILOT BPT P NEG 0.7MM,0.7,1.0,False
MRAPEL010,MARC AGUA PELIKAN MX FLASH MARKER 442 NEG,0.7,1.0,True
MRAPEL011,MARC AGUA PELIKAN MX FLASH MARKER 442 ROJ,0.7,1.0,True
BOLFBC016,BOLIGRAFO FABER CASTELL VER 032 TRILUX,1.5,1.0,True
LCLPEL026,LAPIC COLOR PELIKAN CH 010 012 214 PINTALOCO HEXAGLARGO JGO12U,0.5,1.0,True
PCSLEY001,PAP CONST LEYDEZ 10 COL CARTA BLOCK40HJS,0.5,1.0,True
BOLPRK086,BOLIGRAFO PARKER 1953170 JOTTER ACERO INOX CLIP CROMADO,0.7,1.0,True
FOLXXX010,FOLDER COLOR OFICIO CARTULINA COLOR,1.5,1.0,True
CNARTX005,CINTA ADHES ROTEX 772R BOOK TAPE CAF 50MM,1.2,1.0,True
RCUISO001,RPTO CUCHIL ISOFIT GRUESO JGO10U,1.5,0.5,False
AGEEPA071,AGENDA E.PAULINAS 2024 EMPEZAR C..DIA TAPA DURA ANILLADA,0.5,1.2,False
MCPPTL052,MICROPUNTA PENTEL BL417 PX ROS 0.7MM ENERGEL,1.5,1.0,True
PESXXX003,PAP ESTAÑADO VER,0.5,1.0,False
HTPABC019,HJA TRAPPER ABC NEGRO 5 PERF PUNTEADA PQ200HJS,0.7,1.0,True
MRDFBC001,MARCADOR FABER CASTELL 54 NEG MULTIMARK,1.2,1.0,False
PDODEL002,PORTADOCUM DELLO 6093.P.0006 TOP LINE NEG. 12 DIV,1.2,1.0,False
LAPLYR017,LAPIZ LYRA 1210100 2510 NEG HB=2 ROBINSON,0.5,1.0,False
PSESWA005,PAP SEDA 4301 VER OSC DARK MID GREEN NO4 50X75CM,0.7,1.0,True
HTPABC017,HJA TRAPPER ABC 5COLORES 5PERF CUAD 5MM PQ200HJS,1.5,1.2,False
AGEXXX027,AGENDA FRIENDS 2024,0.5,1.0,False
BOLPTL065,BOLIGRAFO PENTEL BX427 P ROS 0.7MM FEEL IT,0.7,1.0,True
BOLPTL062,BOLIGRAFO PENTEL BX427 C AZUL 0.7MM FEEL IT,0.7,1.0,True
BOLPTL075,BOLIGRAFO PENTEL BX417 D VER 0.7MM FEEL IT RETRAC,1.2,1.0,True
PNAACR008,PINTUR  ACRILEX 03240/513 PVA VER MUSGO 37ML T/ROSADO,1.0,0.7,False
PBOXXX044,PAP BOND 77X110CM 75GR BLAN,1.2,1.0,False
GOEXXX067,GOMA EVA LISA OFICIO BLA,0.5,1.0,True
CLBLEY108,CLIP BIN LEYDEZ 25MM O 1PULG CJ12PZ,0.7,1.0,False
LCLPEL028,LAPIC COLOR PELIKAN AL JGO12U SILVERINO TRIANGULAR LARGO 700634,0.7,1.5,False
PAAXXX001,PAP ARAÑA AZU 50X80CM,0.7,1.0,True
PAAXXX003,PAP ARAÑA ROJ 50X80CM,0.5,1.0,True
PAAXXX018, PAP ARAÑA CAF 50X80CM,1.5,1.0,False
CNRDYM033,CINTA ROTUL DYMO 16952 CLEAR LETRA TAG 12MM X 4M,1.5,1.0,False
LCLLYR065,LAPIC COLOR LYRA 2001120 REMBRANDT POLYCOLOR JGO12U EST MET,1.2,0.5,True
XLNGUM158,TRES GENERALES,1.2,1.0,False
GRARAP009,GRAPAS RAPID ZINC 24861300 300 26/6 CJ1000U,0.5,1.0,False
MINLYR021,MINA LYRA 5001100 NEG 0.5MM HB,0.7,1.0,True
PAPDEL009,BANDEJA DELLO DOBLE ARTIC. 3043.V.0006 VERDE CLARO,0.5,1.2,False
TAMATS006,TAMPO ARTESCO DACTILAR AZU,0.5,1.0,False
FOLDEL027,FOLDER DELLO 0233.I.0050 TOP LINE HUMO OFICIO,1.2,1.0,True
FOLVIN007,FOLDER VINIFAN DOBLE TAPA OFICIO VERDE CLARO,0.5,1.2,True
PAAXXX004,PAP ARAÑA NAR 50X80CM,1.5,1.0,True
CCHISO001,CUCHILLA ISOFIT DELGADO 13815-0,1.5,0.5,False
FOLDEL161,FOLDER DELLO 0266.H.0025 TOP LINE CRISTAL A3,1.5,1.0,False
LAPLYR099,LAPIZ LYRA 1873363 NEG B GROOVE JUMBO TRIANG METAL EXP. 36PCS,1.5,1.2,True
PEGUHU053,PEGAMENTO UHU 35695 CARPICOLA 125GR,0.7,1.0,True
CUAABC013,CUADERNO ABC EMPAST CARTA RAYD 100HJS,1.2,1.0,False
PCPHOB001,PAP CREPE HOBBY BLA 48X200CM,0.7,1.0,False
ARCLEY010,ARCHIVADOR LEYDEZ INICIAL VER 345X265X5CM,1.2,1.0,False
GOMPEL015,GOMA BORRAR PELIKAN MX MIGAJON M 20,0.5,1.0,False
PORPTL044,PORTAMINA PENTEL AX105 B 0.5MM FIESTA ROJ,0.5,1.0,False
CORMDN001,CORRECTOR MADISON SMART 8528 CINTA M70,1.2,1.0,True
CUAABC079,CUADERNO ABC OFICIO RAYD COL ALEMAN,0.5,1.0,True
ESDFBC011,ESCUADRA FABER CASTELL 993 N  GEODRIVE 4 FUNC,0.5,1.0,True
FOLVIN009,FOLDER VINIFAN DOBLE TAPA OFICIO NARANJA GUS,1.5,1.0,False
FORRIC012,FORRO RICOR OFICIO PLAST DIF COLOR,1.5,1.0,True
GOMPEL010,GOMA BORRAR PELIKAN MX ERGUS 20 MIGAJON,1.2,1.0,False
LAPATS001,LAPIZ ARTESCO NEG 2B C/GOMA (CJ/12U.),0.7,1.0,True
GRARAP001,GRAPAS RAPID ZINC 24855600 800 24/6 1000U,0.7,1.0,False
ARCLEY008,ARCHIVADOR LEYDEZ INICIAL AZU 345X265X5CM,1.5,1.0,False
BLBABC023,BLOCK BOND ABC 5 COLOR CUADR 105X80MM 250HJS 70GR.,1.2,1.0,False
CLPLEY002,CLIP METAL LEYDEZ NO4 33MM CJ100U,1.0,0.7,False
SOBXXX024,SOBRE MANILA OFICIO,0.7,1.0,True
LCLSTB077,LAPIC COLOR STABILO 1520/48 ARTY JGO48U CAJA CARTON,0.5,1.0,True
LCLSTB074,LAPIC COLOR STABILO 1520/12 ARTY JGO12U CAJA CARTON,1.2,1.0,True
NYLXXX013,NYLON TRANSP 50CM X 200MT 50MIC TIPO VINIFAN,1.0,1.5,True
SEPUSG005,SEPARADOR USIGN US 020A Z A4 JGO A A Z ALFAB,1.2,0.5,False
BLRXXX006,BLOCK RECIBO CON COPIA QUIMICA 50HJS,1.5,1.0,True
LAPPEL004,LAPIZ PELIKAN MX CHECADOR ROJO,1.2,1.0,False
CNDPGF003,CINTA DIUREX PEGAFAN CRIST 3/4PULG X 25YDS,0.5,1.0,True
RESPEL036,RESALTADOR PELIKAN MX 414 AMA BISELADA,1.5,1.0,True
BOLPEL002,BOLIGRAFO PELIKAN MX POINTEC AZUL 1.0MM,1.0,1.5,False
PBOXXX011,PAP BOND 60 63GR BLAN OFICIO PQ500HJS,1.0,0.7,False
PARXXX003,PAP REGALO FANTASIA 100X68CM RUST,1.5,1.0,True
PORPTL043,PORTAMINA PENTEL AX127 C 0.7MM FIESTA II AZU,1.2,1.0,True
MRDPTL025,MARCADOR PENTEL X100W M BLA PERM PTA MEDIA,0.5,1.0,True
CATOXF013,CARTAP OXFORD 88 7322 2PULG 3A CARTA PLAST ROJ,1.0,0.5,False
PAPDEL004,BANDEJA DELLO DOBLE ARTIC. 3043.B.0006 AZUL CLARO,0.7,1.0,True
PEGUHU009,PEGAMENTO UHU EN BARRA 40G,0.5,1.0,False
TAJPEL003,TAJADOR PELIKAN MX 1 ORIFICIO PLAST MOD 101,1.0,1.5,True
CUAABC019,CUADERNO ABC NO 2 COL ALEMAN,1.2,1.0,False
CUAABC024,CUADERNO ABC NO 3 COL ALEMAN,1.2,1.5,False
FUNUSG002,FUNDA PLAST USIGN US LW110 A4,0.5,1.0,True
PCBXXX006,PAP CEBOLLA OFICIO 95GR,0.5,0.7,False
MRDPEL011,MARCADOR PELIKAN MX MARKANA ROJ,1.0,0.7,True
FGAART005,FIGURAS ADH ARTI TACF00009 MARIPOSAS GLITTER X 30 PZS GOMA EVA,0.5,1.0,False
TPLPRK004,TINT PLUMAF PARKER 1952304 S0881570 S0116200 NEG CARTUCHO BL5U,0.5,1.5,False
CAUXXX043,CARTULINA HILADA CARTA BLA 180GR,1.2,1.0,True
GOEXXX082,GOMA EVA LISA OFICIO VER HOJA,1.0,1.2,False
CAUXXX033,CARTULINA ESCOLAR 170GR CEL 65X100CM,1.2,1.0,True
CRJPEL002,CRAYON JGO PELIKAN MX JUMBO TRIANG JGO12U PELICRAYONES,1.5,1.0,True
LAPLYR114,LAPIZ LYRA 2055905 REMBRANDT CARBON 2B,1.2,1.0,True
PMNSWA002,PAP MANTEQ SWALENDER OFICIO,1.2,1.0,False
ATMXXX082,ATM AGUJA PLASTICO PUNTA ROMA,1.5,1.0,False
PBOXXX021,PAP BOND 67X87CM 75GR BLAN,1.2,1.0,True
PINCOD003,PINCEL CONDOR 456 NO 8 PELO CERDA,1.5,1.0,True
TEMPEL003,TEMPERA PELIKAN CO ESCOLAR 25CC JGO6U,1.2,1.0,True
LONMAP009,LONCHERA MAPED BOLSO 872101,0.5,1.0,True
CUAABC117,CUADERNO ABC ESP CARTA  CUADERNO DE RECETAS,0.5,1.0,True
XLIALG010,JOVEN TEATRO DE PAPEL EL DIARIO DE ANA FRANK,0.5,1.0,True
AGEV&R099,AGENDA V&R 2024 COHELO ANILLADA ,0.5,1.0,True
BLPBRW024,BLOCK POST BRW BA0303,1.5,0.5,True
MRJPEL019,MARCADOR JGO PELIKAN MX MARKANA TWIST TRIANGULAR JGO12U,1.5,1.0,True
PEGPEL003,PEGAMENTO PELIKAN MX EN BARRA PELIFIX 20G,1.2,1.0,False
TAJMAP006,TAJADOR MAPED 507100 BULBO,1.2,1.0,True
BOLPTL059,BOLIGRAFO PENTEL BX440 S CEL 1.0MM FEEL IT TRIANG RETRAC,0.5,1.0,True
LAPXXX001,LAPIZ SUPER SERGI VERDE,1.2,1.0,False
CNAFST015,CINTA ADHES FIVE STICK DOBLE FAZ 2PULG X 20YDS,1.5,1.0,False
CNDPGF005,CINTA DIUREX PEGAFAN 705 CRIST 3/4PULG X 72 YDS,0.7,1.0,False
CORFCB003,CORRECTOR FABER CASTELL CINTA 4MMX10MTS,1.2,1.0,True
CUAABC041,CUADERNO ABC EMPAST OFICIO RAYADO 100HJS,1.2,1.0,True
TIJIDL001,TIJERA IDEAL 7 1/2PULG,0.5,1.0,False
FUNXXX003,FUNDA PLAST CON BROCHE TRANSP OFICIO,0.5,0.7,True
PSESWA012,PAP SEDA 2304 NAR ORANGE NO5 50X75CM,0.7,1.2,True
CCHPEL003,CUCHILLA PELIKAN AL ESTILETE 1062F,1.5,1.0,False
FUNMDN001,FUNDA PLAST MADISON OFICIO,0.7,1.0,False
ENGLEY005,ENGRAPADOR LEYDEZ 390 CAP 100HJS METAL,1.5,0.5,True
PILPWO011,PILAS ALKALINAS POWER ONE P-AA/2 BL2U,0.5,1.0,False
TCHPEL002,TINT CHINA PELIKAN CO BLA 12CC,0.7,0.5,False
TCHPEL004,TINT CHINA PELIKAN CO ROJ 15CC,0.7,1.2,False
HJCABC057,HJA CARPETA ABC 3 PERF CUAD 5MM PQ200HJS,0.5,1.0,False
BOLPTL052,BOLIGRAFO PENTEL BX440 C AZU 1.0MM FEEL IT TRIANG RETRAC,0.7,1.0,False
PNAACR003,PINTUR  ACRILEX 03240/520 PVA NEG 37ML T/ROSADO,0.5,0.7,True
CAVUSG004,CARTAP VISOR USIGN US 152PD 1.5PULG 2A TIPO D A4 PLAST BLA,0.5,1.0,True
PLFPEL035,PLUMAFUENTE PELIKAN AL 821858 JAZZ NOBLE ELEGANCE  P36  PLATEADO,1.2,1.0,False
ATMXXX006,ATM GLOBOS,1.5,1.0,False
LCLPTL003,LAPIC COLOR PENTEL CB9 12U JGO12U HEXAG LARGO ACUARELABLE,0.7,1.0,False
BOLPTL063,BOLIGRAFO PENTEL BX427 D VER 0.7MM FEEL IT,1.5,0.7,True
CAUXXX031,CARTULINA ESCOLAR 170GR AMA 65X100CM,1.0,0.7,True
PBOPRM002,PAP.BOND PRISME COLOR T/OFICIO 12 COL.80GR.PQ/500HJS,1.5,1.0,False
CUAABC123,CUADERNO ABC ESP CARTA PUNTEADA 100HJS TAPA DURA,0.7,1.0,True
PDUFST002,PORTADIUREX FIVE STICK EMBALAJE METALICO,1.0,0.7,False
CUAABC036,CUADERNO ABC ESP CARTA RAYADO 100HJS CON MARGEN,1.2,1.0,True
CUAABC114,CUADERNO ABC ENGRAP 50 HJS CUADRIC 5MM CARTA,1.5,1.0,True
LAPSTB016,LAPIZ STABILO 398 HB TRIO NEG LARGO GRUESO,1.2,1.0,True
PLAPEL028,PLASTILINA PELIKAN MX JGO10U PASTEL 180G 06700004,0.5,1.0,False
FOLMDN001,FOLDER MADISON T 5 OFICIO PLAST,1.0,1.2,False
BOLLEY002,BOLIGRAFO LEYDEZ 07MM NEGRO PUNTA METAL,1.2,0.5,False
TAJGNR001,TAJADOR GEN METAL ESCOLAR (CJ24U),1.2,1.0,False
TTMATS002,TINT TAMPO ARTESCO AZU 30ML,0.5,1.5,True
BOLPEL095,BOLIGRAFO PELIKAN AL 821773 JAZZ ELEGANCE NOBLE K36 CARBON,1.5,1.0,False
PILPWO012,PILAS ALKALINAS POWER ONE P-AA/4 BL4U,1.2,1.0,False
CUAABC106,CUADERNO ABC ESP CARTA 100HJS BLA,0.5,1.0,False
FOLIDL001,FOLDER IDEAL OFICIO PLAST,1.2,1.0,False
BLDPEL010,BLOCK DIBUJ PELIKAN AL A4 25HJ 170GSM 21X29.7CM 236805,0.5,1.0,True
ETLXXX018,ESTUCHE DE LAPICES DOBLE MONTESSORI,0.7,1.0,False
ORGMDN001,ORGANIZ ESC MADISON METALICO 8645 3 DIV,0.5,1.0,True
LCLPEL033,LAPIC COLOR PELIKAN MX 30330324 PINTALOCO TRIANG 29MM LARGO JGO12U,0.5,1.0,True
BLPXXX009,BLOCK POST NEON 5 COLOR 2X3PULG 51X76MM,0.7,1.0,False
FORRIC027,FORRO RICOR OFICIO PLAST ROJO,1.0,0.5,False
CNEPGF004,CINTA EMBAL PEGAFAN 740 TRANSP 48MM X 110YDS,0.7,1.0,False
ARCXXX002,ARCHIVADOR RAPIDO CARTA MEC PLAST,1.2,1.0,True
SEPUSG001,SEPARADOR USIGN US 005 A4 JGO 1 A 5 NUM,1.5,1.0,False
MCPSTB120,MICROPUNTA STABILO 88 98 GRIS PAYNES POINT 88,1.2,1.0,True
TTMLEY003,TINT TAMPO LEYDEZ ROJO 30ML,1.5,1.0,False
PDOUSG006,PORTADOCUM USIGN US 4305G PLAST LIGA OFICIO,0.7,1.0,True
LAPLYR083,LAPIZ LYRA 1730101 NEG B EASY LEARNER MINA 37MM ,1.5,1.0,True
BOLUNI010,BOLIGRAFO SIGNO SPARKLING ROJ BRILLANTINA 120SP 40,1.2,1.0,False
LAPLYR040,LAPIZ LYRA 1210101 2510 NEG B=1 ROBINSON,0.7,1.0,False
PCAMLC001,PAP CARBON MILCAR AZU OFICIO PREMIUM QUALITY,1.5,1.0,True
TAMPEL009,TAMPO PELIKAN PE 2K VIO,1.2,1.0,False
CNAPGF020,CINTA ADHES PEGAFAN DUCT TAPE 2 X 10 YDS PLATEADO,1.2,1.0,False
PDOUSG003,PORTADOCUM USIGN US 4303 PLAST LIGA 26X14CM,0.5,1.2,True
PEGMNP013,PEGAMENTO MONOPOL CARPICOLA 40ML.ESC.(PQ/60U),0.5,1.0,False
TAJMAP023,TAJADOR MAPED 043111 2 ORIF PEPS,0.7,1.5,False
AGEEPA067,AGENDA E.PAULINAS 2024 MI AGENDA,1.0,1.2,False
XLLALR008,EL SAPO QUE QUERIA SER ESTRELLA,1.5,1.2,False
PBOCHM003,PAP.BOND CHAMPION COLOR T/CARTA 10COL.75GR.PQ/500HJS,0.5,1.0,True
BOLPIL009,BOLIGRAFO PILOT BPP GPL F AZU 0.7MM SUPER GRIP LIGHT,1.0,1.2,True
TTMPEL015,TINT TAMPO PELIKAN CO 4K 30CC 14420707 NEG,1.2,1.0,True
ETQXXX004,ETIQUETAS ESCOLAR LAMINA DE 5U,0.5,1.0,False
LCLSTB043,LAPIC COLOR STABILO 1400 311 CARBOTHELLO ROJO CARMIN MEDIO,0.5,1.0,True
FOLUSG009,FOLDER USIGN US A30 A4 PLAST CON 30 FUNDAS,0.5,1.0,True
LIGALL013,LIGAS ALLIANCE NO19 DE 1 LIBRA,1.2,1.0,False
PBOCHM004,PAP.BOND CHAMPION COLOR T/OFICIO 10COL.75GR.PQ/500HJS,1.5,0.7,True
FOLDEL154,FOLDER DELLO 0272.04.0025 FOLLAGEN ALA OFICIO,1.2,1.0,True
LAPLYR048,LAPIZ LYRA 960SB04 3968001 FLUOR MEGALINER 96 JGO4COLOR,1.5,1.0,False
FOLVIN008,FOLDER VINIFAN DOBLE TAPA OFICIO AZUL GUS,1.5,1.0,True
FORRIC023,FORRO RICOR OFICIO PLAST CAFÉ,0.7,1.0,True
DETPEL001,DETECTOR PELIKAN MX MARKADATA BILLETE FALSO,1.2,1.0,True
CCTMAD003,CAJA CARTON 164201 BLA  38X308X26CM,1.5,1.0,False
AGEXXX020,AGENDA 2024 CLASICA BASIC BCP 14X20 CONFETTI,0.5,1.0,False
PILDRC013,PILAS DURACELL AA BI1U,1.2,1.0,True
CAUPEL003,CARTULINA PELIKAN MX FLUOR NAR 48X66CM,1.5,1.0,True
BLPXXX013,BLOCK POST AMA 3X3PULG 76X76MM,1.5,1.0,False
CLBLEY111,CLIP BIN LEYDEZ 41MM O 1 5/8 CJ12PZ,0.5,1.0,True
ACCART003,ACCESORIOS ARTI TACF00015 OJITOS X 52 PZS,1.5,1.0,True
BOJPRK023,BOLIGRAFO JGO PARKER 2093258 Y PLUMA JOTTER CROMADO CON CLIP CROMADO,1.5,1.0,True
TAMATS002,TAMPO ARTESCO AZU,1.5,1.0,True
ARCLEY009,ARCHIVADOR LEYDEZ INICIAL ROJO 345X265X5CM,0.5,1.0,True
SEPUSG002,SEPARADOR USIGN US 010 A4 JGO 1 A 10 NUM,0.5,1.0,False
TAMPEL001,TAMPO PELIKAN MX DACTILAR,0.7,1.0,True
PBORPO002,PAP BOND REPROGRAF BLAN 75GR OFICIO PQ500HJS,0.5,1.0,True
ATMXXX001,ATM LENTEJUELAS,0.5,1.0,False
PNAACR002,PINTUR  ACRILEX 03240/519 PVA BLA 37ML T/ROSADO,1.2,1.0,False
MRJPEL002,MARCADOR JGO PELIKAN AL COLORELLA TWIN 949511 JGO10U,1.5,1.0,False
CCDXXX010,CD SANKEY 700MB 80MIN,1.2,1.0,False
MRDMRK001,MARCADOR MARKO AZU PARA CD DOBLE PUNTA,1.2,0.5,True
PCSABC001,PAP CONST ABC 10 COL CARTA BLOCK10HJS,1.5,1.0,True
TAJPEL006,TAJADOR PELIKAN MX 2 ORIFICIOS C DEP PLASTICO MOD 405,1.2,1.0,False
PITXXX012,PITA OVILLO BLANCO 75GR 80MTS,1.2,1.0,True
ARCABC002,ARCHIVADOR ABC RAPIDO SIMPLE,1.0,1.5,False
HJCABC022,HJA CARPETA ABC 3 PERF CUAD 5MM PQ500HJS,1.2,1.0,True
RESPEL035,RESALTADOR PELIKAN MX 214 ROS TEXMARKER,1.2,1.0,True
PLAPEL005,PLASTILINA PELIKAN MX 180G AZUL,0.5,1.0,True
RESFBC004,RESALTADOR FABER CASTELL B AZU TEXMARKER 49,0.7,1.0,False
ATMXXX016,ATM MANDIL PRE ESCOLAR,0.7,1.2,False
AGEVR093,AGENDA V&R 2024 SOLO PARA CHICAS ,1.5,1.0,False
DVDXXX008,DVD SANKEY DVD R 4.7GB 120MIN,0.7,1.5,True
MCPPEL004,MICROPUNTA PELIKAN MX TECHNO LINER 86 NEG 0.4,0.7,1.0,True
REGXXX008,REGLA METALICA 60CM,1.2,1.0,False
ALHATS002,ALMOHAD ARTESCO ECO,0.5,1.0,True
FOLUSG001,FOLDER USIGN US LW 320T CARTA PLAST,1.5,1.0,True
BOLPEL068,BOLIGRAFO PELIKAN AL 812627 JAZZ PASTEL K36 MENTA,1.5,1.0,True
BOLPEL001,BOLIGRAFO PELIKAN MX POINTEC NEG 1.0MM,0.7,1.0,True
BOLPTL090,BOLIGRAFO PENTEL BX420 P ROS 1.0MM FEEL IT RETRAC,0.5,1.0,False
PSSPTL006,PASTELES PENTEL PTS 15BNABP JGO15U Y MARCADOR TELA,1.2,1.0,True
ALMLEY001,ALFILER MAP LEYDEZ PUSH PINS COL CJ100U,1.5,1.0,False
GOMPEL012,GOMA BORRAR PELIKAN MX TIPO  LAPIZ CLICK ERASER NEGRO 06380000,1.5,1.0,True
PERATS001,PERFORADOR ARTESCO M 99A 3 Y 4 PERFORACIONES,1.2,1.0,False
ARCLEY051,ARCHIVADOR LEYDEZ PALANCA AZU PLAST,1.2,1.0,True
PKRXXX002,PAP KRAFT 80GR 125X81CM,0.7,1.0,True
ENGRAP039,ENGRAPADOR RAPID F1 PLIERS CAP 20HJS AZU 23191902,0.7,1.0,False
PCDUSG003,PORTACDS USIGN US 25D POCKETS CAP2U,0.7,1.5,True
RESSTB001,RESALTADOR STABILO 70/24 AMA BOSS GRUESO,1.0,0.5,True
RESPEL045,RESALTADOR PELIKAN CO 041 900 520 MENTA FLASH PASTEL GRUESO,0.5,1.0,False
PORPIL003,PORTAMINA PILOT H 145 0.5MM BETTER,0.7,1.0,False
TEXABC002,TACO EXFOL ABC 2020,1.5,1.0,True
MINPEL001,MINA PELIKAN MX NEG 0.5MM HB,1.2,1.0,True
AGEEPA064,AGENDA E.PAULINAS 2024 VIVIR ES..T/FLEXIBLE,1.0,1.2,False
TIJGNR001,TIJERA GEN ZIC ZAC DIF MOD (24U),1.5,1.0,False
ACUPTL001,ACUARELA PENTEL ARTS WFRS 12 12COL X 5ML,1.2,1.0,True
CCTMAD005,CAJA CARTON 164203 CAF 65.7X38X32.5CM,1.2,1.0,True
PMAXXX001,PAP MADERA 100X70CM 45GR,1.5,1.2,True
XCLBTN038,LUCECITAS EL CUMPLEAÑOS DEL PEZ RUFO ART,0.5,1.5,False
TTMTRX003,TINT.TAMPO TRAXX 7011 AZUL,1.5,1.0,False
GOEXXX072,GOMA EVA LISA OFICIO LILA,1.0,1.5,False
PAAXXX006,PAP ARAÑA AMA 50X80CM,1.0,1.5,False
FUNXXX008,FUNDA PLAST OFICIO TIPO L DIF COLOR,0.5,1.2,True
BOLPTL066,BOLIGRAFO PENTEL BX427 S CEL 0.7MM FEEL IT,0.5,1.0,True
PCRXXX006,PORTACREDEN HORIZONTAL,1.2,1.0,True
PITXXX006,PITA LANA DIF COLORES,0.7,1.0,False
PEGUHU001,PEGAMENTO UHU EN BARRA 8G,0.5,1.0,True
MRDMON003,MARCADOR MON AMI AZU PERM CD,0.7,1.0,True
MRASTB002,MARC AGUA STABILO 641 46 NEG PLAN,1.2,1.0,False
PDOTAR001,PORTADOCUM TARA 03707 LIGA CARTON 17X22PULG ARTISTA,1.5,1.0,False
FOLDEL166,FOLDER DELLO PLAST 1/2 OFICIO 0440.R.0050 FULL COLOR VIOLETA C. LIGA,0.7,1.0,False
GRAMXO001,GRAPAS MAXOFFICE ZINC 24/6 1000U,0.5,1.0,False
ENGRAP042,ENGRAPADOR RAPID CAP 20HJS PLAST NEG 5000191,0.7,1.0,True
INAXXX001,INDICE ARCH PALANCA,1.0,1.5,True
ETQPGF003,ETIQUETAS PEGAFAN VER FLUOR 19X25MM BL102U,1.2,1.0,True
TCRLAP004,TAPA CARPETA CARTON C/DISEÑO,0.5,1.0,True
ETGATS001,ESTUCHE GEOMÉTRICO ARTESCO CRISTAL 30CM,1.2,1.0,False
TIJVIN004,TIJERA VINIFAN ANIMALITOS TIGRE,0.7,1.0,False
ENGRAP041,ENGRAPADOR RAPID SO60 CAP 60HJS METAL NEG ROJ 50005540,1.0,0.7,True
MCPPIL048,MICROPUNTA PILOT BL SG 5 NEG 0.5MM SUPER GEL,1.0,0.5,True
SELTRO138,SELLO TRODAT 1010 FECHADOR,0.7,1.0,False
GOEXXX080,GOMA EVA LISA OFICIO ROS,0.7,1.0,False
CAUFLI051,CARTULINA FOLIA COLOR MONTAJE 50X70CM,0.5,1.2,True
GOMFBC001,GOMA BORRAR FABER CASTELL 186150,1.5,1.0,False
PSSPTL003,PASTELES PENTEL PHN 16 JGO16U,0.7,1.0,False
ETLLEY002,ESTUCHE LAPICES LEYDEZ DOBLE DE LONA,1.2,1.0,True
TTMPEL013,TINT TAMPO PELIKAN CO 4K 30CC 3022 AZU,0.5,1.0,False
CNMPEL034,CINTA MAQ PELIKAN MX BICOLOR ESCRIBIR SIMPLE,0.7,1.0,True
CNKPGF007,CINTA MASK PEGAFAN 500 ESC 3/4PULG X 25YDS,0.5,1.0,False
FOLAVR014,FOLDER AVERY 47796 NEG VIEW CARTA,1.2,1.0,False
TAPXXX007,TAPA PLAST ENCUADER CARTA TRANSP,1.2,1.0,False
AGEV&R098,AGENDA V&R 2024 VERA PARA QUERERTE BIEN,0.5,1.0,True
FOLDEL018,FOLDER DELLO 0242.C.0050 DELLOFINE AZU. LOMO 2 CMS OFICIO,1.5,1.0,True
BOLPEL052,BOLIGRAFO PELIKAN MX LOCORRIJO NEG GEL 0.7MM,1.2,1.0,False
LACPEL001,LACRE PELIKAN MX BARRA DE CERA 200124 ROJ,1.2,1.0,True
MRJPTL036,MARCADOR PENTEL SES15C BRUSH SIGN JGO 6PCS BXCXAXDXFXYX,1.5,1.0,False
BLPXXX001,BLOCK POST 1X4CM SURTIDO JGO 5COL,1.2,1.5,True
PLUXXX006,PAP LUSTROSO AZU OSC 50X70CM,0.5,1.0,False
FOLDEL086,FOLDER DELLO PLAST 1/2 OFICIO 0252.A.0050 AMARILLO C. LIGA,1.0,0.5,False
LAPLYR106,LAPIZ LYRA 2051112 REMBRANDT CHARCOAL SET CAJA METAL 12U,0.7,1.0,False
TTMPEL006,TINT TAMPO PELIKAN MX ROLL ON VER 60ML,0.5,0.7,True
BLDCNS006,BLOCK DIBUJO CARTULINA MI TIENTES CANSON 30HJS 160GR 24 X 32 CMC400030144  ,1.5,1.0,False
LAPLYR102,LAPIZ LYRA 2050958 REMBRANDT SANGUINEA OIL,1.0,1.2,True
PREUSG004,PORTAREVIS USIGN US 2006A 07A TRIC4 PLAST 3DIV,1.2,1.0,False
ETQXXX005,ETIQUETAS ESCOLAR LAMINA DE 10U,0.5,1.0,True
TAJPEL001,TAJADOR PELIKAN MX V BLADE 1 ORIFICIO DEPOSITO,0.7,1.0,True
CUAABC108,CUADERNO ABC ESP 1/2 OFICIO RAYD 100HJS MARG,1.2,1.0,True
RBLPEL004,RPTO BOLIG PELIKAN AL 095 931 246 AZUL PUNTA M JUMBO,0.7,1.0,False
BOLPIL045,BOLIGRAFO PILOT BP 1RT F NEG RETRACTIL,1.2,1.0,True
LIBABC005,LIBRETA ABC ESP CUAD 5MM 1/4 OFICIO PQT 3PCS,0.7,1.0,True
GRARAP013,GRAPAS RAPID COBRE 24862100 26/6 CJ5000U,1.5,1.0,False
BLPBRW001,BLOCK POST BRW BA0200 ZOO,0.7,1.0,True
GRIKEY001,GRIP P/LAPIZ KEYROAD KR971540  FCO DE 48UNI,0.7,1.2,True
ETQPGF008,ETIQUETAS PEGAFAN ROJ FLUOR 19X13MM BL500U,1.2,1.0,False
MCPPTL075,MICROPUNTA PENTEL BL437R A NEG 0.7MM ENERGEL RETRACT,0.7,1.0,False
SENATS001,SEÑALADOR ARTESCO AZU ESTANDAR 15CM PLAST,1.2,1.0,False
LCLSTB015,LAPIC COLOR STABILO 1400 305 CARBOTHELLO BERMELLON,1.2,1.0,False
MCPPTL037,MICROPUNTA PENTEL BL107 DX VER 0.7MM ENERGEL X RETRAC,0.7,1.0,True
FOLVIN005,FOLDER VINIFAN DOBLE TAPA OFICIO ROJO GUS,0.5,1.0,False
LAPSTB020,LAPIZ STABILO 282 2B OTHELLO NEG,0.5,1.0,False
PINCOD001,PINCEL CONDOR 456 NO 4 PELO CERDA,1.2,0.7,False
REGMAP003,REGLA MAPED 245601 30CM STUDY FANCY,1.0,0.5,True
BLPBRW014,BLOCK POST BRW BA0603 PET,0.7,1.0,False
CAUXXX046,CARTULINA HILADA CARTA CREMA 180GR,1.0,0.7,False
FOLUSG012,FOLDER USIGN US 131 AL OFICIO TAPA PLAST,1.5,1.0,True
BOLUNI016,BOLIGRAFO SIGNO SPARKING PLATEADO BRILLANTINA 120SP PL,1.2,0.7,False
MCPPTL071,MICROPUNTA PENTEL BL417 KX VER LIM 0.7MM ENERGEL,1.5,1.0,False
PCSABC002,PAP CONST ABC 10 COL DOBLE CARTA BLOCK10HJS,0.5,1.0,False
PLUXXX022,PAP LUSTROSO CON DISEÑO,1.5,1.0,False
XXESOP001,DICC ITER SOPENA LENG ESP  BRUÑO,0.7,1.0,False
FOLVIN011,FOLDER VINIFAN DOBLE TAPA OFICIO MARRON GUS,0.5,1.0,True
CALCAS007,CALCULADOR CASIO FX 570ES PLUS CIENTIFICA,1.2,1.0,True
AGEXXX024,AGENDA 2024 CLASICA MEDIA OURO 12X17 CONFETTI,1.2,1.0,False
GOMPEL001,GOMA BORRAR PELIKAN MX BR 80 MIXTA,0.5,1.0,False
MCPPTL074,MICROPUNTA PENTEL BL437R C BLUE 0.7MM ENERGEL RETRACTIL,1.2,0.7,True
TAJMAP027,TAJADOR MAPED Y GOMA 049121 LOOPY FUL COLOR,0.7,1.0,False
MCPPTL070,MICROPUNTA PENTEL BL417 EX CAFÉ 0.7MM ENERGEL,0.7,1.0,False
RESPEL051,RESALTADOR PELIKAN CO 041 900 580 ACERO FLASH PASTEL GRUESO,0.7,1.0,True
GOEXXX064,GOMA EVA LISA OFICIO AMA,0.5,0.7,True
LAPSTB025,LAPIZ STABILO 282 5H OTHELLO NEG,0.7,1.5,True
GOMPTL003,GOMA BORRAR PENTEL ZEHE 03 HI POLYMER,0.5,1.0,True
LAPLYR045,LAPIZ LYRA 1110107 669 NEG 7B ART DESIGN,1.5,1.0,False
PTLXXX003,PORTALAPIZ MALLA METALICA,0.7,1.2,True
SELTRX001,SELLO TRAXX NO2 D20 50 FECHADOR 5MM,0.5,1.0,False
PAAXXX014,PAP ARAÑA MOR 50X80CM,1.5,1.0,True
CUAABC073,CUADERNO ABC ESP CARTA CUAD 4MM 100HJS,0.5,1.0,False
FORVIN001,FORRO VINIFAN 5M OFICIO,1.2,1.0,True
PILPWO001,PILAS ALKALINAS POWER ONE P-AAA/2 BL2U,0.7,1.0,False
BLPHOA002,BLOCK POST HOPAX 21006 AMA 3X2PULG 76X51MM,1.5,1.0,False
LCLPTL002,LAPIC COLOR PENTEL CB8 24U JGO24U HEXAG LARGO,0.7,1.0,False
BLPXXX014,BLOCK POST NEON 3 X 4PULG 101X76MM (CJ/12U.) ,1.5,1.2,True
PARXXX010,PAP.REGALO M.INT. NAVIDEÑO,0.5,1.0,True
MFOPEL006,MASA FOAMY 50G MAG 06740106,1.5,1.0,False
MFOPEL007,MASA FOAMY 50G MORADO 06740146,1.2,1.0,True
CNABRW001,CINTA ADH BRW WT0505,0.5,1.0,False
PCLATS002,PORTACLIPS ARTESCO 24 020 CILINDRICO IMAN,1.2,1.0,True
CAEEPA033,CALENDARIO E.PAULINAS 2024 PROGRAMADOR DE ESCRITORIO 365 DIAS TAPA DUPLEX,0.7,1.0,True
ATMXXX088,ATM OJOS MOVILES,1.2,1.0,False
FOLMDN008,FOLDER MADISON 7308 OFICIO PLAST FUCSIA,0.7,1.0,True
RFLPRK003,RPTO FLOAT PARKER 117903 S0881250 AZU M,0.5,1.0,True
PEGMER001,PEGAMENTO MERLETTO EN BARRA 21G,1.2,1.0,True
CATOXF006,CARTAP OXFORD 88 7320 2PULG 3A CARTA PLAST NEG,0.5,1.0,False
MCPPTL062,MICROPUNTA PENTEL BLN415 BX ROJ 0.5MM ENERGEL,1.5,1.2,True
CNEFST001,CINTA EMBAL FIVE STICK TRANSP 100YDS,0.5,1.0,True
LAPATS003,LAPIZ ARTESCO BICOLOR ROJ AZU,0.5,1.0,False
PAPDEL006,BANDEJA DELLO DOBLE ARTIC. 3043.G.0006 GRIS,0.5,1.0,True
FGAART011,FIGURAS ADH ARTI TACF00011 PELOTAS X 20 PZS GOMA EVA,0.7,1.0,True
RESSTB038,RESALTADOR STABILO 07 50 07 MINI,0.5,1.0,True
JUEART018,JUEGO ARTI TACJUEDI029 FINGER PUPPET,0.5,1.0,True
MRDPTL021,MARCADOR PENTEL N460 A NEG PERM RECARG PTA BISEL,0.5,1.0,False
AGEXXX017,AGENDA 2024 MEDIA COS 12X17 CONFETTI,1.2,0.7,False
RESSTB029,RESALTADOR STABILO 70/155 LILA PASTEL BOSS GRUESO,0.7,1.0,False
GRARAP005,GRAPAS RAPID COBRE 24861500 26/6 CJ1000U,1.2,1.0,True
GRAMDN002,GRAPAS MADISON NO 10 CJ1000U,1.2,1.0,False
PILPWO041,PILAS ALKALINAS POWER ONE BATERIA P-9V/1 BL1U,0.7,1.0,False
MRDDXX002,MARCADOR PERM  DX-3000 NEG,1.5,0.7,True
ETQPGF053,ETIQUETAS PEGAFAN BLA A4 004 25X63MM HJA 33ETQ CJA 50HJ,0.5,1.0,False
CUBADP008,CUBO PAPEL ARDIP NO100 TRADICIONAL PQ500HJS,0.5,1.2,False
BOLPIL004,BOLIGRAFO PILOT BP S NEG FINO,0.7,1.0,True
LIEXXX011,LIENZO PREPARADO 40X40CM,0.7,1.2,True
BOLPTL053,BOLIGRAFO PENTEL BX440 A NEG 1.0MM FEEL IT TRIANG RETRAC,0.5,1.0,True
BOLPTL057,BOLIGRAFO PENTEL BX440 P ROS 1.0MM FEEL IT TRIANG RETRAC,0.7,1.0,True
MCPPIL071,MICROPUNTA PILOT BL FR7 R ROJ FRIXION 0.7MM,1.0,1.5,False
MRDPTL028,MARCADOR PENTEL N450 F NAR PERM RECARG PTA REDONDA,1.5,1.0,False
MFOPEL003,MASA FOAMY 50G AZU CLARO 06740129,1.5,1.0,True
MFOPEL005,MASA FOAMY 50G CAF 06740115,1.2,1.0,False
MRJPEL008,MARCADOR JGO PELIKAN MX COLORELLA 30111853 MAGICO JGO12U,1.2,1.0,False
TIJPEL010,TIJERA PELIKAN MX 080000141 PRE ESCOLAR 5PULG PLASTICA,0.7,1.0,False
MCPSTD016,MICROPUNTA STAEDTLER 404 ROJ. 0.4MM SILVERBALL,1.2,1.0,True
AGEXXX025,AGENDA DISNEY PERPETUA,0.7,1.0,False
PORPTL048,PORTAMINA PENTEL AZ125R D E SHARP 0.5MM VER,0.5,1.0,True
TAJMAP028,TAJADOR MAPED Y GOMA 049131 LOOPY FANCY,1.5,0.7,True
PINPTL034,PINCEL PENTEL ZBS6-08E N° 8 PELO CABRA PLANO,0.5,1.2,False
CAUXXX014,CARTULINA 180GR NEG 70X100CM,0.7,1.0,False
BOLBEI001,BOLIGRAFO BEIFA AA927 NEG,0.5,1.0,False
LRGABC003,LIBRO REGIS ABC ACTAS 200HJS OFICIO,0.5,1.0,True
XLNHOG198,ONIR,0.7,1.0,False
PCEXXX004,PAP CELOFAN ROJ 76X102CM,1.2,1.0,True
CNDPGF004,CINTA DIUREX PEGAFAN 705 CRIST 1/2PULG X 72YDS,0.7,1.0,True
MINPTL010,MINA PENTEL C277S HB NEG 0.7MM STEIN,1.2,1.0,False
LAPLYR110,LAPIZ LYRA 2051952 REMBRANDT SEPIA LDARK OIL,1.0,1.5,False
ETQAVR106,ETIQUETAS AVERY 5164 BLA 102X86MM 3 1/3X4PULG LASER,1.5,1.0,False
PBOKHL004,PAP BOND KOEHLER BLAN OFICIO 90GR TRAMADO,0.7,1.0,True
FOLAVR003,FOLDER AVERY V011N AZU TIPO L VIEWFILE CAR PZ,1.2,1.0,False
MRJPEL021,MARCADOR JGO PELIKAN CO COLORELLA 041530109 STAR JUMBO PASTEL JGO8U,0.7,1.0,False
MCPPTL040,MICROPUNTA PENTEL BLN105 CX AZU 0.5MM ENERGELX RETRAC,0.5,0.7,True
BSAXXX009,BOLSA DE REGALO MEDIANO,1.2,1.0,False
MCPPIL072,MICROPUNTA PILOT BL FR5 L AZU FRIXION 0.5MM,1.2,1.0,False
MCPPTL048,MICROPUNTA PENTEL BL417 BX ROJ 0.7MM ENERGEL,1.5,1.0,True
XLIGIS007,LA TURQUESA Y EL SOL,1.2,1.0,True
FICABC002,FICHA CARTU ABC BLA 165X105MM PQT100PCS,1.5,1.0,False
TAJMAP004,TAJADOR MAPED 534756 2 USOS I GLOO,0.5,1.0,False
PITXXX013,PITA ALGODON CREMA OVILLO 80GR,0.5,1.0,True
TABLEY002,TABLERO LEYDEZ CAMPO OFICIO,0.5,1.0,False
XCLGIS003,UNA ALICIA CIEN MARAVILLAS DEL PAIS,1.2,1.0,True
LAPLYR061,LAPIZ LYRA 1110102 669 NEG 2B ART DESIGN,1.5,1.0,False
PERISO006,PERFORADOR ISOFIT PP25 CAP 25HJS,1.5,0.5,True
ATMXXX018,ATM PURPURINA,1.0,0.5,False
PEGUHU054,PEGAMENTO UHU 35710 CARPICOLA 250GR,1.5,1.0,True
PNAACR007,PINTUR  ACRILEX 03240/528 PVA LILA 37ML T/ROSADO,0.7,1.0,False
LAPLYR080,LAPIZ LYRA 1110104 669 NEG 4B ART DESIGN,1.5,1.0,True
BOLPRK090,BOLIGRAFO PARKER 1953186 JOTTER AZU CLIP CROMADO,0.7,1.0,True
TAJMAP022,TAJADOR MAPED 017711 CROC CROC SIGNAL,0.7,1.0,False
BSAMDF003,BOLSA ECOLOGICA MODA FASHION DE LONA 36X38 CM CON FUELLE 6.5 CM CRUDO,0.7,0.5,False
PCPHOB005,PAP CREPE HOBBY ROJ 48X200CM,0.7,1.2,True
TTMPEL020,TINT TAMPO PELIKAN PE 4K VIO 28ML,1.5,1.0,True
ATMXXX055,ATM CORDON PARA CARPETA PUNTA PLASTICA,0.7,1.0,False
CAVTLB003,CARTAP VISOR TALBOT 1 PULG 2A TIPO D OFICIO T-10417 PLAST BLA,0.7,1.0,True
PNLACR004,PINTUR TELA ACRILEX 541 VERMELHO VIVO CORRIENTE,1.2,1.0,False
PBOXXX104,PAP BOND 75GR BLAN A3,1.5,1.0,True
PEGXXX006,PEGAMENTO SILICONA LIQUIDA 100ML,0.7,1.0,True
CCDXXX001,CD CD R 210MB 24MIN MINI DISC,1.5,1.2,True
CAUFLI034,CARTULINA FOLIA 6222 100 26 FOTO MONTAJE 50X70CM,1.5,1.0,False
LCLLYR071,LAPIC COLOR LYRA 2881120 GRADUATE AQUARELL JGO12U CAJA MET,1.5,1.2,True
LCLSTB013,LAPIC COLOR STABILO 1400 405 CARBOTHELLO AZUL ULTRAMAR,1.2,1.0,True
LCLSTB060,LAPIC COLOR STABILO 1400 640 CARBOTHELLO VIOLETA PALIDO,1.0,1.5,True
PEGMER002,PEGAMENTO SILICONA LIQUIDA 250ML,1.2,1.0,True
MCPPTL081,MICROPUNTA PENTEL BL437R K VER CLARO  0.7MM ENERGEL RETRACT,1.5,1.0,True
CCTMAD004,CAJA CARTON 164202 CAF 39X3290X29CM,1.5,1.0,True
BOLPTL087,BOLIGRAFO PENTEL BX420 C AZUL 1.0MM FEEL IT RETRAC,1.5,1.2,False
MCPPEL021,MICROPUNTA PELIKAN AL 96 10 FINELINER JGO10U,1.2,1.0,True
TAJSTB001,TAJADOR STABILO 4548/12  1 ORIFICIO PARA LAPIZ WOODY ,0.5,1.0,True
PDOUSG005,PORTADOCUM USIGN US 4162G PLAST OFICIO LIGA,1.0,0.7,True
PLUXXX023,PAP LUSTROSO 12X12CM BLOC 12HJS,1.2,1.0,False
MCPEFA001,MICROPUNTA E FABER 60272 ROJ PINPOINT,0.5,1.5,True
PEGUHU037,PEGAMENTO UHU 40936 HART LIQUIDO 35ML,1.5,1.0,False
RESPTL008,RESALTADOR PENTEL S515 F NAR DELG,0.7,1.0,False
MRDPEL015,MARCADOR PELIKAN MX MARKATODO BLAN PTA GRUESA,1.5,1.0,True
ENGGNR001,ENGRAPADOR GEN BS1038A MINI 26/6 24/6,0.7,0.5,True
BOLPTL046,BOLIGRAFO PENTEL BX487 B ROJ  0.7MM FEEL IT,1.5,1.0,True
ETQPGF007,ETIQUETAS PEGAFAN VER FLUOR 19X13MM BL500U,1.2,1.0,False
BSAXXX001,BOLSA DE REGALO 24X19CM,1.2,1.0,True
SOBLAP002,SOBRE LAPAP. BLA. T/ESQUELA (CJ/1000 PZ),0.7,1.0,False
BOLPEL098,BOLIGRAFO PELIKAN AL 821797 JAZZ ELEGANCE NOBLE K36 PLATEADO,0.5,1.0,False
TCRLAP003,TAPA CARPETA LAPAP COLOR PLENO,0.7,0.5,True
PEGMNP016,PEGAMENTO MONOPOL CARPICOLA 250 ML.(PQ/24U.),0.7,1.0,False
PUNXXX002,PUNTERO LASER METALICO,1.5,1.0,True
CNKPGF010,CINTA MASK PEGAFAN 500 ESC 2PULG X 25YDS,1.2,1.0,False
TIJPEL001,TIJERA PELIKAN MX ESCOLAR 5PULG ,0.7,1.0,False
FOLVIN003,FOLDER VINIFAN OFICIO PLAST,0.7,1.0,True
CCHPEL005,CUCHILLA PELIKAN AL ESTILETE 1062M,1.2,1.0,False
ETQPGF052,ETIQUETAS PEGAFAN BLA A4 003 25X99MM HJA 22ETQ CJA 50HJ,0.7,1.0,False
LCLLYR072,LAPIC COLOR LYRA 2881240 GRADUATE AQUARELL JGO24U CAJA MET,1.2,1.0,False
SACATS001,SACAGRAPA ARTESCO E08B,0.5,1.0,False
CLBIDL001,CLIP BIN IDEAL 41MM O 1 5/8,1.2,1.0,False
ARCXXX003,ARCHIVADOR RAPIDO OFICIO MEC PLAST,1.5,1.0,False
CUAABC018,CUADERNO ABC ENGRAP 50HJS CUAD 5MM,0.5,1.0,False
MRJPEL016,MARCADOR JGO PELIKAN MX MARKANA TWIST JGO12U,1.2,1.0,True
PAAXXX009,PAP ARAÑA LILA 50X80CM,0.7,1.0,False
CNKPGF020,CINTA MASK PEGAFAN 19MM X 10MT PQ4COL,1.2,1.5,True
MCPSTB059,MICROPUNTA STABILO 88 024 AMA NEON POINT 88,0.5,1.0,True
MCPSTB095,MICROPUNTA STABILO 88 26 CARNE CLARO POINT 88,1.2,1.0,True
ETGPEL001,ESTUCHE GEOMETRICO PELIKAN MX 15540101 JGO5PZ DE 30CM,0.7,1.0,False
SETPEL060,SET LAPIZ PELIKAN AL 811149 SILVERINO 3 LAPICES 2 HB TRIANGULAR,1.2,1.0,False
PNLACR008,PINTUR TELA ACRILEX 519 BLA CORRIENTE,0.5,1.0,True
FGAART006,FIGURAS ADH ARTI TACF00006 CORAZONES GLITTER X 45 PZS GOMA EVA,0.5,1.0,True
MRDUNI015,MARCADOR UNI PIN 01 200 FINE LINE LIGHT GREY ,1.2,0.5,False
MRDUNI019,MARCADOR UNI PIN 01 200 FINE LINE SEPIA ,0.7,1.0,False
ACUPTL003,ACUARELA PENTEL ARTS HTP18 18COL X 6ML,0.5,1.0,False
CNEPGF005,CINTA EMBAL PEGAFAN 740 TRANSP 48MM X 200YDS,0.5,1.2,False
BLPHOA003,BLOCK POST HOPAX 21007 AMA 3X3PULG 76X76MM,0.7,1.0,True
PCEXXX007,PAP CELOFAN DIF COLOR  76X102CM,0.5,1.0,False
BOJPEL003,BOLIGRAFO JGO PELIKAN AL 821919 Y PLUMA JAZZ NOBLE ELEGANCE SILVER,0.7,1.0,True
CUAABC120,CUADERNO ABC ESP CARTA RAYADO 200HJS TAPA DURA DISEÑO,0.5,1.0,False
ETGATS005,ESTUCHE GEOMETRICO ARTESCO ECONOM PP 30CM,1.2,0.5,False
PLUXXX007,PAP LUSTROSO CEL 50X70CM,1.5,1.0,True
BOLPEL094,BOLIGRAFO PELIKAN AL 821766 JAZZ ELEGANCE NOBLE K36 GOLD,0.5,1.0,False
CAVUSG010,CARTAP VISOR USIGN US 303PD 3PULG 3A TIPO D A4 PLAST BLA,0.7,1.0,False
TPLPEL011,TINT PLUMAFPELIKAN AL 4001 AZU REAL CARTUCHO 7CM,0.7,1.5,False
TPLPRK003,TINT PLUMAF PARKER S0116240 AZU CARTUCHO BL5U,1.5,1.0,False
BLBABC024,BLOCK BOND ABC CREMA 9X9CM 500HJS,1.2,1.0,False
FOLMDN007,FOLDER MADISON T 6 CARTA PLAST,0.5,1.0,True
MCPPTL050,MICROPUNTA PENTEL BL417 DX VER 0.7MM ENERGEL,0.7,1.0,False
PCPHOB003,PAP CREPE HOBBY VER 48X200CM,1.2,1.0,True
BOLPTL051,BOLIGRAFO PENTEL BX487 V VIO 0.7MM FEEL IT,0.5,1.0,True
CNKPGF006,CINTA MASK PEGAFAN 500 ESC 1/2PULG X 25YDS,0.5,1.0,True
CUAABC007,CUADERNO ABC EMPAST 1/2 OFICIO CUAD 5MM 100HJS,1.5,1.0,False
PLUXXX005,PAP LUSTROSO BLA 50X70CM,0.7,1.0,True
CAUXXX009,CARTULINA 180GR FONDEADA COLOR 70X100CM,1.2,0.5,False
GOEXXX066,GOMA EVA LISA OFICIO AZUL OSC,0.5,1.5,True
GOEXXX026,GOMA EVA GLITTER OFICIO LILA,0.7,1.0,False
GOEXXX068,GOMA EVA LISA OFICIO CAF CLARO,0.5,1.0,True
PAAXXX016,PAP ARAÑA FUCSIA 50X80CM,0.7,1.0,True
CUAABC002,CUADERNO ABC DE HISTORIA,0.7,1.0,True
MRAPTL019,MARC AGUA PENTEL MW45 D VER PUNTA REDON RECARG,0.7,1.0,False
CCODEL001,CARPETA COLG DELLO OFICIO AMA.,1.5,0.5,True
LAPLYR124,LAPIZ LYRA 2051251 GREY TONES SET CAJA METAL 25U,0.5,1.0,True
FICABC001,FICHA CARTU ABC BLA RAYADA 165X105MM PQT100PCS,0.7,1.0,True
TIJVIN002,TIJERA VINIFAN UNICORNIO,1.5,1.0,False
MRDUNI017,MARCADOR UNI PIN 01 200 FINE LINE DARK GREY ,1.5,1.0,False
RESMON001,RESALTADOR MON AMI AMA JUMBO,1.5,1.0,False
CATABC002,CARTAP ABC 3A CARTA CARTON CON 200HJS,1.5,1.0,False
BLPLEY001,BLOCK POST LEYDEZ 45MMX12MM 5 COLORES 25 FLECHAS X COLOR,0.5,1.0,False
PEGXXX005,PEGAMENTO SILICONA BARRA DELG,0.5,1.0,False
BOLPTL064,BOLIGRAFO PENTEL BX427 F NAR 0.7MM FEEL IT,1.5,1.0,False
BOLPTL067,BOLIGRAFO PENTEL BX427 V VIO 0.7MM FEEL IT,1.5,1.2,True
CNKFST003,CINTA MASK FIVE STICK 3/4PULG X 25YDS,0.5,1.0,True
PBOXXX101,PAP BOND 75GR BLAN CARTA BOREAL,1.2,1.0,True
MCPPTL087,MICROPUNTA PENTEL BL437R CA  AZU NEGRO  0.7MM ENERGEL RETRACT,1.5,1.0,False
BOLPIL002,BOLIGRAFO PILOT BP S AZUL FINO,0.5,1.0,False
PINPAG004,PINCEL PAGODA 251 NO04,1.5,1.0,True
FOLUSG004,FOLDER USIGN US 287A VARILLA A4,0.7,1.0,True
BLPBRW021,BLOCK POST BRW BA0504 SEÑALADORES BLANCO Y NEGRO,1.5,1.0,False
PTFTNP018,PLASTOFORM TECNOPOR 2CM (50X100CM) B/25,1.2,1.0,True
CCOMDN006,CARPETA COLG MADISON OFICIO CAFE,1.2,0.7,True
RESSTB025,RESALTADOR STABILO 70/116 MENTA PASTEL BOSS GRUESO,1.5,1.0,False
TAJMAP025,TAJADOR MAPED 063211 BOOGY,1.2,1.0,True
PBOPBL003,PAP BOND PAPELBOL RECICLADO A4 75GR PQ500HJS,0.5,1.0,True
AGEXXX022,"AGENDA 2024 CLASICA TOKIO TKP 20X13,5 CONFETTI",1.2,0.5,False
REGTRD005,REGLA TRIDENT 150CM PARALELA LF,1.5,1.0,True
FORATS003,FORRO ARTESCO JUNIOR 25M,0.7,1.0,True
PSESWA024,PAP SEDA 7301 LILA 50X75CM,1.0,0.5,False
RESMON006,RESALTADOR MON AMI VIO JUMBO,0.7,1.0,False
PILDRC001,PILAS 9V DURACELL BATERIA,0.7,1.0,False
PCPHOB006,PAP CREPE HOBBY NAR 48X200CM,1.5,1.0,True
FOLVIN016,FOLDER VINIFAN TAPA TRANSPARENTE OFICIO ROJ C/FASTENER,1.5,1.0,True
CUDLAP001,CUADERNILLO LAPAP OFICIO MARGEN,0.7,0.5,False
FOLVIN013,FOLDER VINIFAN DOBLE TAPA OFICIO GUINDO GUS,0.5,1.0,False
MCPPTL083,MICROPUNTA PENTEL BL437R P ROS  0.7MM ENERGEL RETRACT,1.5,1.0,False
MCPPTL076,MICROPUNTA PENTEL BL437R B ROJ  0.7MM ENERGEL RETRACT,0.7,1.0,False
GOEXXX107,GOMA EVA TOALLA VER MANZ 50X70CM,1.5,1.2,False
TCHPEL032,TINT CHINA PELIKAN CO 5180018 BLA 30ML,0.7,1.0,False
CUAABC052,CUADERNO ABC ESP HORIZONTAL CARTA CUAD 5MM 100HJS,1.5,1.0,False
CARMAD005,CARTON GRIS MADEPA  NO8 80X120CM 130MM,1.5,1.0,False
LCLPEL010,LAPIC COLOR PELIKAN MX 30330304 TRIANGULAR LARGO JGO24U,0.5,1.2,True
FOLVIN014,FOLDER VINIFAN DOBLE TAPA OFICIO ROSA PASTEL GUS,0.7,1.0,False
RESSTB037,RESALTADOR STABILO 70/15  PASTEL BOSS GRUESO JGO 15PCS,0.5,1.0,False
LAPLYR075,LAPIZ LYRA 2054111 REMBRANDT CHARCOAL H,1.0,0.7,False
LAPLYR088,LAPIZ LYRA 2056108 501 8B NEG REMBRANDT GRAFIT AQUARELL,1.5,1.0,False
PTFTNP009,PLASTOFORM TECNOPOR 3 CM.(50X100CM)B/16,1.5,1.0,False
BOJPRK002,BOLIGRAFO JGO PARKER 2093256 Y LAPIC JOTTER METAL ,1.5,1.0,False
CNKFST002,CINTA MASK FIVE STICK 1 1/2PULG X 36YDS,1.0,0.7,False
PTFTNP020,PLASTOFORM TECNOPOR 1CM (50X100CM) B/50U,0.5,1.0,False
FOLDEL080,FOLDER DELLO PLAST 1/2 OFICIO 0252.H.0050 TRANSP C. LIGA,1.2,0.7,False
XLLSIG065,TELARAÑA LOS COLORES DE WILMAR,1.5,1.2,False
LAPLYR064,LAPIZ LYRA 1110108 669 NEG 8B ART DESIGN,1.2,1.0,False
MRAMON004,MARC AGUA MON AMI VER,1.5,0.7,False
FASATS001,FASTENER ARTESCO,0.5,1.5,True
PINPTL027,PINCEL PENTEL ZBS5-18E N° 18 PELO CABRA REDONDO,0.5,1.2,True
LAPLYR119,LAPIZ LYRA 2057911 REMBRANDT CARBON EXTRA H,0.5,1.0,True
ETQPGF050,ETIQUETAS PEGAFAN BLA A4 CD DVD HJA 2ETQ CJA 50HJ,0.7,1.0,False
AGEEPA068,AGENDA E.PAULINAS 2024 MI AGENDA C/BROCHE,1.0,1.2,False
BLPHOA021,BLOCK POST HOPAX S21467 FILM 45MMX12MM 8 COLORES 15 BARRAS X COLOR,1.5,1.0,False
MCPPTL051,MICROPUNTA PENTEL BL417 FX NAR 0.7MM ENERGEL,0.5,1.0,False
LUPTLB001,LUPA TALBOT 90MM 5X,1.2,1.5,False
PINPTL003,PINCEL PENTEL FRH M PUNTA MEDIA RECARGA AGUA,0.5,1.0,True
BOTMAP010,BOTELLA MAPED 580ML 871701,0.5,1.0,False
BRDXXX001,BLU RAY DISC BD R IMPRIMIBLE 6X 25GB,1.2,1.0,False
BEXUSG001,BASE EXFO USIGN US K157 PLAST,0.7,1.0,False
GRARAP018,GRAPAS RAPID COBRE 24859200 24/8 CJ2000U,1.5,1.0,False
MRAMON003,MARC AGUA MON AMI ROJ,1.5,0.7,False
AGEXXX023,"AGENDA 2024 CLASICA TOKIO TKS 20X13,5 CONFETTI",1.2,1.0,True
PEGUHU052,PEGAMENTO UHU 34355 LIQUIDO 31ML GEL,1.5,1.0,True
PLAPEL022,PLASTILINA PELIKAN MX 180G AZUL MARINO 06700120,0.7,1.0,True
MRDMRK004,MARCADOR MARKO PERM AZU  DOBLE PUNTA,1.5,1.0,False
REGMAP006,REGLA MAPED 254530 30CM GEO CUSTOM,1.2,1.0,True
SEPWJO002,SEPARADOR WILSON JONES P2456 CARTA JGO8DIV,0.5,1.0,True
PCEXXX006,PAP CELOFAN VER 76X102CM,1.5,1.0,True
CAVUSG001,CARTAP VISOR USIGN US 103PD 1PULG 3A TIPO D A4 PLAST BLA,0.7,1.0,True
ENGRAP030,ENGRAPADOR RAPID FM12 CAP 20HJS METAL NEG 5000273,1.2,1.0,True
MCPPIL014,MICROPUNTA PILOT G TEC C4 ROJ,0.7,1.0,True
ETLLEY001,ESTUCHE LAPICES LEYDEZ SIMPLE DE LONA,1.0,0.5,False
MRDPTL016,MARCADOR PENTEL X100W S BLA PERM PTA FINA,1.2,1.0,False
RESSTB021,RESALTADOR STABILO 70/23 1  PASTEL BOSS GRUESO JGO 23PCS,0.5,1.0,True
MCPPEL003,MICROPUNTA PELIKAN MX TECHNO LINER 86 NEG 0.3,0.7,1.0,True
CCOMDN003,CARPETA COLG MADISON OFICIO AZU,1.5,1.0,False
MCPPIL046,MICROPUNTA PILOT BL SG 5 ROJ 0.5MM SUPER GEL,1.0,0.5,True
MCPPEL005,MICROPUNTA PELIKAN MX TECHNO LINER 86 NEG 0.5,0.5,1.0,False
FUNUSG006,FUNDA PLAST USIGN US E310 TRANSP A4 TIPO L,0.7,1.0,True
SEPUSG004,SEPARADOR USIGN US 031A A4 JGO 1 A 31 NUM,1.2,0.5,False
NYLXXX003,NYLON COLOR AZU,0.7,1.0,False
POJDEL036,PORTA OBJETOS 3073.H.0006 ESSENCIAL C/31 DIVISORIAS CRISTAL,1.0,1.5,False
PTLDEL001,PORTALAPIZ DELLO 3031 CLIPS Y MEMBRETE DIF. COLOR,0.5,0.7,False
PLUXXX028,PAP LUSTROSO ROJO PUNTOS 50X70CM,1.0,1.2,True
CNEFST006,CINTA EMBAL FIVE STICK TRANSP 30YDS,1.2,1.0,True
PORPTL046,PORTAMINA PENTEL AX105 D 0.5MM FIESTA VER,1.2,1.0,False
CNAFST008,CINTA ADHES FIVE STICK DOBLE FAZ 1PULG X 20YDS,0.7,1.5,True
PINPTL030,PINCEL PENTEL ZBS6-0E N° 0 PELO CABRA PLANO,1.2,1.0,False
CRGXXX006,CAJA DE REGALO 20X16CM,1.5,1.0,True
PINPTL002,PINCEL PENTEL FRH F PUNTA FINA RECARGA AGUA,1.5,1.2,True
ARCLEY055,ARCHIVADOR LEYDEZ PALANCA PLO PLAST,1.2,1.0,False
ATMXXX029,ATM PALITOS DE HELADO COLOR PQ100U ESPACIO CULT CREAT,1.2,1.0,False
ATMXXX072,ATM PALITOS DE HELADO NATURAL PQ100U ESPACIO CULT CREAT,1.5,0.5,False
PINPAG003,PINCEL PAGODA 251 NO02,0.5,1.0,False
LCLSTB003,LAPIC COLOR STABILO 1400 210 CARBOTHELLO AMARILLO,0.5,1.0,False
LCLSTB030,LAPIC COLOR STABILO 1400 221 CARBOTHELLO NARANJA,0.5,1.2,True
JUEART027,JUEGO ARTI TAC024 CORTADORES X 5 PZS,0.5,1.0,True
CLBCMX003,CLIP BIN COMIX B3607 32MM O 1 1/4PULG,0.5,1.0,False
BOLPEL070,BOLIGRAFO PELIKAN AL 812641 JAZZ PASTEL K36  LAVANDA,1.2,1.0,True
PILPWO002,PILAS ALKALINAS POWER ONE P-AAA/4 BL4U,1.5,1.0,False
CNDFST001,CINTA DIUREX FIVE STICK CRIST 3/4PULG X 25YDS,1.0,1.2,True
MFOPEL001,MASA FOAMY 50G AMA 06740105,1.5,1.0,True
MFOPEL004,MASA FOAMY 50G BLA 06740118,1.2,1.0,False
LAPSTB052,LAPIZ STABILO 8044 ALL AMA,1.2,1.0,False
PLUXXX003,PAP LUSTROSO VER CLARO 50X70CM,0.7,1.0,False
BLPIDL001,BLOCK POST IDEAL NF42330 BANDERITAS JGO5COL,1.5,1.2,True
CORUHU006,CORRECTOR UHU 50365 ROLLER 5MM X 10M BLISTER,0.5,1.0,True
PLAPEL023,PLASTILINA PELIKAN MX 180G AQUA 06700129,1.2,1.0,False
MFOPEL008,MASA FOAMY 50G NAR 06740104,1.2,0.7,True
BOLPRK097,BOLIGRAFO PARKER 1953189 JOTTER NARANJ CLIP CROMADO,1.5,1.0,True
LAPSCA008,LAPIZ SCALA 640 NEG B HARD,0.5,1.0,False
SOBALL001,SOBRE ALLIANCE 10877 06 AMA NO4 9 1/2X14 1/2PULG ACOLCHADO,1.2,1.0,True
CAVRIC002,CARTAP VISOR RICOR 2PULG 2A A4 PLAST DIF COLOR,1.5,0.5,True
FOLMDN012,FOLDER MADISON 8514 OFICIO PLAST NEGRO,1.5,1.0,True
MCPSTB076,MICROPUNTA STABILO 8825 07 POINT 88 JGO25U,0.5,1.0,True
LAPSTB054,LAPIZ STABILO 8046 ALL NEG,0.7,1.0,True
TTMLEY001,TINT TAMPO LEYDEZ NEG 30ML,0.5,1.0,False
FORVIN002,FORRO VINIFAN 5M CARTA,1.0,1.2,False
MCPPEL015,MICROPUNTA PELIKAN MX SOFT GEL PLATEADO,0.7,1.0,True
RBLPRK009,RPTO BOLIG PARKER 1950371 QUINK FLOW AZU M,0.7,1.5,False
SACGNR001,SACAGRAPA GEN,1.2,1.0,True
TAMATS004,TAMPO ARTESCO ROJ,1.5,1.0,False
CNKPGF002,CINTA MASK PEGAFAN 500 3/4PULG X 40YDS,1.5,0.7,True
CAUSWA002,CARTULINA SWALANDER ROJ NAR 180GR 100X70CM,1.5,1.0,False
LAPLYR026,LAPIZ LYRA 1210103 2510 NEG 3B ROBINSON,0.5,1.0,False
LCLSTB033,LAPIC COLOR STABILO 1400 681 CARBOTHELLO OCRE CARNE,0.5,1.0,False
BOLPTL082,BOLIGRAFO PENTEL BL2007A A CAPA NEG 0.7MM ENERGEL,0.7,1.0,True
PEGUHU038,PEGAMENTO UHU 40373 ALLPLAST LIQUIDO 33ML,0.5,1.0,True
MCPSTB086,MICROPUNTA STABILO 88 054 NAR NEON POINT 88,0.7,1.0,False
BBOXXX004,BASE BOLI XING DA CADENA ADHES,1.5,0.5,False
CLBGNR003,BINDER CLIP GEN DONALDL-2274,1.5,1.0,True
ACUPTL002,ACUARELA PENTEL ARTS WFRS 24 24COL X 5ML,0.5,1.5,True
FGAART014,FIGURAS ADH ARTI TACF00008 TULIPANES X 92 PZS GOMA EVA,0.5,1.0,False
ETGPEL002,ESTUCHE GEOMETRICO PELIKAN MX 15540103 JGO5PZ DE 30CM FLEXIBLE,1.0,1.5,False
MRJLYR005,MARCADOR JGO LYRA 6521120 AQUA BRUSH DUO 12 COLORES,0.7,1.0,False
TABFSK001,TABLERO FOSKA OFICIO ACRILICO,1.2,1.0,False
CERPEL002,CERA PELIKAN MX D2 CONTAR 14G COLOR 01420001,1.5,0.5,True
PSBXXX004,PAP SABANA OFICIO PQ500HJS,1.0,1.2,True
PLAPEL010,PLASTILINA PELIKAN MX 180G NAR,1.5,1.0,False
GOEXXX110,GOMA EVA LISA TURQ 50X70CM,0.7,0.5,False
BOJPEL002,BOLIGRAFO JGO PELIKAN AL 821896 Y PLUMA JAZZ NOBLE ELEGANCE BLACK,0.5,1.0,True
PILDRC009,PILAS DURACELL AA BI6U,1.5,1.0,True
ETQPGF001,ETIQUETAS PEGAFAN NAR FLUOR 19X25MM BL102U,0.5,1.0,False
PLTHRL001,PALETA HERLITZ 8643033 ARTISTICA 235X2170MM,1.2,1.0,True
GLIPEL021,GLITER PELIKAN AR 051 020 219 AZUL ELECTRICO 60ML,1.5,1.0,True
TPLPEL008,TINT PLUMAF PELIKAN AL 4001 AZU 30ML,0.5,1.0,True
PINPTL029,PINCEL PENTEL ZBS5-20E N° 20 PELO CABRA REDONDO,0.5,1.0,True
PLAPEL009,PLASTILINA PELIKAN MX JGO4U 454G,1.2,1.0,False
LAPSCA003,LAPIZ SCALA 741 AZU CARPINTERO,1.5,1.0,True
BOLPTL094,BOLIGRAFO PENTEL BXC470 DCBP 4COLOR 1.0MM IZEE BARRIL AZUL,1.2,1.0,False
RESPTL007,RESALTADOR PENTEL S515 P ROS DELG,1.5,1.0,True
PCAPEL006,PAP CARBON PELIKAN AL 004 410 050 ULTRAFILM MAQ ESCRIBIR OF NEG,1.5,1.0,True
JUEART025,JUEGO ARTI TAC024-06 TOOL KIT HERRAMIENTAS X 6 U,0.7,1.0,True
BOLPIL008,BOLIGRAFO PILOT BP S ROS FINO,1.5,1.0,False
CUAABC011,CUADERNO ABC EMPAST OFICIO CUAD 5MM 100HJS,0.5,1.0,True
ETQPGF005,ETIQUETAS PEGAFAN NAR FLUOR 19X13MM BL500U,1.2,0.5,False
MFOPEL009,MASA FOAMY 50G NEG 06740117,1.5,1.0,False
MFOPEL014,MASA FOAMY 50G VIO 06740112,1.5,0.5,False
PLAPEL021,PLASTILINA PELIKAN MX 180G VIO,1.5,1.0,False
REGMAP002,REGLA MAPED 279010 027900 30CM FLEXIBLE,0.5,1.0,False
XACALB072,JUEGOS DE ESTIMULACION PARA BEBES DE 0 A 24 MESES,1.0,0.5,False
GOEXXX075,GOMA EVA LISA PLOMO 50X70CM,1.2,1.0,True
REGATS010,REGLA ARTESCO 15CM PLAST CRISTAL,1.2,1.5,True
LIEXXX002,LIENZO P. N. 25X35CM.PREPARADO M/MADERA,1.2,0.5,True
CNAFST009,CINTA ADHES FIVE STICK TORNASOL MOR 12MM X 2YDS,0.5,1.0,False
PNAACR006,PINTUR  ACRILEX 03240/504 PVA AMA LIMON 37ML T/ROSADO,1.5,1.0,False
REGXXX007,REGLA METALICA 30CM,1.5,1.0,True
PSSPTL004,PASTELES PENTEL PTS 15 JGO15U FABRICFUN,1.0,0.7,False
SOBLAP001,SOBRE LAPAP. BLA. T/OFICIO,0.5,1.0,True
GOMLYR009,GOMA BORRAR LYRA 2091467 MIGA DE PAN MOLDEABLE,0.7,1.0,True
MRJPTL037,MARCADOR PENTEL SES15C BRUSH SIGN JGO 6PCS D2XD3XC2XB2XEXE2X,1.5,0.5,True
LCLSTB029,LAPIC COLOR STABILO 1400 335 CARBOTHELLO MAGENTA,0.5,0.7,True
CNKPGF008,CINTA MASK PEGAFAN 500 ESC 1PULG X 25YDS,0.7,1.0,False
MCPPTL034,MICROPUNTA PENTEL BL107 BX ROJ 0.7MM ENERGELX RETRAC,0.7,1.0,False
PLUXXX011,PAP LUSTROSO ROJ 50X70CM,1.2,1.0,True
TAMATS007,TAMPO ARTESCO DACTILAR NEG,1.5,1.0,True
PCPHOB008,PAP CREPE HOBBY ROS 48X200CM,1.5,1.0,False
REGMAP007,REGLA MAPED 279315 30CM TWIST N FLEX DECOR,0.5,1.0,True
TAJIDL001,TAJADOR IDEAL METAL SIMPLE,1.5,1.0,False
CUALAP017,CUADERNO LAPAP TOP MUSICA,1.5,1.0,True
TTMATS001,TINT TAMPO ARTESCO NEG 30ML,0.5,1.0,False
NYLALL002,NYLON ALLIANCE 00813 EMBALAJE BURBUJA 30CM X 53M LARGO,1.5,1.0,False
FOLUSG003,FOLDER USIGN US LW 320G OFICIO PLAST,1.5,1.0,True
JUEXXX021,ROMPECABEZAS  18008 MAPA DE PIRATAS - 2000 PZS,0.7,1.0,False
PINPTL037,PINCEL PENTEL ZBS6-14E N° 14 PELO CABRA PLANO,1.2,1.0,True
PNLACR011,PINTUR TELA ACRILEX 503 CEL CORRIENTE,0.5,1.5,False
PORPTL049,PORTAMINA PENTEL AZ125R P E SHARP 0.5MM ROS,0.5,1.0,True
REGPIM001, REGLA PRIMO 8252RG30 30CM PLASTICA ANTIREFLEX,0.5,1.0,True
PNAACR005,PINTUR  ACRILEX 03240/543 PVA AZU ULTRAMAR 37ML T/ROSADO,1.5,1.0,True
PCEXXX009,PAP CELOFAN LIL 76X102CM,1.2,1.0,True
PDUPGF001,PORTADIUREX PEGAFAN DIUREX 3/4X25YDS MANUAL,0.5,1.0,True
CLBGNR002,CLIP BIN GEN 51MM 2PULG CJ12PZ,0.7,1.5,False
MRDPEL012,MARCADOR PELIKAN MX MARKANA VER,1.2,1.0,True
GOEXXX087,GOMA EVA LISA ROSA 50X70CM,0.7,0.5,True
JUEART006,JUEGO ARTI TACJUEDI013 CARACOL GOMA EVA,1.5,1.0,False
FOLMDN010,FOLDER MADISON 7312 OFICIO PLAST AZUL MARINO,0.7,1.0,False
GOMMAP001,GOMA BORRAR MAPED 511320 SENOA,1.2,1.0,False
PSSPTL001,PASTELES PENTEL PHN 12 JGO12U,1.2,1.0,False
BOLPEL087,BOLIGRAFO PELIKAN AL 815017 JAZZ CLASSIC K35 AMARILLO,1.2,1.0,True
REGXXX010,REGLA METALICA 15CM,1.2,1.0,True
BOLBEI003,BOLIGRAFO BEIFA AA927 ROJ CJA 50U,1.2,1.0,False
LAPLYR044,LAPIZ LYRA 1110106 669 NEG 6B ART DESIGN,1.2,1.0,False
LCLSTB009,LAPIC COLOR STABILO 1400 430 CARBOTHELLO AZUL COBALTO,1.2,1.0,False
LCLSTB022,LAPIC COLOR STABILO 1400 722 CARBOTHELLO GRIS AZULADO 2,1.5,1.0,True
CNRDYM012,CINTA ROTUL DYMO 5201 06 AZUL 3/8PULG,0.5,1.0,False
FOLUSG002,FOLDER USIGN US LW 320 A4 PLAST,1.5,1.2,True
LCLLYR016,LAPIC COLOR LYRA 2001720 M72 REMBRANDT POLYCOLOR JGO72U CJA MET,1.5,1.2,False
FOLDEL043,FOLDER DELLO 0231.04.0025 AUTOS ALA OFICIO,1.5,1.0,False
FOLDEL091,FOLDER DELLO PLAST OFICIO 0254.T.0050 VERDE C. LIGA,0.5,1.0,False
ENGRAP010,ENGRAPADOR RAPID S50 CAP 50HJS PLAST NEG 24148401 5000543,0.7,1.0,True
XLIGIS002,LA PLUMA DE MIGUEL 10 EDC,0.5,1.0,False
XLNGIS006,LA MARCA DE LOS REYES,0.7,1.0,False
LRGESM005,LIBRO REGIS MW COMPRAS IVA,1.2,1.0,False
PREUSG002,PORTAREVIS USIGN US 9881 TRIC 4 PLAST,1.5,0.5,True
FOLMDN009,FOLDER MADISON 7309 OFICIO PLAST TURQUESA,1.2,1.0,False
MCPSTB123,MICROPUNTA STABILO 8815 1  POINT 88 JGO15U,1.2,1.0,False
BSAXXX015,BOLSA REGALO PARA BOTELLA,0.5,1.0,False
CLPISO003,CLIP METAL ISOFIT 50MM CJ100U,0.5,1.0,False
PCRUSG007,CORDON USIGN US 04D ROJ PARA CREDENCIAL,0.7,1.0,True
TAMLEY002,TAMPO LEYDEZ 182 AZUL,1.2,1.0,False
PORPTL047,PORTAMINA PENTEL AZ125R A E SHARP 0.5MM NEG,0.7,1.0,False
GOEXXX073,GOMA EVA LISA OFICIO NAR,0.5,1.0,False
JUEART029,JUEGO ARTI TACJUEDI016 STAMPING SELLOS X 9 PZS GOMA EVA,1.2,1.0,True
PMCART001,PAP MACHE ARTI TAC009-PM,1.5,1.0,True
PCPHOB011,PAP CREPE HOBBY NEG 48X200 CM,0.5,1.0,False
FICXXX006,FICHA CARTULINA COLOR 5X10CM PQ25U,1.0,1.5,False
MRJPTL040,MARCADOR PENTEL SES15C BRUSH SIGN JGO 5PCS PASTEL SXP3XP2XNXKX,0.5,1.0,False
PAAXXX012,PAP ARAÑA DOR 50X80CM,0.7,1.0,False
PLUXXX008,PAP LUSTROSO FUCSIA 50X70CM,0.5,1.0,True
ARCLEY053,ARCHIVADOR LEYDEZ PALANCA NAR PLAST,0.7,1.0,True
PSESWA016,PAP SEDA VER LIMON NO21 50X75CM,1.5,1.0,True
FOLDEL044,FOLDER DELLO 0231.05.0025 KIDS FUTBOL ALA OFICIO,0.5,0.7,False
MCPPIL050,MICROPUNTA PILOT BL SG 7 NEG 0.7MM SUPER GEL,0.7,1.0,True
CNKPGF005,CINTA MASK PEGAFAN 500 2PULG X 40YDS,0.5,1.0,False
LAPLYR118,LAPIZ LYRA 2057902 REMBRANDT CARBON EXTRA 2B,0.7,1.0,False
CLBLEY101,CLIP BIN LEYDEZ 15MM O 5/8 CJ12U,0.7,1.0,False
ETLMAP002,ESTUCHE P/LAPIZ MAPED  932212 TURBO COSMIC TEENS,1.2,1.0,False
PBOPBL002,PAP BOND PAPELBOL RECICLADO OFICIO 75GR PQ500HJS,1.5,1.2,True
CUAABC040,CUADERNO ABC ESP 1/2 OFICIO CUAD 5MM 100HJS STYLE,1.5,1.0,True
RESMAP003,RESALTADOR MAPED 742558 FLUO COLOR PASTEL  6COL,0.7,1.0,True
RBLXXX001,REPUESTO PARA BOLIGRAFO CON CADENA,1.5,1.0,False
SELTRO003,SELLO TRODAT 4911 PERSONAL PRINTY,1.2,1.0,True
ARAHRL002,ARANDELA HERLITZ  830273 PLAST BLANCO 240U,1.2,1.0,True
RESFBC002,RESALTADOR FABER CASTELL B VER TEXMARKER 49,0.7,1.0,True
FOLVIN017,FOLDER VINIFAN TAPA TRANSPARENTE OFICIO AZUL PASTEL C/FASTENER,1.2,1.0,False
PINCOD002,PINCEL CONDOR 456 NO 6 PELO CERDA,0.5,1.0,False
CARMAD022,CARTON GRIS MADEPA NO10 80X120CM,1.2,0.7,True
NYLXXX001,NYLON TRANSP 80CM X 100MT,1.2,1.0,True
ENGRAP040,ENGRAPADOR RAPID S30 CAP 30HJS PLAST AZU 24146212,1.2,1.0,True
PSESWA003,PAP SEDA 1301 ROJ SCARL R NO19 50X75CM,0.7,1.0,False
BOLPRK083,BOLIGRAFO PARKER 1953192 JOTTER PURPURA CLIP CROMADO,1.2,1.0,True
RESSTB004,RESALTADOR STABILO 70/33 VER BOSS GRUESO,1.2,0.5,True
PLUXXX004,PAP LUSTROSO AMA ORO 50X70CM,1.2,1.0,True
HTPXXX001,HJA TRAPPER NEGRO 3 PERF  PQ200HJS,0.7,1.2,True
CAVUSG003,CARTAP VISOR USIGN US 102PD 1PULG 2A TIPO D A4 PLAST BLA,0.7,1.2,False
CAEEPA031,CALENDARIO E.PAULINAS 2024 PLANIFICADOR T/CHEQ,0.5,1.0,True
GOEXXX104,GOMA EVA TOALLA ROJ 50X70CM,1.5,1.0,False
FGAART009,FIGURAS ADH ARTI TACF00014 MOTIVACIONALES X 57 PZS GOMA EVA,1.5,1.2,False
BOLPTL054,BOLIGRAFO PENTEL BX440 B ROJ 1.0MM FEEL IT TRIANG RETRAC,1.2,1.0,False
BLPBRW017,BLOCK POST BRW BA0702 NOTAS MULTIPLES,0.5,1.0,False
CALCAS017,CALCULADOR CASIO MX 12B 12DIG,0.5,1.0,False
CUAABC028,CUADERNO ABC ENGRAP CUAD 5MM 30HJS,0.5,1.0,True
LAPPEL003,LAPIZ PELIKAN MX INICIAL JUMBO TRIANG 2 HB NEG,1.2,1.0,True
XCACOQ005,CALIGRAFIA 5,1.5,1.0,True
BOLSCH006,BOLIGRAFO SCHNEIDER 152290 ESTUCHE 10  BOLIGRAFOS SLIDER EDGE XB,1.5,1.0,True
PLUXXX021,PAP LUSTROSO AZU PASTEL 50X70CM,1.5,1.0,True
MCPPEL031,MICROPUNTA PELIKAN CO 30013470 157 JGO24U,0.5,1.0,False
TAJLYR001,TAJADOR LYRA L7321660 DE MESA ,0.5,1.0,True
TABATS001,TABLERO ARTESCO CAMPO ACRIL CLIPBOARD,0.7,1.0,False
BOLPIL016,BOLIGRAFO PILOT BPGP 10R F L 0.7MM AZU SUPER GRIP CLIP PLAST,1.2,1.0,False
MCPWIL002,MICROPUNTA WILSON 716 ROJ ROLLER,0.7,1.0,True
PDOUSG001,PORTADOCUM USIGN US F406 PLAST BROCHE,1.2,1.0,False
CLBLEY005,CLIP BIN LEYDEZ 41MM O 1 5/8,0.7,1.0,False
PCRUSG005,CORDON USIGN US 04D AZUL PARA CREDENCIAL,0.7,1.0,False
MCPPTL080,MICROPUNTA PENTEL BL437R E CAF  0.7MM ENERGEL RETRACT,0.7,1.0,False
BSAXXX008,BOLSA DE REGALO GRANDE,0.5,1.0,False
MCPSTB034,MICROPUNTA STABILO 88 46 NEG 0.4MM POINT 88,0.7,1.0,False
TAMLEY003,TAMPO LEYDEZ 182 ROJO,0.7,1.0,False
PAPUSG002,PAPELERO USIGN US 6033 TRIPLE PLASTICO,0.5,1.0,True
XXELAR036,DICC ESCOLAR ELEMENTAL LAROUSSE,0.7,1.0,True
CALCAS019,CALCULADOR CASIO FX 350ES PLUS CIENTIFICA,0.5,1.5,False
FOLDEL084,FOLDER DELLO PLAST 1/2 OFICIO 0252.Q.0050 ROSA C. LIGA,1.5,1.0,False
LAPLYR082,LAPIZ LYRA 1111062 669 NEG 9B 2H ART DESIGN CAJA METAL 6U,1.2,1.0,False
MRJPEL012,MARCADOR JGO PELIKAN MX MARKATODO NORMAL JGO12U,0.5,1.0,False
XCIALB021,ECOLOGIA PARA CURIOSOS,0.5,1.0,True
CUAABC112,CUADERNO ABC ESP 1/2 OFICIO CUAD 5MM 100 HJS PLENO PASTEL,1.2,1.0,False
GOMPEL035,GOMA BORRAR PELIKAN MX PASTEL 35X30CM FCO 15U,1.5,1.0,True
LIBABC001,LIBRETA ABC ESP COLOR PUNT CARTON 15X12CM,1.2,1.0,False
LIBABC006,LIBRETA ABC ESP COLOR PUNT CARTON 15X12CM PQT 3 PCS ,0.5,1.0,True
REGATS002,REGLA ARTESCO 20CM PLAST CRISTAL,1.2,1.0,True
PCAMLC002,PAP CARBON MILCAR AZU OFICIO ECO WORLD,1.2,1.0,False
ETQPGF006,ETIQUETAS PEGAFAN AMA FLUOR 19X13MM BL500U,1.0,0.7,False
RESPEL053,RESALTADOR PELIKAN CO 041 900 600 MANZANA FLASH PASTEL GRUESO,1.5,1.0,True
ATMXXX040,ATM LIMPIAPIPAS,0.5,1.0,False
GOMPEL002,GOMA BORRAR PELIKAN MX BR 40 MIXTA,0.5,1.0,True
TAJPEL005,TAJADOR PELIKAN MX 1 ORIFICIO DEP PLASTICO MOD 404,1.2,1.0,False
BOLPTL086,BOLIGRAFO PENTEL BX420 B ROJO 1.0MM FEEL IT RETRAC,1.2,1.0,True
ESCATS001,ESCALIMETRO ARTESCO 16004001 ESC 1:20 25 50 75 100 125,1.2,1.0,True
BLPBRW011,BLOCK POST BRW BA0600,1.2,1.0,True
PREDEL017,PORTAREVIS DELLO 6023.B.0006. AZU,0.7,1.0,False
CAEEPA029,CALENDARIO E.PAULINAS 2024 ESCRITORIO ANILLADO,0.5,1.2,True
FOLVIN019,FOLDER VINIFAN TAPA TRANSPARENTE OFICIO TURQUESA C/FASTERNER,1.2,1.0,True
PBOBRE021,PAP BOND BOREAL BLAN A4 75GR PQ500HJS,0.5,1.0,True
CLPISO004,CLIP COLOR ISOFIT 50MM CJ80U,1.5,1.0,False
CUAABC039,CUADERNO ABC ESP OFICIO CUAD 5MM 100HJS TAPA DURA,1.5,1.0,False
RESPEL054,RESALTADOR PELIKAN CO 041 900 550 ROSA BEBE FLASH PASTEL GRUESO,1.5,1.2,True
PIZTLB001,PIZARRA ACRILICA TALBOT T-38620 030X040M  MAGNETICA,1.2,1.0,False
AGEV&R102,AGENDA V&R 2024 PRINCIPITO ,1.2,1.0,False
CUDABC023,CUADERNILLO ABC OFICIO 5MM MARGEN,0.7,1.0,True
MCPPTL039,MICROPUNTA PENTEL BLN105 BX ROJ 0.5MM ENERGELX RETRAC,0.7,1.0,True
PINCOD005,PINCEL CONDOR 456 NO 12 PELO CERDA,1.2,1.0,False
RAGTLC010,RPTO AGENDA TILUCHI 2024 DIRECTOR ANILL,0.7,0.5,True
LIGALL003,LIGAS ALLIANCE NO32 DE 1/4 LIBRA,0.5,1.0,True
BLDPEL011,BLOCK DIBUJ PELIKAN AL A4 20HJ 150GSM 21X29.7CM 236812,1.5,1.0,False
BLPIDL005,BLOCK POST IDEAL K04 3X3PULG JGO5COL PRECORTADO,0.7,0.5,True
GRAKWT004,GRAPAS KW TRIO 23/6 CJ1000U,1.0,1.2,True
ETQDYM001,ETIQUETAS DYMO 30252 BLA 1 1/2X 3 1/2PULG CJ2ROLLOS,1.2,1.0,False
LCLLYR050,LAPIC COLOR LYRA 3713361 4COLOR 3710500 SUPER FERBY,0.7,1.0,True
PSBXXX102,PAP SABANA OFICIO,1.2,1.0,False
LCLLYR060,LAPIC COLOR LYRA 2011240 REMBRANDT AQUARELL JGO24U CAJA MET,1.0,1.2,False
MRDUNI002,MARCADOR UNI PIN BR-GO BRUSHSIGN GRIS OSCURO,1.2,1.0,True
MRDPIL003,MARCADOR PILOT SC F AZU SUPER COLOR MARKER FINE,1.5,1.0,False
LAPSCA004,LAPIZ SCALA 743 VER CARPINTERO,0.5,1.2,False
MINPTL011,MINA PENTEL C277S 2B NEG 0.7MM STEIN,1.2,1.0,False
AGETLC053,AGENDA TILUCHI 2024 GERENCIAL,0.7,1.5,True
PBORPO003,PAP BOND REPROGRAF BLAN 75GR  A4 PQ500HJS,1.2,1.0,True
FOLXXX005,FOLDER CREMA OFICIO CARTULINA 240GR,1.0,1.5,False
CNDPGF001,CINTA DIUREX PEGAFAN 705 CRIST 1/2PULG X 36YDS,1.2,1.5,False
CNDPGF006,CINTA DIUREX PEGAFAN 705 CRIST 1PULG X 72YDS,0.5,1.0,False
FORRIC003,FORRO RICOR 1/2 OFICIO PLAST ROJ PLAST,1.5,1.0,True
TIJMAP002,TIJERA MAPED 137910 KOOPY 13CM,1.0,1.2,False
BLDPEL008,BLOCK DIBUJ PELIKAN AL C3 A3 20HJ 120GSM 30X42CM 236799,0.7,1.0,True
CUAABC125,CUADERNO ABC RAYADO CASITA 30HJS COL ALEMAN,1.2,1.0,True
FOLUSG014,FOLDER USIGN US 303 AG OFICIO TAPA PLAST FASTENER,0.5,1.2,True
LCLATS002,LAPIC COLOR ARTESCO JUMBO,1.5,1.2,False
PLAPEL029,PLASTILINA PELIKAN MX JGO10U GLITTER 180G 06700008,1.2,1.0,False
PBOXXX159,PAP BOND XXX LILA 75GR CARTA PQ500 HJS,0.5,1.0,False
FGAART012,FIGURAS ADH ARTI TACF00012 MARIPOSAS Y CORAZONES X 66 PZS GOMA EVA,0.5,1.0,True
MCPSTB101,MICROPUNTA STABILO 88 38 SANGUINEA POINT 88,0.5,1.0,False
FOLVIN012,FOLDER VINIFAN DOBLE TAPA OFICIO CELESTE GUS,1.5,1.0,False
MRDPTL019,MARCADOR PENTEL N450 C AZU PERM RECARG PTA REDONDA,0.7,0.5,True
BLBTLB003,BLOCK BOND TALBOT BLA RAY CARTA 50HJS,1.5,1.0,False
CORPEL005,CORRECTOR PELIKAN MX PLUMAF TIPO LAPIZ SUPER PIRAT,1.2,1.0,False
TPLPEL002,TINT PLUMAF PELIKAN MX 4001 AZU CARTUCHO,1.5,1.0,False
PINPTL039,PINCEL PENTEL ZBS6-18E N° 18 PELO CABRA PLANO,0.5,1.0,False
CAUXXX024,CARTULINA CARTA COLOR,0.5,1.0,True
CAUXXX052,CARTULINA OFICIO COLOR,0.7,1.0,True
ETQPGF051,ETIQUETAS PEGAFAN BLA A4 001 15X26MM HJA 126ETQ CJA 50HJ,1.5,1.0,False
CCTMAD007,CAJA CARTON 1343 CAF 38X308X26CM,0.5,1.0,False
GOEXXX025,GOMA EVA GLITTER OFICIO FUCSIA,1.5,1.0,True
PAAXXX013,PAP ARAÑA PLA 50X80CM,1.5,0.7,True
PCPHOB009,PAP CREPE HOBBY VER CLARO 48X200CM,1.5,1.0,False
PCPHOB010,PAP CREPE HOBBY AZU REAL 48X200CM,1.5,1.0,True
REGATS001,REGLA ARTESCO 30CM PLAST CRISTAL,0.5,1.0,False
TCRLAP001,TAPA CARPETA MOCHILERA SIN SEP,0.7,1.0,False
PBOBRI022,PAP BOND BRIO BLAN 75GR OFICIO PQ500HJS,1.2,1.0,True
PBOLEY102,PAP BOND LEYDEZ CEL 80GR CARTA PQ100HJS,0.5,1.0,False
SENATS004,SEÑALADOR ARTESCO AMA PRECORTADO 3.8CM PLAST,1.0,1.2,True
BLDCNS032,BLOCK DIBUJO VEGETAL CANSON 50HJS  70GR  A4 21 X 30CM  C200757243,0.5,1.0,True
CUDABC025,CUADERNILLO ABC OFICIO 5MM SIN MARGEN,1.5,1.0,False
MRAPEL009,MARC AGUA PELIKAN MX FLASH MARKER 442 AZUL,1.5,1.0,True
MRAPEL012,MARC AGUA PELIKAN MX FLASH MARKER 442 VER,0.5,1.0,False
PTLUSG004,PORTALAPIZ USIGN US 165 PLAST VASO,0.5,1.0,False
BOLPIL001,BOLIGRAFO PILOT BP S ROJ FINO,0.7,1.0,False
AGEXXX021,AGENDA 2024 CLASICA BASIC BCS 14X20 CONFETTI,1.5,1.0,False
CLBBRW004,CLIP BIN BRW BD2505 PASTEL FLAMENCO,1.2,1.0,True
LCLPEL025,LAPIC COLOR PELIKAN MX JGO12U PASTEL REDONDO LARGO 30330327,1.0,0.5,False
PDDATS001,PINT DEDO ARTESCO  JGO6U,0.7,1.0,True
ETGMAP003,ESTUCHE GEOMETRICO MAPED 897118P ZURDOS 30CM,0.7,1.0,True
FORRIC026,FORRO RICOR OFICIO PLAST BLANCO,0.5,1.0,True
PLUXXX010,PAP LUSTROSO NEG 50X70CM,0.7,1.0,False
PLUXXX013,PAP LUSTROSO VER 50X70CM,1.2,1.0,False
LAPSTB008,LAPIZ STABILO 4907 HB NEG SWANO FLUOR,1.5,1.2,False
BOLPEL063,BOLIGRAFO PELIKAN AL 806961 JAZZ CLASSIC K35 ROJO,0.7,1.0,False
MFOPEL002,MASA FOAMY 50G AZU 06740109,0.7,1.0,True
MFOPEL011,MASA FOAMY 50G ROS 06740101,0.5,1.0,True
PLAPEL025,PLASTILINA PELIKAN MX 180G AMA NEON 06700128,1.2,1.5,True
GOMSTB006,GOMA STABILO 1195/90 YIPPY-PLAS FCO/90U,0.7,1.0,False
FICABC005,FICHA CARTU ABC CREMA RAYADO 165X105MM PQT100PCS,1.2,1.0,True
MRAPTL021,MARC AGUA PENTEL MW46 A NEG PTA BICELADA RECARG,0.5,1.0,True
MRAPTL024,MARC AGUA PENTEL MW46 D VER PTA BICELADA RECARG,1.5,1.0,True
MRDPTL031,MARCADOR PENTEL N450 V VIO PERM RECARG PTA REDONDA,0.5,1.0,True
FOLMDN011,FOLDER MADISON 8516 OFICIO PLAST GUINDO,1.5,0.5,True
MCPPTL073,MICROPUNTA PENTEL BL417 CAX NAVY BLUE 0.7MM ENERGEL,0.7,1.0,False
MCPPTL078,MICROPUNTA PENTEL BL437R D VER  0.7MM ENERGEL RETRACT,0.7,1.0,False
PDULEY001,PORTADIUREX LEYDEZ 20022 MEDIANO,0.7,1.0,True
JUEART007,JUEGO ARTI TACJUEDI014 ZAPATILLA GOMA EVA,1.2,1.0,True
PSESWA004,PAP SEDA 6301 AZU DARK BLUE 50X75CM,1.2,1.0,True
LCLPTL005,LAPIC COLOR PENTEL CB8 36U JGO36U HEXAG LARGO,1.5,1.0,False
MCPPTL038,MICROPUNTA PENTEL BL107 VX VIO 0.7MM ENERGELX RETRAC,1.5,1.0,False
PORPTL045,PORTAMINA PENTEL AX105 C 0.5MM FIESTA AZU,1.5,1.0,True
LCLSTB014,LAPIC COLOR STABILO 1400 435 CARBOTHELLO AZUL ULTRAMAR,1.5,1.0,False
LCLSTB055,LAPIC COLOR STABILO 1400 530 CARBOTHELLO VERDE ESMERALDA,1.5,1.0,False
LCLSTB058,LAPIC COLOR STABILO 1400 365 CARBOTHELLO VIOLETA CLARO,0.7,1.0,False
CORACO001,CORRECTOR ACRICOLOR  LIQUIDO MAGIC 18ML,0.5,1.0,True
BOLKRA001,BASE BOLI KRAUSE CADENA ADHES,0.5,1.0,True
TABBRW001,TABLERO BRW BC0002 DE CORTE A3 DOBLE CARA,1.2,1.0,False
BLPBRW007,BLOCK POST BRW BA0700,0.5,1.0,True
KITDEL001,KIT DULZURA DELLO 2190.SS.0006 CON 5 PORTA OBJETOS,0.5,1.5,True
PTFTNP003,PLASTOFORM TECNOPOR ESFERA 6.0CM DIAMETRO,1.2,1.0,True
XMACOQ101,MATEMATICAS COQUITO 1 NIVEL PRIMARIO,1.5,1.0,True
XCLATN050,AGATHA Y LA OSCURIDAD,0.5,1.0,True
INSMDN001,INST MUSIC  MADISON FLAUTA ,1.5,1.0,True
PICMER001,PINCHE MERLETO,0.7,1.0,True
GRARAP014,GRAPAS RAPID COBRE 24860000 24/6 CJ5000U,1.2,1.0,False
LIGALL010,LIGAS ALLIANCE NO32 DE 1 LIBRA,0.7,1.0,False
CLPGNR002,CLIP METAL GEN  78MM CJ50U,1.2,1.0,True
LAPLYR097,LAPIZ LYRA 2055911 REMBRANDT CARBON HB,1.2,1.0,False
CLPISO002,CLIP COLOR ISOFIT 33MM CJ100U,1.2,1.0,False
PLAPEL015,PLASTILINA PELIKAN MX 180G ROSA,1.5,1.0,False
MCPSTB097,MICROPUNTA STABILO 88 30 BERMELLON PALIDO  POINT 88,1.0,0.7,True
BOLPEL078,BOLIGRAFO PELIKAN AL 821254 SNAP K10  ROSADO,1.2,1.0,True
FORRIC022,FORRO RICOR OFICIO PLAST AZUL ,0.5,1.0,False
MRDPTL024,MARCADOR PENTEL N460 D VER PERM RECARG PTA BISEL,0.5,1.0,False
CAUCNS027,CARTULINA CANSON COLORLINE ROSADO 50X65CM  C41009,1.0,0.5,False
ACCXXX001,ACCES COMP TAPA PARA CD,1.5,1.0,False
GOMPEL011,GOMA BORRAR PELIKAN MX TIPO LAPIZ CLICK ERASER COLORES 06380001,1.5,1.0,False
PLAPEL004,PLASTILINA PELIKAN MX 180G AMA,1.2,1.0,False
MRJPEL007,MARCADOR JGO PELIKAN MX COLORELLA 30111847 JUMBO PASTEL JGO6U,0.7,0.5,False
MCPPTL085,MICROPUNTA PENTEL BL437R V  VIO  0.7MM ENERGEL RETRACT,1.2,1.0,False
PDULEY002,PORTADIUREX LEYDEZ 20087L GRANDE,1.2,0.7,False
TPLPRK007,TINT PLUMAF PARKER 1950377 AZU LAVABLE 57ML QUINK,0.7,1.0,False
JUEART013,JUEGO ARTI TAC039-1 NATURALEZA,1.5,1.0,True
CLBGNR004,BINDER CLIP GEN DONALDL-2275,1.2,1.0,False
JUEART002,JUEGO ARTI TACJUEDI088 BLOQUES DE CONSTRUCCION X 40 PZS - MADERA,0.5,1.0,False
PEGUHU003,PEGAMENTO UHU LIQUIDO 125ML,1.2,1.0,True
PINPAG002,PINCEL PAGODA 251 NO01,1.2,1.0,True
FOLUSG008,FOLDER USIGN US A20 A4 PLAST CON 20 FUNDAS,0.7,1.0,False
LCLLYR056,LAPIC COLOR LYRA 2821240 JGO24U GROVE SLIM CARTON,0.7,1.0,True
MRDPTL022,MARCADOR PENTEL N460 B ROJ PERM RECARG PTA BISEL,0.7,1.0,False
PLAPEL012,PLASTILINA PELIKAN MX 180G VER,1.2,1.0,False
BLPHOA001, BLOCK POST HOPAX 21012 CUBE 3X3PULG 76X76MM 400HJS,0.5,1.0,True
XLIGIS013,LOS INFAMES  3EDC,1.2,1.0,False
FOLDEL081,FOLDER DELLO PLAST 1/2 OFICIO 0252.C.0050 AZUL C. LIGA,0.5,1.0,True
FOLDEL087,FOLDER DELLO PLAST 1/2 OFICIO 0252.U.0050 ROJO C. LIGA,1.2,0.7,True
LAPLYR111,LAPIZ LYRA 2052001 REMBRANDT BLA SECO,0.5,1.5,True
MRJPTL038,MARCADOR PENTEL SES15C BRUSH SIGN JGO 6PCS PASTEL SXVXPXS3XV2XS2X,0.7,0.5,True
PBOLEY106,PAP BOND LEYDEZ TURQUESA 80GR CARTA PQ100HJS,1.5,1.0,True
TAMATS001,TAMPO ARTESCO NEG,0.7,1.2,False
CUDABC028,CUADERNILLO ABC RAYADO CARTA,1.5,1.0,True
LAPLYR093,LAPIZ LYRA 1110114 669 NEG 4H ART DESIGN,1.5,0.7,False
LAPBRW001,LAPIZ NEG BRW LP7206 HB C/DISEÑO NEGRO 72 UNI,1.5,1.0,False
MRDMON005,MARCADOR MON AMI ROJ PERM CD,1.5,1.0,False
MINSTB002,MINA STABILO 9803/6 24 2B 2MM ,1.0,1.2,True
AGEV&R103,AGENDA V&R 2024 MIA ,1.2,1.0,False
LCLSTB046,LAPIC COLOR STABILO 1400 670 CARBOTHELLO SIENA TOSTADO,0.7,1.0,False
JUEART014,JUEGO ARTI TACJUEDI081 GEO-COLOR,1.5,1.0,False
ARCLEY007,ARCHIVADOR LEYDEZ INICIAL AMA 345X265X5CM,1.5,0.7,False
AGEXXX028,AGENDA HARRY POTTER 2024,0.7,1.0,True
FOLDEL165,FOLDER DELLO PLAST 1/2 OFICIO 0440.VL.0050 FULL COLOR VERDE LIMON C. LIGA,1.2,1.0,True
MRJPTL039,MARCADOR PENTEL SES15C BRUSH SIGN JGO 6PCS PASTEL GXP3XP2XN2XNXKX,0.5,1.0,False
PBOLEY104,PAP BOND LEYDEZ DURAZNO 80GR CARTA PQ100HJS,1.5,0.5,True
CNMPEL002,CINTA MAQ PELIKAN MX NEG ESCRIBIR SIMPLE,0.7,1.0,False
AGEEPA066,AGENDA E.PAULINAS 2024 JUVENTUD NUEVA,1.2,1.0,True
MRDPIL009,MARCADOR PILOT SCA TM AZU PERM TWIN MARKER FINE DOBLE PTA,1.5,1.0,False
BOLUNI002,BOLIGRAFO SIGNO NOBLE METAL ROJ 120NM 40,0.7,1.0,False
MCPSTB032,MICROPUNTA STABILO 88/41 AZU. 0.4MM.POINT 88,1.5,1.0,True
PBOWIN006,PAP BOND WIN CEL  75GR OFICIO  PQ500HJS,0.7,1.0,True
MCPSTB105,MICROPUNTA STABILO 88 53 AZU VERDOSO POINT 88,0.7,1.0,True
CAVTLB004,CARTAP VISOR TALBOT 1 PULG 2A TIPO D OFICIO T-10416 PLAST NEG,1.5,1.2,True
ATMXXX085,ATM MECHILLAS DIF COLOR,0.7,1.2,True
PORPTL001,PORTAMINA PENTEL AX105 A 0.5MM FIESTA,1.2,1.0,False
ESJGNR001,ESPONJERO GNR,1.2,1.0,False
TAMATS003,TAMPO ARTESCO VER,0.5,1.0,False
TCRLAP002,TAPA CARPETA MOCHILERA PLENO SIN SEP,0.5,1.5,False
TAPXXX002,TAPA PLAST ENCUADER OFICIO COLOR,0.7,1.0,False
FOLUSG007,FOLDER USIGN US A10 A4 PLAST CON 10 FUNDAS,1.0,1.2,True
PCUXXX001,PAP COUCHE CARTA 115GR,0.5,1.0,False
PORPTL056, PORTAMINA PENTEL AZ125R S E SHARP 0.5MM CEL,0.5,1.2,True
LAPLYR089,LAPIZ LYRA 1110100 669 NEG HB ART DESIGN,1.5,1.0,False
PREDEL016,PORTAREVIS DELLO 6023.W.0006 DELLOCOLOR CLARO,0.5,1.0,True
FOLDEL089,FOLDER DELLO PLAST OFICIO 0254.I.0050 HUMO C. LIGA,1.5,1.0,False
ATMXXX069,ATM CINTA TELA 1CM,0.5,1.0,True
GOMMAP009,GOMA BORRAR MAPED 119711 ERGO FUN,1.5,0.7,True
PEGUHU041,PEGAMENTO UHU 40359 POR 50ML,1.2,1.0,False
XBBVEB001,LA BIBLIA LATINOAMERICANA,0.5,1.0,False
PCPXXX009,PAP CREPE DIF DISENOS 50X200CM,0.5,1.0,True
PEGMNP006,PEGAMENTO MONOPOL CARPICOLA 09L LITRO (PQ/12U),0.7,1.0,False
PBOPLI130,PAP BOND PAPER LINE VER AGUA PARROT 75GR OFICIO PQ500HJS,0.5,1.0,False
TMAPTL012,TINT MARC PENTEL MWR401 D VER RPTO MW45 Y MW46,1.2,1.0,False
LAPSTB015,LAPIZ STABILO TRIO DE COLOR ROJO LARGO GRUESO,0.5,1.0,True
BLPBRW013,BLOCK POST BRW BA7657  76X76MM PET,0.7,1.0,True
BOLPEL092,BOLIGRAFO PELIKAN AL 821742 JAZZ ELEGANCE NOBLE K36 PERLA,0.7,1.0,True
XCLALG087,ALBUMES ILUSTRADOS ABUELOS PIRAÑAS Y OTRAS HISTORIAS,0.5,1.0,True
CARXXX009,CARTON GRIS TAMAÑO OFICIO,0.5,1.5,True
PSSPTL005,PASTELES PENTEL PHN 25AM JGO25U,1.5,1.0,True
GOMFBC003,GOMA BORRAR FABER CASTELL 185800 T/LAPIZ,0.7,1.0,False
XCLBTN007,PEPO DICE A COMER ART 2214,1.2,1.0,True
PPNMDN001,PORTAPLANO MADISON 1K12005 NO936 PLAST EXTEND 107M,1.2,1.0,True
FOLMLC001,FOLDER MILCAR OFICIO VARILLA PLAST,1.2,1.0,True
CLPABL001,CLIP COLOR ABEL 41704 PLAST 39MM FCO200U,1.2,1.0,False
LCLSTB019,LAPIC COLOR STABILO 1400 310 CARBOTHELLO CARMIN ROJO,1.2,1.0,False
SENATS002,SEÑALADOR ARTESCO CRISTAL ESTANDAR 15CM PLAST,0.7,1.0,False
FOLDEL017,FOLDER DELLO 0242.A.0050 DELLOFINE AMA. LOMO 2 CMS OFICIO,0.5,1.0,True
ESPXXX007,ESPIRAL 23MM PLAST(50UNID),1.5,1.0,True
TAFXXX011,TARJ FELIC MINI DIF MODELOS,1.5,1.0,False
CLBLEY006,CLIP BIN LEYDEZ 51MM 2PULG,1.5,1.0,False
TCRXXX003,TAPA CARPETA  DOBLE OFICIO CARTON,0.7,1.0,True
CNAPGF010,CINTA ADHES PEGAFAN TECNOF 820 3/4 X 20 YDS BLANCA,0.5,1.0,True
CNKPGF011,CINTA MASK PEGAFAN 500 ESC 2PULG X 20YDS,1.2,1.0,False
MCPPTL004,MICROPUNTA PENTEL K118 Z PLATEADO 0.8MM GEL,0.7,1.0,True
XCLGIS001,LA TRAVESIA DE LA PORTADA MAGICA C CD,1.2,1.5,False
XLIGIS008,LOS INFAMES,1.5,1.0,False
XLIGIS009,FABULA VERDE,0.5,1.0,False
FOLOXF024,FOLDER OXFORD 153 1/3 OFICIO ROS PESTAÑA,1.2,1.0,False
MRDSTB004,MARCADOR STABILO 146 166 156 46 NEG PERM CD,1.2,1.5,True
MRAPTL018,MARC AGUA PENTEL MW45 C AZUL PUNTA REDON RECARG,1.2,1.0,False
CAUXXX050,CARTULINA HILADA OFICIO CREMA 180GR,1.2,1.0,False
FOLDEL028,FOLDER DELLO 0234.C.0050 TOP LINE AZU. LOMO 2 CMS OFICIO,1.2,1.0,True
PCPXXX006,PAP CREPE MORADO 50X200CM,1.5,1.0,False
PAAXXX005,PAP ARAÑA CEL 50X80CM,1.5,1.0,True
CATRIC003,CARTAP RICOR 2A LISO ESCOLAR PLAST,1.0,1.5,True
MCPPTL028,MICROPUNTA PENTEL BL27 B ROJ 0.7MM ENERGEL,0.5,1.0,True
AGEEPA065,AGENDA E.PAULINAS 2024 EMPEZAR C..DIA T/FLEXIBLE,1.2,1.0,False
CUEKON001,CUENTA HOJAS KONY BON 60219 PARA DEDO,1.5,1.0,True
PINPTL001,PINCEL PENTEL FRH B PUNTA LARGE RECARGA AGUA,0.7,1.0,False
CAUPLI002,CARTULINA PAPERLINE 10 COLORES OFICIO 200GR PQ100HJS,0.5,1.0,True
MRDPTL035,MARCADOR PENTEL N460 V VIO PERM RECARG PTA BISEL,0.7,1.0,False
XLECOQ205,ROLANDO Y ROCIO LEC 5 2018,1.2,0.7,True
XCPLAL003,CUENT P PINTAR DIF TIT ING ESP LANDOLL S COLBOR,0.5,1.0,True
PEGPTL003,PEGAMENTO PENTEL ERB50 M 50ML GOMA LIQUIDA BROCHA,0.5,1.0,False
PAAXXX017,PAP ARAÑA ROSADO 50X80CM,0.7,1.0,False
ACUPEL003,ACUARELA PELIKAN MX BUS ESCOLAR JGO12 PASTILLAS 22CM,1.5,1.0,False
PBOLEY108,PAP BOND LEYDEZ AMA ORO 80GR CARTA PQ100HJS,1.2,1.0,False
HJOXXX008,HJA CONTAB 7 COLUMNAS,0.5,1.0,False
LAPLYR076,LAPIZ LYRA 2010041 AZUL LYRA REMBRANDT AQUA,0.5,1.0,True
TIJVIN003,TIJERA VINIFAN ANIMALITOS PANDA,1.2,1.0,True
FOLDEL164,FOLDER DELLO PLAST 1/2 OFICIO 0440.Q.0050 FULL COLOR PINK C. LIGA,0.7,1.0,True
LAPLYR049,LAPIZ LYRA 1110109 669 NEG 9B ART DESIGN,1.2,1.0,False
ATMXXX042,ATM PISTOLA SILICONA,1.2,1.0,True
FOLDEL011,FOLDER DELLO 0241.C.0050 DELLOFINE AZU.  ALA OFICIO,1.5,1.0,False
XCLALR017,150 CUENTOS PARA NINOS FASC NO 7,1.2,1.0,False
FORRIC028,FORRO RICOR OFICIO PLAST NARANJA ,0.5,1.0,False
MRAPEL027,MARC AGUA PELIKAN MX 741 ROJ FLASH MARKER PTABALA CJ 10U,1.5,1.0,False
JUEART017,JUEGO ARTI TAC037-2 MOSAICOS MAGICOS X 500 PZS,1.0,0.5,False
TAPXXX001,TAPA PLAST ENCUADER OFICIO TRANSP,1.2,1.5,True
BLDPEL009,BLOCK DIBUJ PELIKAN AL C4 A4 20HJ 120GSM 21X29.7CM 236782,0.7,1.0,False
NYLXXX017,NYLON TRANSP 65CM X 200MT 50MIC TIPO VINIFAN,1.2,1.0,True
CAUXXX054,CARTULINA OFICIO NEG,1.2,0.7,False
XLNGIS007,LA ELEGIDA,1.2,1.0,False
MRJPEL026,MARCADOR JGO PELIKAN MX 240 PERMANEN JGO8U TRAZO FINO 30230141,1.5,1.0,False
ARCLEY040,ARCHIVADOR LEYDEZ LETRA,1.5,1.0,False
ATMPEL002,BATA DE ARTE PELIKAN 15520300 MANGA LARGA CON MANTEL 407X307MM,1.2,1.0,False
PNLACR056,PINTUR TELA ACRILEX 528 LILA,1.2,1.0,True
FGAART004,FIGURAS ADH ARTI TACF00013 LA JUNGLA X 8 PZS GOMA EVA,0.7,1.0,True
CUAABC077,CUADERNO ABC ENGRAP CARTA CUAD 7MM 50HJS TAPA BLANDA,0.7,1.0,True
ENGISO006,ENGRAPADOR ISOFIT CP-30 CAP 25HJS PLAST 24/6 - 26/6,0.7,1.0,False
GRARAP006,GRAPAS RAPID COBRE 24855700 24/6 CJ1000U,1.2,1.0,False
PBOLEY004,PAP BOND LEYDEZ DURAZNO 80GR CARTA PQ500HJS,0.7,1.0,False
PEGPOX011,PEGAMENTO POXIPOL LA GOTITA GEL,0.5,1.0,False
FOLDEL088,FOLDER DELLO PLAST OFICIO 0254.H.0050 TRANSP. C. LIGA,0.5,1.0,False
MRDSTB059,MARCADOR STABILO 68 60 8 1 PEN 68 COLOR METALICO PLATEADO,0.7,1.0,False
CNMPEL004,CINTA MAQ PELIKAN MX BIC CALCULAR,1.2,1.0,False
PBOXXX102,PAP BOND 75GR BLAN A4,1.5,1.0,True
TMAPTL007,TINT MARC PENTEL NR401 B ROJO RPTO N450 Y N460,0.5,1.0,False
MRDPTL032,MARCADOR PENTEL N460 F NAR PERM RECARG PTA BISEL,1.2,1.0,True
FOLDEL110,FOLDER DELLO 0240.K.0050 DELLOFINE NARANJA NEON ALA OFICIO,0.7,1.0,True
MRDPEL056,MARCADOR PELIKAN MX 440 ROJ PERM BISELADA,0.7,1.0,True
SOBBEC003,SOBRE BECKET 458691 COLONIAL WHITE HILADO,1.5,1.0,True
FOLDEL083,FOLDER DELLO PLAST 1/2 OFICIO 0252.R.0050 LILA C. LIGA,1.5,1.0,False
BOLPEL093,BOLIGRAFO PELIKAN AL 821759 JAZZ ELEGANCE NOBLE K36 ROSE,1.5,1.0,True
BOLPRK088,BOLIGRAFO PARKER 1953195 JOTTER PREMIUM NEGRO CLIP CROMADO,0.5,1.0,True
RESPEL048,RESALTADOR PELIKAN CO 041 900 465 JGO10U FLASH PASTEL GRUESO,1.5,1.0,False
PESXXX009,PAP ESTAÑADO FUCSIA,1.2,1.5,False
PORPTL042,PORTAMINA PENTEL AX127 B 0.7MM FIESTA II ROJ,1.2,1.0,True
PCLIDL001,PORTACLIPS IDEAL IMAN CUADRADO,0.5,1.0,False
CLBGNR001,CLIP BIN GEN 32MM 1 1/4PULG CJ12PZ,1.2,1.5,False
ACCART004,ACCESORIOS ARTI TACF00016 PLUMAS X 12GRS,1.5,0.7,True
RESFBC003,RESALTADOR FABER CASTELL B NAR TEXMARKER 49,1.5,1.0,False
XCLSIG840,ALGODON EL PATO ARCOIRIS COD 0573AX0020,0.7,1.2,True
FOLDEL025,FOLDER DELLO 0233.C.0050 TOP LINE AZU. OFICIO,0.7,0.5,False
FICXXX005,FICHA CARTULINA COLOR 12X15CM PQ25U,0.7,0.5,False
MRDPTL023,MARCADOR PENTEL N460 C AZU PERM RECARG PTA BISEL,1.5,1.0,False
RESPEL034,RESALTADOR PELIKAN MX 214 NAR TEXMARKER,0.7,1.0,False
PORSTB008,PORTAMINA STABILO 9883 2B EXAM GRADE 2MM,1.5,1.0,False
CIAXXX001,CINTA DE AGUA,1.5,1.0,True
GOEXXX078,GOMA EVA LISA OFICIO PLOMO,0.7,1.0,False
XCLBTN052,RINCON FANTASIA PETER PAN ART 2033,1.2,1.0,True
MRDPEL055,MARCADOR PELIKAN MX 440 AZU PERM BISELADA,0.5,1.0,False
PMILAP001,PAP MILIMETRADO BOND OFICIO PQ50HJS,0.7,1.0,False
LAPSTB053,LAPIZ STABILO 8045 ALL MARRON,1.2,1.0,True
PLFPEL031,PLUMAFUENTE PELIKAN AL 821810 JAZZ NOBLE ELEGANCE  P36 ROSA,0.5,1.0,False
PSESWA001,PAP SEDA 3201 3101 AMA NO1 50X75CM,1.2,1.0,True
XPRSIN001,GRAFISMO PRE ESCOLAR,1.5,1.0,True
CAVWJO011,CARTAP VISOR WILSON JONES 3134 1.5PULG 3A CARTA AZU,1.2,1.0,True
XACEVE001,COLEC EL OSITO HABILIDOSO DIF TITULOS 1994 OSIHAB,0.5,1.0,True
CAVTLB002,CARTAP VISOR TALBOT 2 PULG 3A CARTA T-90600 PLAST BLA,0.5,1.0,True
FOLDEL128,FOLDER DELLO 0268.P.0050 EJECUTIVO NEGRO LOMO 2 CMS OFICIO,0.7,1.0,False
CORPEL006,CORRECTOR PELIKAN AL 1088 LIQUIDO STENCIL,1.0,0.7,False
CORPTL003,CORRECTOR PENTEL XZTP104B W CINTA BLA 42MM X 7M,1.5,1.0,True
BOLPEL005,BOLIGRAFO PELIKAN MX POINTEC JGO 10 COL 1.0MM,1.5,1.0,True
LCLSTB056,LAPIC COLOR STABILO 1400 545 CARBOTHELLO VERDE ESMERALDA CLAIR,0.7,1.0,True
XACSIG077,PEQUEÑOS CIENTIFICOS QUIMICA CHISPEANTE COD 0504PC0020,0.5,1.0,True
REGXXX009,REGLA METALICA 20CM,1.2,1.0,True
TIJVIN001,TIJERA VINIFAN ANIMALITOS MARIPOSA,1.2,1.0,True
JUEXXX004,JUEGO TANGRAM,1.5,0.5,True
CAEEPA032,CALENDARIO E.PAULINAS 2024 PROGRAMADOR DE ESCRITORIO 365 DIAS FORRO PLAST,0.7,1.0,True
TCHPEL001,TINT CHINA PELIKAN CO AZUL 15CC PLAST,1.0,1.2,True
MRDPEL057,MARCADOR PELIKAN MX 440 VER PERM BISELADA,1.5,1.0,False
LIGALL002,LIGAS ALLIANCE NO33 DE 1 LIBRA,0.5,1.0,True
MRAPTL023,MARC AGUA PENTEL MW46 C AZU PTA BICELADA RECARG,1.5,1.2,True
CAUPRQ001,CARTULINA PROBUS DIF COLOR FLUOR 50X70CM,0.7,1.0,False
KITABC002,KIT ABC UNIVER PATAG CARTA 1/2 OFICIO 3 BOL BX417 2 RES 414 1 BANDER,1.5,1.0,True
FIOXXX002,FIOMAGICO CON ADAPTADOR,0.5,1.0,True
PINPTL017,PINCEL PENTEL FRH MH PUNTA PLANA RECARGA AGUA,0.5,1.0,False
MRDMON004,MARCADOR MON AMI NEG PERM CD,0.5,1.5,False
CAVUSG007,CARTAP VISOR USIGN US 203PD 2PULG 3A TIPO D A4 PLAST BLA,0.7,1.0,True
LRGXXX008,LIBRO REGIS MW VENTAS IVA,0.7,1.0,False
MINCHI001,MINA CHINA P9008 0.5MM TBO12U,1.5,1.0,False
GOEXXX051,GOMA EVA LISA CAF CLARO 50X70CM,1.5,1.0,True
BLBABC003,BLOCK BOND ABC COL 9X9CM 500HJS,1.2,1.0,True
XCLBTN054,RINCON FANTASIA EL MAGO DE OZ ART 2035,0.7,0.5,True
FORRIC011,FORRO RICOR 1/2 OFICIO PLAST DIF COLOR,1.2,1.0,False
ATMXXX081,ATM AGUJA METALICO PUNTA ROMA,0.5,1.0,False
CAUXXX035,CARTULINA ESCOLAR 170GR ROS 65X100CM,1.2,1.0,False
BESUSG001,BANDEJA ESC USIGN US 837 4 DIVIS,0.5,1.0,True
MRAPTL016,MARC AGUA PENTEL MW45 A NEG PTA REDONDA RECARG,1.2,1.0,True
CCOIDL001,CARPETA COLG IDEAL ROJ OFICIO,0.5,1.0,True
BOLPEL067,BOLIGRAFO PELIKAN AL 807067JAZZ ELEGANCE K36 PERLA,1.5,1.0,False
LAPLYR032,LAPIZ LYRA 2920101 BICOLOR DUO ROJO AZUL SLIM,1.5,1.0,False
MINLYR020,MINA LYRA 5001101 NEG 0.5MM B,0.7,1.0,True
BLPBRW008,BLOCK POST BRW BA0701,1.2,1.0,False
PEGMNP004,PEGAMENTO MONOPOL CARPICOLA 500 ML.(PQ/15U),1.0,1.2,True
CUAXXX014,CUADERNO EMPASTADO  CARTA CUAD 5MM 100 HJS,1.2,1.0,True
DVDXXX004,DVD PRINCO DVD R 47GB 120MIN,0.5,1.0,False
TPLPRK005,TINT PLUMAF PARKER 1952302 AZU LAVABLE CARTUCHO BL5U,1.2,1.0,True
MCPPTL026,MICROPUNTA PENTEL BLN15 BQ ROJ 0.5MM ENERGEL,0.5,1.0,False
PNLACR042,PINTUR TELA ACRILEX 535 AZU MAR,0.5,1.0,True
BOLPTL093,BOLIGRAFO PENTEL BX487 P ROS 0.7MM FEEL IT,0.7,1.0,True
BOLPRK133,BOLIGRAFO PARKER 2123493 SONNET 51 ACERO INOX NEGRO  CLIP CROMADO,1.2,1.0,False
MCPPTL082,MICROPUNTA PENTEL BL437R F NAR  0.7MM ENERGEL RETRACT,0.7,1.2,True
TCHPEL003,TINT CHINA PELIKAN CO NEG 15CC PLAST,1.5,1.0,False
PORPTL033,PORTAMINA PENTEL A105C K 0.5MM CAPLET VER,1.5,1.0,False
LRGABC005,LIBRO REGIS ABC ASISTENCIA OFICIO 100HJS,1.0,1.2,False
TPLPEL009,TINT PLUMAF PELIKAN AL 4001 ROJ 30ML,1.5,1.0,True
TPLPEL014,TINT PLUMAF PELIKAN AL 4001 VIO CARTUCHO 7CM,1.2,1.0,True
ACEXXX001,ACETATO OFICIO,0.7,1.0,True
FORATS002,FORRO ARTESCO 0.45X3M FILM CONTACT,0.7,1.0,True
PLAPYD001,PLASTILINA PLAYDOH JGO4U 448G,0.5,1.0,True
CAUCNS112,CARTULINA CANSON MI TEINTES NEGRO 50X65CM 160GR 453  C200361014,1.2,1.0,False
BOLPRK082,BOLIGRAFO PARKER 1953191 JOTTER AZU AGUA CLIP CROMADO,1.5,1.0,True
SELTRX002,SELLO TRAXX NO15 DI5 40 FECHADOR,0.5,1.0,False
SELPEL001,SELLO PELIKAN 12410019 NUMERADOR AUTOMAT 6DIG,1.2,1.0,False
GOEXXX005,GOMA EVA GLITTER NEG 50X70CM,0.7,1.0,True
XCLSIG455,JUEGOS Y CUENTOS HANSEL Y GRETEL,1.0,1.2,False
PBOAIR006,PAP BOND AIR COLOR OFICIO LILA 75GRS PQ500HJS,0.5,1.0,True
PBOLEY007,PAP BOND LEYDEZ TURQUESA 80GR CARTA PQ500HJS,1.2,1.0,False
FOLPND002,FOLDER PENDAFLEX 75709WM AMA CARTA PQT10PCS ,1.0,1.2,False
LAPSTD011,LAPIZ STAEDTLER 110 NEG TRADITION 5B,1.2,1.0,False
PDUATS002,PORTADIUREX ARTESCO EMBALAJE,1.5,1.0,False
PERISO008,PERFORADOR ISOFIT PM30 CAP 30HJS,1.2,0.5,True
XCLALG070,LETRA MAGICA LAURA Y LOS RATONES,0.5,1.2,False
POBXXX002,PAP OBRA CREMA OFICIO DELG,0.7,1.0,False
PCEXXX003,PAP CELOFAN DISEÑO 76X102CM,0.5,0.7,True
AGEEPA070,AGENDA E.PAULINAS 2024 VIVIR ES..T/ACOLCHADA,0.7,1.0,True
LAPLYR112,LAPIZ LYRA 2054240 REMBRAND SCKETCHING SET EST ROLL TELA  24U,1.5,1.0,True
ACUPEL002,ACUARELA PELIKAN MX MASTER JGO12 PASTILLAS 32CM,1.5,0.5,False
HJCABC049,HJA CARPETA ABC 3 PERF CUAD 4MM PQ500HJS,1.5,1.0,False
ATMXXX090,"ATM CINTA TELA 1,5CM",0.5,1.0,True
PLAPEL024,PLASTILINA PELIKAN MX 180G LAVANDA 06700130,0.7,1.0,False
MRAPTL017,MARC AGUA PENTEL MW45 B ROJO PUNTA REDON RECARG,1.2,1.0,False
RESSTB033,RESALTADOR STABILO 70/10 1 20 BOSS ARTY JGO 10PCS,1.2,1.0,False
SACLEY001,SACAGRAPA LEYDEZ 8101A,1.0,0.5,False
PINHRL001,PINCEL HERLITZ 700733 GRIFFIX JGO 5 PCS ,1.5,1.0,True
BOLPRK132,BOLIGRAFO PARKER 2068360 JOTTER MATTE GRIS CLIP CROMADO,0.7,1.0,True
TJTXXX002,TARJETERO ESCRITORIO PLAST,0.5,1.0,False
PAPISO002,PAPELERO ISOFIT MALLA METAL DOBLE,1.5,1.0,True
BOLPRK105,BOLIGRAFO PARKER 2122754 JOTTER XL DORAD CLIP DORADO,1.2,1.0,False
PILPWO031,PILAS ALKALINAS POWER ONE P-D2 BL2U,1.5,1.0,False
ENGRAP038,ENGRAPADOR RAPID HS S27 SUPREM CAP 30HJS NEG GRIS 5000540,1.2,1.0,True
XXILAR004,DICC BASICO ESPAÑOL INGLES 2010,1.5,1.0,False
LCLSTB032,LAPIC COLOR STABILO 1400 760 CARBOTHELLO NEGRO HUMO,0.7,1.0,False
GOMSTD026,GOMA BORRAR STAEDTLER 528 20 PORTAMINA RADETT,1.5,1.2,False
FOLDEL085,FOLDER DELLO PLAST 1/2 OFICIO 0252.T.0050 VERDE C. LIGA,1.2,1.0,True
AGEEPA069,AGENDA E.PAULINAS 2024 EMPEZAR C..DIA T/ACOLCHADA,0.7,1.0,True
GOEXXX049,GOMA EVA LISA BLA 50X70CM,1.5,1.0,False
LAPLYR109,LAPIZ LYRA 2051950 REMBRANDT SEPIA LIGHT OIL,0.7,1.0,False
PBOCHA021,PAP BOND CHAMEX BLAN 75GR A4 PQ500HJS,0.5,1.0,False
FOLDEL107,FOLDER DELLO 0240.Q.0050 DELLOFINE ROSA NEON ALA OFICIO,0.5,1.0,True
FORRIC025,FORRO RICOR OFICIO PLAST MORADO,0.5,1.0,True
BOLPEL097,BOLIGRAFO PELIKAN AL 821780 JAZZ ELEGANCE NOBLE K36 AZUL,0.5,1.0,True
XLLALG019,CALCETIN AMARILLO VACACIONES,1.2,1.0,True
PLUXXX017,PAP LUSTROSO LILA 50X70CM,1.2,1.0,True
CAVUSG009,CARTAP VISOR USIGN US 302PD 3PULG 2A TIPO D A4 PLAST BLA,0.7,1.0,True
LAPLYR095,LAPIZ LYRA 1110116 669 NEG 6H ART DESIGN,0.7,1.0,False
FOLDEL019,FOLDER DELLO 0242.H.0050 DELLOFINE CRISTAL LOMO 2 CMS OFICIO,0.5,1.5,True
RESSTB024,RESALTADOR STABILO 70/111 AZUL PASTEL BOSS GRUESO,1.5,0.5,False
BOLPEL064,BOLIGRAFO PELIKAN AL 806978 JAZZ CLASSIC K35 BLANCO,0.7,0.5,False
ETQJAC001,ETIQUETAS JAC PRINT C210297 AMARILLO 210X297MM,1.5,1.0,False
PINPTL035,PINCEL PENTEL ZBS6-10E N° 10 PELO CABRA PLANO,1.2,1.0,False
FGAART010,FIGURAS ADH ARTI TACF00010 SOL Y LUNA X 60 PZS GOMA EVA,0.7,0.5,False
PREDEL015,PORTAREVIS DELLO 6023.V.0006 DELLOCOLOR VER.,0.7,0.5,False
ALFISO001,ALFILERES ISOFIT (CJA X 10),1.2,0.5,True
REGPEL003,REGLA PELIKAN MX 30CMPLASTFLEXIBLE,1.5,1.0,False
GOEXXX013,GOMA EVA GLITTER DORADO 50X70CM,1.2,1.0,True
FOLDEL120,FOLDER DELLO 0233.A.0050 TOP LINE AMA. ALA OFICIO,0.7,1.0,False
BLPBRW012,BLOCK POST BA0601 BRW NOTAS MULTIPLES FLORAL,1.5,1.0,True
MRDPTL034,MARCADOR PENTEL N460 P ROS PERM RECARG PTA BISEL,0.7,1.0,False
XI3FCH002,INGLES PRACTICO J M JAN,1.5,1.0,True
ACCART005,ACCESORIOS ARTI TACF00050B GOTITAS X 212 PZS,0.5,0.7,True
LCLSTB076,LAPIC COLOR STABILO 1520/36 ARTY JGO36U CAJA CARTON,1.5,1.0,True
TIJPEL009,TIJERA PELIKAN MX 08000139 FANCY OFICINA 7PULG ACERO INOX,0.7,1.0,False
MCPPTL069,MICROPUNTA PENTEL BN15 A NEG 10MM GEL ROLLER FOR FABRIC,0.7,1.5,True
PLFPEL033,PLUMAFUENTE PELIKAN AL 821834 JAZZ NOBLE ELEGANCE  P36 CARBON,0.7,1.0,True
PINPTL047,PINCEL PENTEL XGFH DXX COLOR BRUSH METALIC ORO,1.2,1.0,False
BOLPIL043,BOLIGRAFO PILOT BPP GPL F ROJ 0.7MM SUPER GRIP LIGHT,0.5,1.2,False
PORPTL050,PORTAMINA PENTEL AX105 WE 0.5MMFIESTA BLA,1.5,1.0,True
PLAPEL019,PLASTILINA PELIKAN MX JGO4U MAGIMASA,1.2,1.0,False
CALCAS003,CALCULADOR CASIO MX 120B 12DIG,0.7,1.0,True
PCAPEL001,PAP CARBON PELIKAN MX 1022 G NEG OFICIO,0.5,1.0,False
LAPLYR092,LAPIZ LYRA 1110113 669 NEG 3H ART DESIGN,1.2,1.0,False
LAPLYR108,LAPIZ LYRA 2051250 BROWN TONES SET CAJA METAL 25U,0.7,1.0,True
GRARAP008,GRAPAS RAPID ZINC 24869300 23/10 CJ1000U,0.7,1.0,True
SACISO002,SACAGRAPA ISOFIT TIPO ALICATE,0.5,1.0,False
ESJATS001,ESPONJERO ARTESCO 24 010,1.0,0.5,False
MRDUNI003,MARCADOR UNI PIN BR-S BRUSHSIGN SEPIA ,0.7,1.0,True
REGMAP004,REGLA MAPED 276310 30CM IRROMPIBLE,1.5,1.0,True
MRAPTL022,MARC AGUA PENTEL MW46 B ROJ PTA BICELADA RECARG,1.5,1.0,True
MRJLYR006,MARCADOR JGO LYRA 6521240 AQUA BRUSH DUO 24 COLORES,1.5,0.5,False
GOEXXX095,GOMA EVA TOALLA AZU 50X70CM,1.5,1.0,True
LAPLYR081,LAPIZ LYRA 1110111 669 NEG H ART DESIGN,0.5,1.0,True
XLLCOQ104,CUENTOS ESCOG VOL IV,0.5,1.0,False
TIJMAP010,TIJERA MAPED 464212 SOFT,1.0,0.7,True
CNAFST003,CINTA ADHES FIVE STICK TORNASOL PLATEADO 12MM X 2YDS,0.7,1.0,True
CAUXXX036,CARTULINA ESCOLAR 170GR VER 65X100CM,1.2,0.5,False
FUNXXX002,FUNDA PLAST CON BROCHE COLOR OFICIO,0.7,1.0,False
LAPLYR074,LAPIZ LYRA 2054102 REMBRANDT CHARCOAL 2B ,0.5,1.0,True
ACCXXX002,ACCES COMP HP USB 8GB,1.2,1.0,False
CAVUSG002,CARTAP VISOR USIGN US 153PD 1.5PULG 3A TIPO D A4 PLAST BLA,1.2,1.0,False
CAUXXX071,CARTULINA BLANCA TRIPLEX OFICIO ,0.7,1.2,False
FOLDEL159,FOLDER DELLO 0246.VP.0050 SERENA VERDE PASTEL OFICIO,1.5,1.0,True
PILPWO021,PILAS ALKALINAS POWER ONE P-C2 BL2U,0.7,1.0,True
CAUXXX049,CARTULINA HILADA OFICIO BLA,1.5,1.0,False
CNRDYM026,CINTA ROTUL DYMO 45018 1/2PULG IMPRESO NEG EN CINTA AMA,1.5,1.0,True
PNLACR009,PINTUR TELA ACRILEX 520 PRETO CORRIENTE,0.5,1.0,False
PBOLEY008,PAP BOND LEYDEZ VER ESMER 80GR CARTA PQ500HJS,0.7,1.0,True
PSESWA007,PAP SEDA 6102 CEL NO12 50X75CM,1.5,1.2,True
PSESWA013,PAP SEDA ROS 50X75CM,1.2,1.0,False
MCPSTB043,MICROPUNTA STABILO 88 43 VER HOJA 0.4MM POINT 88,1.5,0.7,True
FGAART013,FIGURAS ADH ARTI TACF00004 FLORES 3D X 68 PZS GOMA EVA,1.0,1.2,False
XCLGIS010,EN BUSCA DE UN CABALLITO DE MAR 5ª EDIC.,0.5,1.0,True
MCPSTB115,MICROPUNTA STABILO 88 88 OCRE CLARO POINT 88,0.5,1.0,True
REGDEL004,REGLA DELLO 3112.R.0096 30 CM DELLOCOLOR PURPURA CX DISPLAY,1.5,1.0,True
MRDPTL043,MARCADOR PENTEL NF450 C AZU PERM PTA EXT FINA,1.0,1.5,False
BLPHOA036,BLOCK POST HOPAX S21712 TRASLUCIDO 3X3PULG 76X76MM 50HJS,0.7,1.0,True
CNAFST028,CINTA ADHES FIVE STICK TORNASOL NAR 12MM X 2YDS,1.5,0.5,True
PSESWA008,PAP SEDA CEL OSC LIGHT BLUE NO13 50X75CM,0.7,1.0,False
RESMON007,RESALTADOR MON AMI NAR JUMBO,1.5,1.0,False
LAPLYR043,LAPIZ LYRA 1110105 669 NEG 5B ART DESIGN,1.2,1.0,True
FOLDEL094,FOLDER DELLO PLAST OFICIO 0254.U.0050 ROJO C. LIGA,1.2,1.0,False
PTFTNP017,PLASTOFORM TECNOPOR 2.5CM (50X100CM)B/20,1.5,1.2,True
BLPBRW009,BLOCK POST BRW BA5001,1.2,1.0,False
MCPSTB033,MICROPUNTA STABILO 88 44 AMA 0.4MM POINT 88,1.5,1.0,False
BLNXXX001,BLOCK NUMERADO BLANCO BOND,1.2,1.0,True
MRAPTL008,MARC AGUA PENTEL MW85 AO NEG,1.2,1.0,True
LAPLYR062,LAPIZ LYRA 1110103 669 NEG 3B ART DESIGN,1.0,0.5,True
PLUXXX024,PAP LUSTROSO 15X15CM BLOC 12HJS,1.5,1.0,True
TIJPEL008,TIJERA PELIKAN MX 08000142 ESCOLAR 5PULG MANGO SUAVE,1.2,1.0,True
MCPUNI009,MICROPUNTA UNIBALL UNI PIN ROJO 01,0.7,1.0,False
CUAABC005,CUADERNO ABC ENGRAP 50HJS BLA,0.5,1.0,True
LAPLYR065,LAPIZ LYRA 1111120 669 NEG 6B 4H ART DESIGN CAJA METAL 12U,1.0,0.5,True
CUAABC127,CUADERNO ABC ESP OFICIO HJA BLANCA 100HJS SKETCHBOOK COL SAINT ANDREWS,1.2,1.0,False
MRDFBC003,MARCADOR FABER CASTELL 54 ROJ MULTIMARK,1.2,1.0,False
FOLDEL020,FOLDER DELLO 0242.I.0050 DELLOFINE HUMO LOMO 2 CMS OFICIO,1.2,0.7,False
BOLPIL042,BOLIGRAFO PILOT BPP GPL F NEG 0.7MM SUPER GRIP LIGHT,1.5,0.7,True
PTFTNP022,PLASTOFORM TECNOPOR ESFERA 1.5CM DIAMETRO,1.5,0.5,True
JUEART026,JUEGO ARTI TAC023-S KIT BASICO,0.7,1.0,False
BOLPRK089,BOLIGRAFO PARKER 1953184 JOTTER NEGRO CLIP CROMADO,0.7,1.5,False
FOLVIN023,FOLDER VINIFAN TAPA FANTASIA PLASTICO AMARILLO C/LIGA,0.5,1.0,True
MCHHRL022,MOCHILA HERLITZ SMART SPACE 50013968,1.2,1.0,True
FOLDEL121,FOLDER DELLO 0233.K.0050 TOP LINE NAR. ALA OFICIO,0.7,1.0,True
GOEXXX071,GOMA EVA LISA OFICIO FUCSIA,1.2,1.0,True
TAMTRO018,TAMPO TRODAT 6 4911 AZU RPTO SELLO,1.5,1.0,False
TAJMAP002,TAJADOR MAPED 534755 2 USOS SHAKER,0.5,1.0,True
REGLEY001,REGLA LEYDEZ XG71 30CM PLAST ,1.5,1.0,False
BOLPRK127,BOLIGRAFO PARKER 1953201 JOTTER CAFE RAYAD CLIP CROMADO,0.7,1.0,True
CAUCNS004,CARTULINA CANSON COLORLINE ROJ 50X65CM  C41014,0.5,1.0,False
FOLDEL162,FOLDER DELLO PLAST 1/2 OFICIO 0440.C.0050 FULL COLOR AZUL C. LIGA,1.0,1.5,False
FOLDEL163,FOLDER DELLO PLAST 1/2 OFICIO 0440.K.0050 FULL COLOR NARANJA C. LIGA,1.2,1.0,True
CNAFST025,CINTA ADHES FIVE STICK FUCSIA 12MM X 2YDS TORNASOL,1.2,1.0,True
PCUXXX004,PAP COUCHE OFICIO,0.7,1.0,False
PBOXXX216,PAP BOND  BLAN  1/2 CARTA 75GR PQ500HJS,1.2,1.0,True
CUAABC020,CUADERNO ABC NO 2 1/2 COL ALEMAN,0.7,1.0,False
MCPUNI013,MICROPUNTA UNIBALL UNI PIN ROJO 03,0.5,0.7,False
XQMSIN003,QUIMICA INORGANICA 3 CURSO PREUNIVESITARIO TAPA OCRE,1.0,0.7,True
CAUCNS005,CARTULINA CANSON COLORLINE VIO 50X65CM  C41017,0.7,1.0,True
PEGMNP007,PEGAMENTO MONOPOL CARPICOLA 75 ML.(PQ/20U),0.5,1.0,False
KITHAL001,"KIT 1 MASCARA HALLOWEEN  4 UNI CARTULINAS DE COLOR, 1 JGO12U MARCADORES PELIKAN TWIST TRIANGULAR, 1 ",1.2,1.0,False
LAPLYR019,LAPIZ LYRA 1210111 2510 NEG H=3 ROBINSON,0.7,1.0,False
LCLSTB051,LAPIC COLOR STABILO 1400 570 CARBOTHELLO VERDE CINABRIO,1.2,0.5,True
GOMLYR010,GOMA BORRAR LYRA 2091461 MIGA DE PAN MEDIUM MOLDEABLE,0.7,1.0,True
LAPLYR105,LAPIZ LYRA 2051111 REMBRANDT GRAPHITE SET CAJA METAL 11U,0.7,1.0,True
ETLHRL009,ESTUCH LAP HERLITZ 50014538 ROUND GIRLS II 4DISEÑOS,0.7,1.0,False
PINPEL014,PINCEL PELIKAN AL 25 3 NO3,1.2,1.0,False
GOEXXX006,GOMA EVA GLITTER AZU OSC 50X70CM,0.5,1.0,True
PBOAIR008,PAP BOND AIR COLOR OFICIO MORADO 75GRS PQ500HJS,0.5,1.0,True
PLUXXX015,PAP LUSTROSO NAR 50X70CM,0.7,1.0,False
GOMMAP011,GOMA BORRAR MAPED 511010 4 ARCHITECTE,0.7,1.2,True
ETQAVR054,ETIQUETAS AVERY 05492 CEL 25X75MM 1X3PULG FLUOR,0.7,1.0,True
MRJCRC001,MARCADOR CARIOCA JOY  JGO12U,1.5,1.0,True
ESPXXX001,ESPIRAL 07MM PLAST (100UNID),1.5,1.0,False
GRARAP010,GRAPAS RAPID ZINC 24869200 23/ 8 CJ1000U,1.2,0.5,True
PSESWA019,PAP SEDA NAR AGUA NO25 50X75CM,1.2,1.0,True
PTLXXX001,PORTALAPIZ MARMOL NAL,0.7,1.0,True
CAUXXX057,CARTULINA DUPLEX 260 GR 77 X110 CM,1.5,1.0,True
BOLPEL072,BOLIGRAFO PELIKAN AL 812665 JAZZ PASTEL K36  DURAZNO,1.2,1.0,True
MRDFBC009,MARCADOR FABER CASTELL 52 AZU MULTIMARK,1.2,0.7,False
PSBXXX101,PAP SABANA CARTA,0.5,1.0,True
AGEXXX018,AGENDA 2024 CLASICA CIRCLE BLF 14X20 CONFETTI,0.7,1.0,False
PEGUHU002,PEGAMENTO UHU LIQUIDO 60ML,1.5,1.0,False
FICXXX003,FICHA CARTULINA COLOR 20X10CM PQ25U,1.5,0.7,False
BLPHOA031,BLOCK POST HOPAX 21574 PASTEL 4COL.3X3PULG 76X76MM 100HJS,1.2,1.0,False
XLIALG008,CALCETIN AZUL DON QUIJOTE DE LA MANCHA,0.5,1.2,True
CUAABC017,CUADERNO ABC EMPAST CARTA CUAD 4MM 100HJS,1.5,1.0,False
FOLDEL040,FOLDER DELLO 0291.U.0050.2 DELLOPLAST ROJ. C/FASTENER,1.0,1.2,False
PLAPEL008,PLASTILINA PELIKAN MX JGO10U 180G,1.5,1.0,False
FGAART008,FIGURAS ADH ARTI TACF00007 ABC Y NUMEROS X 170 PZS GOMA EVA,1.5,1.0,True
FOLDEL124,FOLDER DELLO 0233.Q.0050 TOP LINE ROS. ALA OFICIO,0.5,1.0,True
ESPXXX004,ESPIRAL 14MM PLAST(80UNID),1.2,1.0,False
CERPEL001,CERA PELIKAN MX D2 CONTAR 14G,1.5,1.0,False
XLLALG025,CALCETIN AMARILLO CORNELIA LA BRUJA HOLGAZANA,0.7,1.0,False
MRDPEL009,MARCADOR PELIKAN MX MARKANA AZUL,0.5,1.0,False
FOLVIN022,FOLDER VINIFAN TAPA FANTASIA PLASTICO VERDE C/LIGA,0.5,0.7,False
BOLUNI001,BOLIGRAFO SIGNO NOBLE METAL VER 120NM 36,0.5,1.0,False
BLDCNS036,BLOCK DIBUJO ILUSTRACION  CANSON 10HJS  250GR  A4 21 X 30CM   C200387200,1.5,1.0,True
CNAFST011,CINTA ADHES FIVE STICK DOBLE FAZ 3/4PULG X 20YDS,0.5,1.0,True
XCLALR021,150 CUENTOS PARA NINOS FASC NO 11,0.7,1.0,True
XXYOSB101,DICC BILINGUE AYMARA CASTELLANO TAPA DURA ED 2015 LAYME,0.5,1.0,True
CAUCNS116,CARTULINA CANSON MI TEINTES VER BRILLA 50X65CM 160GR 575  C200321234 ,0.5,1.2,True
ARCTOP003,ARCHIVADOR TOP 1/2 PALANCA,1.5,1.2,False
ACUPEL001,ACUARELA PELIKAN MX JUNIOR JGO12 PASTILLAS 23CM,0.7,1.0,True
PTFTNP002,PLASTOFORM TECNOPOR ESFERA 2.5CM DIAMETRO,0.5,1.0,True
PTFTNP004,PLASTOFORM TECNOPOR ESFERA 4.0CM DIAMETRO,0.5,1.0,False
MRDSTB060,MARCADOR STABILO 68 60 8 1 PEN 68 COLOR METALICO COBRE ,1.0,1.2,True
MRASTB003,MARC AGUA STABILO 641 41 AZU PLAN,0.7,1.0,True
XGEGLE001,ATLAS DE BOLIVIA Y UNIVERSAL + CD GLOBAL EDUCACION,1.5,1.0,False
MRJPEL011,MARCADOR JGO PELIKAN MX MARKATODO METALICOS JGO8U 30262200,1.5,1.0,False
SOBXXX007,SOBRE BOND BLAN OFICIO,1.5,1.0,False
GOMFBC002,GOMA BORRAR FABER CASTELL BICOLOR 187040,0.7,1.0,True
PINPTL026,PINCEL PENTEL ZBS5-16E N° 16 PELO CABRA REDONDO,1.5,1.0,False
CAUXXX034,CARTULINA ESCOLAR 170GR ROJ 65X100CM,1.5,1.0,False
LCLSTB012,LAPIC COLOR STABILO 1400 390 CARBOTHELLO AZUL PRUSIA,1.5,1.0,True
LAPPEL002,LAPIZ PELIKAN MX MED TRIANG GOMA 2 HB NEG,0.5,1.0,True
CAUCNS021,CARTULINA CANSON COLORLINE CELESTE 50X65CM  C41019,0.7,1.0,True
CAUCNS118,CARTULINA CANSON MI TEINTES VIOLETA 50X65CM 160GR 448  C200321214,0.5,1.0,True
XLECOQ207,COQUITO LECTO ESCRITURA INTEGRADA 2018,1.5,1.0,False
ENGISO005,ENGRAPADOR ISOFIT CM 70,1.2,1.0,True
BOLCOV003,BOLIGRAFO CORVINA 51 ROJ 10MM,1.5,1.0,False
CCOMDN002,CARPETA COLG MADISON OFICIO VER.,1.2,1.0,True
MRDPTL042,MARCADOR PENTEL NF450 B ROJ PERM PTA EXT FINA,0.7,0.5,True
GOEXXX011,GOMA EVA GLITTER CEL 40X60CM,1.5,1.0,False
TIJATS002,TIJERA ARTESCO 8PULG ACERO INOX,0.7,1.0,False
CORPEL004,CORRECTOR PELIKAN MX 921D CINTA MINI ROLLER 42MM X 6M,1.5,1.0,True
LAPLYR115,LAPIZ LYRA 2055908 REMBRANDT CARBON 3B,1.0,1.2,False
LLAXXX001,LLAVERO M.INT P/NOMBRE,1.0,1.5,False
MCPSTB042,MICROPUNTA STABILO 88 40 ROJ 0.4MM POINT 88,0.7,1.0,True
BOLPTL047,BOLIGRAFO PENTEL BX487 C AZU 0.7MM FEEL IT,1.2,1.0,False
LCLSTB053,LAPIC COLOR STABILO 1400 560 CARBOTHELLO VERDE CINABRIO EXTRA CLARO,0.5,1.0,True
PSSLYR006,PASTELES LYRA 5651120 K12 POLYCRAYONS JGO12U SOFT,1.5,1.0,True
PERLEY005,PERFORADOR LEYDEZ 8806 CAP 100HJS ,0.5,1.0,False
XCLALR051,NAVIDAD DE GREDA  AUDIO LIBRO,1.5,1.0,False
ETQPGF004,ETIQUETAS PEGAFAN ROJ FLUOR 19X25MM BL102U,1.2,1.0,False
TAJMAP021,TAJADOR MAPED 017611 CROC CROC INNOVATION,1.2,1.0,True
XCLSIG641,NO ME OLVIDES DIFERENTES TITULOS,1.5,1.0,True
GOEXXX048,GOMA EVA LISA AZU PASTEL 50X70CM,0.7,1.0,False
XCLALB044,CORONA DE TRICERATOPS,0.5,1.2,False
RCBXXX001,"RPTO.CUBO DIF.COLOR 9,5X9,5 CM (BLOC/500HJS)",1.5,1.0,False
RESPEL037,RESALTADOR PELIKAN MX 214 VER TEXMARKER,1.5,1.0,True
LIEXXX006,LIENZO PREPARADO 40X60CM,1.5,1.0,False
MRJPEL001,MARCADOR JGO PELIKAN AL COLORELLA DUO 973172 JGO10U,0.7,1.0,True
COPMAP012,COMPAS MAPED 196510 STOP,0.7,1.0,True
PBOXXX108,PAP BOND 75GR COLOR SURTIDO OFICIO,1.2,1.0,False
JUEART004,JUEGO ARTI TAC039-3 SET CONSTRUCTOR X 100 PZS,0.5,1.0,False
GOEXXX076,GOMA EVA LISA OFICIO NEG,1.5,1.0,True
GOEXXX069,GOMA EVA LISA OFICIO CEL,0.5,1.0,True
LAPLYR123,LAPIZ LYRA 1873365 NEG B GROOVE JUMBO TRIANG NEON EXP. 36PCS,0.5,1.0,True
LCLSTB075,LAPIC COLOR STABILO 1520/24 ARTY JGO24U CAJA CARTON,0.5,1.0,True
MCPPIL016,MICROPUNTA PILOT  HI TECPOINT V5 AZU 0.5MM,0.7,1.2,True
CUAWIN001,CUADERNO WINNER ESP.OFICIO CUADRIC.100 HJS.TAPA DURA,1.5,1.0,True
AGEABC013,AGENDA ABC ESTUDIANTIL PERPETUA 2024-2026,0.5,1.0,False
BOLPEL090,BOLIGRAFO PELIKAN AL 807005 JAZZ CLASSIC K35 GRIS OSC,1.0,0.7,False
PERLEY004,PERFORADOR LEYDEZ 8206K CAP 60HJS ,1.5,1.0,True
MRJLYR009,MARCADOR JGO LYRA 6521061 AQUA BRUSH DUO 6 COLORES PASTEL,0.7,1.0,False
PBOXXX107,PAP BOND 75GR COLOR SURTIDO CARTA,0.7,1.0,True
ALMISO001,ALFILER MAP ISOFIT PUSH PINS COL CJ100U,1.2,1.0,True
PBOXXX028,PAP BOND 75GR BLAN A3 PQ500HJS,1.2,1.5,True
GOEXXX053,GOMA EVA LISA CEL 50X70CM,1.5,1.0,True
MRDPEL043,MARCADOR PELIKAN MX MARKATODO PLATA PTA GRUESA,0.7,1.5,False
CCOIDL005,CARPETA COLG IDEAL AZU OFICIO,0.7,1.0,True
PLFHRL001,PLUMAFUENTE HERLITZ AL 11360286 CALIGRAFIA  NEGRO,0.7,1.0,True
XCLATN047,VOY A DORMIR EN MI CAMA,1.5,1.0,True
BOLPRK129,BOLIGRAFO PARKER 2122756 JOTTER GRIS CLIP CROMADO,0.5,1.0,True
TMAPTL008,TINT MARC PENTEL NR401 D VER RPTO N450 Y N460,0.5,1.0,True
ATMXXX064,ACCES.TRAB.MAN. BROCHETAS,1.2,1.0,False
MCPSTB053,MICROPUNTA STABILO 1018 41 AZU BL@CK,0.7,1.0,False
XCLATN021,CUENTOS CORTOS PARA SOÑAR 3,1.5,1.0,True
ENGRAP032,ENGRAPADOR RAPID FM14 CAP 20HJS METAL NEG 5000278,0.7,1.0,True
CRJPEL001,CRAYON JGO PELIKAN MX JUMBO REDONDO JGO12U PELICRAYONES,1.5,1.0,False
XLIATN031,EL PRINCIPITO - ATN -TAPA BLANDA,1.5,1.0,False
CNABRW004,CINTA ADH DECORIATIVA BRW  5MMX3XX CF1006,0.7,1.2,False
BOLPEL084,BOLIGRAFO PELIKAN AL 812634 JAZZ PASTEL K36 AZUL,1.5,1.0,False
GOEXXX109,GOMA EVA GLITTER OFICIO ROJ,1.5,1.0,False
FOLDEL167,FOLDER DELLO PLAST OFICIO 0443.H.0030 LINE PEROLA CRISTAL C. LIGA,0.7,0.5,False
LLAGNR001,PORTALLAVE GEN (24U),1.2,1.0,False
FGAART002,FIGURAS ADH ARTI TACF00002 CORAZONES X 45 PZS FIELTRO,1.2,1.0,False
CLBBRW003,CLIP BIN BRW BD2510 BLANCO Y NEGRO,1.2,1.0,True
TPLPEL013,TINT PLUMAF PELIKAN AL 4001 VER CARTUCHO 7CM,0.5,1.0,True
MCPSTB070,MICROPUNTA STABILO 1018 40 ROJ BL@CK,1.2,1.0,True
PERISO009,PERFORADOR ISOFIT PM40 CAP 40HJS,1.5,1.0,True
ETQAVR003,ETIQUETAS AVERY 4030 BLA 88X24MM HJA24U 2COLUM,1.2,0.7,True
PAPUSG004,PAPELERO USIGN US 10434 TRIPLE PLASTICO,0.5,1.0,True
ESPXXX008,ESPIRAL 25MM PLAST(50UNID),1.2,1.0,False
PSESWA014,PAP SEDA MF0001 BLA 50X75CM,0.5,0.7,False
BOLPRK106,BOLIGRAFO PARKER 2122753 JOTTER XL MATTE BLACK CLIP NEGRO,0.5,0.7,True
TIZANG003,TIZA ANGLES BLANCA,1.0,0.5,False
JUEART003,JUEGO ARTI TAC039-2 BASTONES 3D X 65 PZS,0.5,1.0,True
TAJVLR004,TAJADOR VALORO 690 041 0012,1.2,1.0,True
GOMMAP010,GOMA BORRAR MAPED 511790 SOFTY,0.7,1.0,False
LAPMAP005,LAPIZ MAPED NEGRO HB  C. PASTEL 851730,0.7,0.5,False
PFLRVS023,PAP FLUOR RIVERSIDE 4317 VER CARTA NEON,1.2,1.0,True
BOLPRK104,BOLIGRAFO PARKER 2122755 JOTTER XL ROSA CLIP DORADO,0.5,1.0,False
CNAFST010,CINTA ADHES FIVE STICK DOBLE FAZ 1/2PULG X 20YDS,0.5,1.0,True
GOEXXX094,GOMA EVA TOALLA AMA 50X70CM,1.2,1.5,False
CLMWEX001,CLIP MARIPOSA WEX A1022 CJ12U,0.5,1.0,False
XCLALR025,150 CUENTOS PARA NINOS FASC NO 15,1.2,1.0,False
TAJPEL002,TAJADOR PELIKAN MX V BLADE 2 ORIFICIOS DEPOSITO,0.7,1.0,False
PSBXXX010,PAP SABANA 67X87CM,0.7,1.0,False
CUBXXX002,PORTA CUBO PAPEL MALLA METALICA,1.2,1.0,True
LAPPEL017,LAPIZ PELIKAN MX DISEÑO TRIANG CGOMA 2 HB NEG 30330236,0.7,1.0,True
PNAACR011,PINTURA  ACRILEX 03240/531 PVA MARRON 37ML T/ROSADO,1.2,0.7,True
XCLALR023,150 CUENTOS PARA NINOS FASC NO 13,0.7,1.0,False
BOLSTB024,BOLIGRAFO STABILO 508 36 VER BILLE M,1.0,0.7,True
LAPLYR094,LAPIZ LYRA 1110115 669 NEG 5H ART DESIGN,1.5,1.0,True
GRAIDL003,GRAPAS IDEAL 23/13 CJ1000U,1.5,1.0,True
SEPACP005,SEPARADOR ACP 757 T A4 TRANSP PLAST JGO6DIV,1.5,1.0,False
FOLDEL112,FOLDER DELLO 0242.K.0050 DELLOFINE NAR. LOMO 2 CMS ALA OFICIO,1.2,1.0,True
REGDEL003,REGLA DELLO 3112.K.0096 30 CM DELLOCOLOR NARANJA CX DISPLAY,0.5,1.0,True
REGDEL008,REGLA DELLO 3112.WP.0096 30 CM SERENA ROSA PASTEL ,0.5,0.7,False
CCOIDL003,CARPETA COLG IDEAL VER OFICIO,1.5,1.0,False
MRDPTL029,MARCADOR PENTEL N450 G AMA PERM RECARG PTA REDONDA,0.5,0.7,False
MRDPTL007,MARCADOR PENTEL NMS51 CO AZU CD R O DVD R,0.7,0.5,True
FOLDEL169,FOLDER DELLO PLAST OFICIO 0443.WP.0030 LINE PEROLA ROSA C. LIGA,0.5,0.7,True
CAPABC004,CARPETA ABC CARTON A3 ESPIRAL - ECONOMICO FINANCIERA,1.0,0.5,False
CRBLYR003,CARBONCILLO LYRA 5551100 FINO MEDIO SURTIDO CJA 10UN,1.5,1.0,True
LCLPTL004,LAPIC COLOR PENTEL CB9 24U JGO24U HEXAG LARGO ACUARELABLE,0.7,1.0,True
PBOXXX169,PAP BOND XXX AMA LEMON 80GR CARTA PQ500 HJS,1.5,1.0,False
PLUXXX014,PAP LUSTROSO AMA CLASC 50X70CM,1.5,1.0,True
XACALB080,50 JUEGOS PARA EL PENSAMIENTO OBJETIVO,0.7,1.0,False
PINPTL045,PINCEL PENTEL XGFH DPX COLOR BRUSH METALIC ROS M ROS,0.5,1.0,True
JUEART030,JUEGO ARTI TACJUEDI019 BIG STAMPING SELLOS X 9 PZS GOMA EVA,0.7,1.0,False
PONXXX001,PAP ONIOSKIN OFICIO,0.7,1.0,True
MCPSTB116,MICROPUNTA STABILO 88 89 OCRE OSCURO POINT 88,1.2,1.0,False
CUDABC024,CUADERNILLO ABC OFICIO 5MM MARGEN PQ3U,1.5,1.0,True
ESQHRL001,ESQUINEROS HERLITZ 8767378 ADHESIVOS DOBLE FAZ CJA 400PCS,0.7,1.0,True
REGATS004,REGLA ARTESCO 60CM PLAST CRISTAL,0.5,1.0,True
BLPPEL006,BLOCK POST PELIKAN MX FLUOR BANDERITAS JGO5COL,0.7,1.0,False
TEXABC003,TACO EXFOL ABC 2021,1.2,1.0,False
PLFPRK050,PLUMAFUENTE PARKER 2030950 JOTTER ROYAL BLU CLIP CROM ,1.5,1.0,False
BOLPTL095,BOLIGRAFO PENTEL BXC470 LCBP 4COLOR 1.0MM IZEE BARRIL CELESTE,1.2,1.0,True
TTMPEL003,TINT TAMPO PELIKAN MX ROLL ON AZUL 60ML,1.2,1.0,False
LCLPEL024,LAPIC COLOR PELIKAN MX 30330310 TRIANG LARGO JGO12U ESTCH METAL,1.5,1.2,True
MCPUNI015,MICROPUNTA UNIBALL UNI PIN ROJO 08,0.5,1.0,False
TAMLEY001,TAMPO LEYDEZ 182 NEG,0.7,1.0,False
JUEART031,JUEGO ARTI TACJUEDI040 TABLA DE PUNZADO,1.5,0.7,False
GLIPEL018,GLITER PELIKAN AR 051 020 213 AMA CLARO 60ML,1.5,1.0,False
GOMMAP013,GOMA BORRAR MAPED 015502 SQUEEZE MINI CUTE,0.5,1.0,False
FOLDEL101,FOLDER DELLO 0295.LP.0050.2 SERENA C/FASTENER LILA PASTEL ,1.2,1.0,False
DVDVBT010,DVD VERBATIM 95059 DVD+R 16X 4.7GB 120MIN,1.2,1.0,True
RCUABL003,RPTO CUCHIL ABEL 60805 SE 10 DELG JGO10U,0.5,1.0,True
MOPXXX004,MOUSE PAD EN GEL,1.5,1.0,False
LAPLYR090,LAPIZ LYRA 1110110 669 NEG F ART DESIGN,0.5,1.0,True
LAPLYR091,LAPIZ LYRA 1110112 669 NEG 2H ART DESIGN,0.7,1.0,False
TTMTRO009,TINT TAMPO TRODAT 7011 VER 28ML,1.5,1.0,True
LIGALL011,LIGAS ALLIANCE NO10 DE 1/4 LIBRA,1.5,1.0,True
PINPTL016,PINCEL PENTEL GFKP 3BPA NEG POCKET BRUSH,0.5,1.0,False
LAPLYR117,LAPIZ LYRA 2057900 REMBRANDT CARBON EXTRA HB,1.5,1.0,False
GLIPEL015,GLITER PELIKAN AR 09700018 PERLA 60ML,1.5,1.0,False
MCPPEL002,MICROPUNTA PELIKAN MX TECHNO LINER 86 NEG 0.2,0.7,1.0,True
GLIPEL012,GLITER PELIKAN AR 051 020 212 VER LIMON 60ML,1.2,1.0,False
PBOXXX105,PAP BOND 75GR BLAN DOBLE CARTA,0.5,1.0,False
PORPTL023,PORTAMINA PENTEL PL77 A 0.7MM ENERGIZE,0.7,1.0,True
CNAXXX001,CINTA ADHES TORNASOL C DISEÑO,1.2,1.0,False
XCACOQ006,CALIGRAFIA 6,0.7,1.0,True
XLNGUM091,PUEBLO ENFERMO,1.5,1.0,False
CNKFST001,CINTA MASK FIVE STICK 2PULG X 25YDS,0.5,1.5,False
FOLDEL090,FOLDER DELLO PLAST OFICIO 0254.C.0050 AZUL C. LIGA,0.5,1.0,True
PNLACR049,PINTUR TELA ACRILEX 511 VER BANDERA CORRIENTE,1.5,1.0,True
LCLPEL027,LAPIC COLOR PELIKAN AL JGO12U SILVERINO JUMBO TRIANGULAR LARGO 700627,0.7,1.0,False
LAPLYR101,LAPIZ LYRA 2050158 REMBRANDT SANGUINEA DRY,0.5,1.0,True
FOLDEL108,FOLDER DELLO 0240.J.0050 DELLOFINE PEROLA NEON ALA OFICIO,1.0,0.7,True
LAPPEL016,LAPIZ PELIKAN MX INICIAL JUMBO TRIANG DISEÑO  2 HB NEG 30330235,1.2,1.0,True
PDDPEL003,PINT DEDO PELIKAN MX 25ML JGO6U,0.5,1.0,False
MCPSTB117,MICROPUNTA STABILO 88 95 AZU CLARO POINT 88,0.7,1.0,True
LAPLYR100,LAPIZ LYRA 2051152 REMBRANDT SEPIA DARK DRY,1.5,1.0,False
BLPHOA029,BLOCK POST HOPAX 21391 NAR 3X3PULG 76X76MM 100HJS,1.2,1.0,False
PTFTNP012,PLASTOFORM TECNOPOR ESFERA 5.0CM DIAMETRO,1.2,1.0,False
ARAMIL001,ARANDELA MILCAR (PQTE 24U),1.5,1.0,True
GLIPEL023,GLITER PELIKAN AR 051 020 221 MORADO 60ML,0.7,1.0,True
CCOIDL004,CARPETA COLG IDEAL NAR OFICIO,1.2,1.0,True
GLIPEL004,GLITER PELIKAN AR 051 020 204 NAR 60ML,1.0,1.5,True
JUEART001,JUEGO ARTI TACJUEDIC005 BLOQUES DE CONSTRUCCION X 28 PZS - SOFTIE BLOCKS,1.5,1.0,False
RESATS001,RESALTADOR ARTESCO AMARILLO,1.5,1.0,False
NYLXXX005,NYLON COLOR VER,1.5,1.0,False
PBOLEY002,PAP BOND LEYDEZ CEL 80GR CARTA PQ500HJS,0.7,1.0,True
MRDUNI016,MARCADOR UNI PIN 05 200 FINE LINE LIGHT GREY ,0.7,1.0,False
PLFPRK067,PLUMAFUENTE PARKER 2146865 SONNET CROM NEG CLIP CROMADO M,1.5,1.0,False
CAVMDN009,CARTAP VISOR MADISON 1PULG 2A TIPO D A4 PLAST BLA,0.7,1.0,False
BOLCOV002,BOLIGRAFO CORVINA 51 NEG 10MM,1.5,1.2,False
LAPLYR085,LAPIZ LYRA 2038106 874 NEG 6B SKETCH,1.5,1.0,True
PBOAIR005,PAP BOND AIR COLOR OFICIO FUCSIA 75GRS PQ500HJS,1.5,1.0,True
XACALB104,EL ALBUM DE MI MASCOTA,1.5,1.0,False
TAMTRO002,TAMPO TRODAT 6 4911 NEG RPTO SELLO,0.7,1.0,True
LAPLYR113,LAPIZ LYRA 2055900 REMBRANDT CARBON B,0.5,1.0,True
XLIALG009,ALGAR JOVEN RELATOS DE FANTASMAS,1.2,1.0,False
SOBXXX027,SOBRE MW BLA FORMATO AMERICANO,0.5,1.0,False
SOBAMP001,SOBRE AMPAD 73221 BLA VENTANA NO10 AMERICANO,0.5,1.0,True
FOLDEL041,FOLDER DELLO 0231.01.0025 UNICORNIO ALA OFICIO,1.2,1.0,True
FOLDEL125,FOLDER DELLO 0233.T.0050 TOP LINE VER. ALA OFICIO,1.2,1.0,False
GRARAP011,GRAPAS RAPID ZINC 24869400 23/12 CJ1000U,0.5,1.0,True
BLNXXX002,BLOCK NUMERADO COLOR BOND,1.5,1.2,False
FOLDEL122,FOLDER DELLO 0233.R.0050 TOP LINE PURP. ALA OFICIO,0.7,1.0,False
CCODEL007,CARPETA COLG DELLO OFICIO DIF COLOR,0.7,1.0,False
CUDLAP002,CUADERNILLO LAPAP CARTA MARGEN,0.7,1.0,True
GLIPEL009,GLITER PELIKAN AR 051 020 209 ROJO 60ML,0.7,1.0,False
GLIPEL001,GLITER PELIKAN AR 051 020 201 TURQUESA 60 ML,1.2,1.0,False
REGMAP005,REGLA MAPED 245510 30CM STUDY SHOCK,1.2,1.0,True
ENGWEX013,ENGRAPADOR WEX 11 2000 20 CAP 40HJS METAL GRAPAS 24/6 26/6 26/8,0.7,1.0,False
TIJLEY002,TIJERA LEYDEZ METALICA ASA DE GOMA GRIS 175CM 7PULG,1.5,0.7,False
HTPABC011,HJA TRAPPER ABC 1 COLOR 3PERF CUAD 5MM PQ200HJS,0.5,1.0,True
MRDPEL054,MARCADOR PELIKAN MX 440 NEG PERM BISELADA,1.2,1.0,False
GRAATS002,GRAPAS ARTESCO ZINC 26/6 CJ5000U,1.2,1.0,False
FOLTLB003,FOLDER TALBOT CARTA CREMA BOLSAS GEM,0.7,1.0,False
MONXXX006,MOÑA DIF COLOR LISO PEQUENO,1.2,1.5,True
LAPLYR103,LAPIZ LYRA 2051060 REMBRANDT SKETCHING SET CAJA METAL 6U,0.5,1.0,False
MCPPTL086,MICROPUNTA PENTEL BL437R S3  TURQ  0.7MM ENERGEL RETRACT,1.2,1.0,False
CNRDYM019,CINTA ROTUL DYMO 158 06 AZU 1/2PULG,1.0,1.2,True
TAJMAP031,TAJADOR MAPED 034014 SHAKKY,1.5,1.0,True
SOBPND001,SOBRE PENDAFLEX E7430 CARTON 15X12 3/4PULG,1.2,1.0,True
PMRXXX004,PAP MARQUILLA BLA 67X87CM,1.2,1.0,True
TMAPTL010,TINT MARC PENTEL MWR401 B ROJO RPTO MW45 Y MW46,0.7,1.0,False
PTLDEL005,PORTALAPIZ DELLO 3030.H.0012 CLIPS CRISTAL,1.5,1.0,True
PIZXXX026,PIZARRA CORCHO 060X090M,0.5,1.0,False
CAUCNS002,CARTULINA CANSON COLORLINE NAR 50X65CM  C41008,0.5,1.0,True
PEGPEL017,PEGAMENTO PELIKAN MX SILICONA LIQ 250 ML,1.2,1.0,False
KITABC003,CUADERNO ABC ESP CARTA CUADERNO DE RECETAS (PQ3UNID),1.2,0.5,False
REGDEL007,REGLA DELLO 3112.BP.0096 30 CM SERENA  AZUL PASTEL ,0.7,1.0,True
LCLSTB006,LAPIC COLOR STABILO 1400 205 CARBOTHELLO AMARILLO NEUTRO,1.2,0.5,True
LCLSTB042,LAPIC COLOR STABILO 1400 325 CARBOTHELLO ROJO CARMIN,0.7,1.0,True
BROATS001,BROCHE LATA ARTESCO 16079201 19MM,1.2,1.0,True
FOLDEL102,FOLDER DELLO 0295.WP.0050.2 SERENA C/FASTENER ROSA PASTEL ,1.2,1.0,False
FOLDEL103,FOLDER DELLO 0295.VP.0050.2 SERENA C/FASTENER VERDE PASTEL ,0.7,1.0,True
PNAACR004,PINTUR  ACRILEX 03240/541 PVA ROJ VIVO 37ML T/ROSADO,0.7,1.0,False
PBOAIR004,PAP BOND AIR COLOR OFICIO CEL 75GRS PQ500HJS,1.5,1.0,True
ESJMDN001,ESPONJERO MADISON SH06,0.7,1.0,True
TPEXXX001,TABLA PERIODICA  ELEMENTOS QUIMICOS,0.5,1.0,True
LCLLYR034,LAPIC COLOR LYRA 2001360 REMBRANDT POLYCOLOR JGO36U CAJA MET,1.5,1.2,True
SOBXXX051,SOBRE BOND BLAN CARTA,0.7,1.0,False
ENGRAP037,ENGRAPADOR RAPID FSM CAP 20HJS METAL NEG 5000194,1.5,0.7,True
XLLATN007,MI PLANTA DE NARANJA LIMA EDC ESCOLAR,0.5,1.0,False
PBOLEY006,PAP BOND LEYDEZ 5 COLORES 80GR CARTA PQ500HJS,1.5,1.2,True
RESFBC005,RESALTADOR FABER CASTELL B ROS TEXMARKER 49,0.7,1.0,False
PNLACR003,PINTUR TELA ACRILEX 501 AZU TURQ CORRIENTE,0.7,1.0,True
FGAART001,FIGURAS ADH ARTI TACF00001 FLORES X 12 PZS FIELTRO,0.5,1.0,True
GRAKWT002,GRAPAS KW TRIO 23/10 CJ1000U,1.5,1.0,True
LAPVEN001,LAPIZ VENUS 1563 AZU,1.5,1.0,False
LETLYR002,LETERIN LYRA 22403 MICROPUNTA,1.2,1.0,True
CUAABC074,CUADERNO ABC COCINA ESPIRAL 120HJS 24X175CM,1.5,0.5,True
JUEART011,JUEGO ARTI TACJUEDI085 LACING GIRL,0.5,1.2,True
PNAACR010,PINTURA  ACRILEX 03240/549 PVA MAGENTA 37ML T/ROSADO,0.7,1.0,True
ENGISO007,ENGRAPADOR ISOFIT CM 50,1.5,1.0,True
PREUSG003,PORTAREVIS USIGN US 618 TRIC4 PLAST ARMABLE 3DIV,0.7,1.0,True
BOLPTL039,BOLIGRAFO PENTEL BK477 B ROJ 0.7MM SUPER RETRAC,1.2,1.0,True
FOLDEL139,FOLDER DELLO 0236.I.0050 TOP LINE HUMO LOMO 4 CMS. OFICIO,0.7,1.0,False
MRDPTL044,MARCADOR PENTEL NF450 D VER PERM PTA EXT FINA,1.5,1.2,True
CCTDEL029,CAJA ORGANIZADORA 2195.06.0005 DELLO MEDIA KIDS GIRL,0.7,1.5,False
PNLACR005,PINTUR TELA ACRILEX 538 AMARELO PELE CORRIENTE,0.5,1.0,True
CRJPEL003,CRAYON JGO PELIKAN MX REGULAR JGO12U PELICRAYONES,1.2,1.0,False
MRDFBC002,MARCADOR FABER CASTELL 54 AZU MULTIMARK,1.5,1.0,True
CCTDEL032,CAJA PARA ARCHIVO-GIGANTE 0308.X.0025 DELLO,1.2,1.0,False
TAJMAP030,TAJADOR MAPED Y GOMA 04911 LOOPY MINI CUTE,0.5,1.0,True
PORPTL034,PORTAMINA PENTEL A105C P 0.5MM CAPLET ROS,0.7,1.0,True
ETQAVR016,ETIQUETAS AVERY 42-432/433/430/431 DIF COLORES,1.5,1.0,True
LAPLYR096,LAPIZ LYRA 2051150 REMBRANDT SEPIA LIGHT DRY,0.7,0.5,False
CAVRIC025,CARTAP VISOR RICOR 1PULG 2A OFICIO PLAST BLA,1.5,1.0,True
PBOXXX161,PAP BOND XXX PEACH 75GR CARTA PQ500 HJS,1.5,1.0,True
ALHPEL001,ALMOHAD PELIKAN MX NEG PLAST NORMAL 125X43MM,0.5,1.0,True
LCRXXX002,LAMINAS DE CORCHO (BL3U),0.7,1.0,True
REGPIM002, REGLA PRIMO 8251RG50 50CM PLASTICA ANTIREFLEX,1.5,1.0,False
MRAPEL025,MARC AGUA PELIKAN MX 741 NEG FLASH MARKER PTABALA CJ 10U,1.2,1.0,False
BOLFBC007,BOLIGRAFO FABER CASTELL AZU 062,0.5,1.0,True
SOBXXX013,SOBRE CORRESPONDENCIA BLA TARJETA 144X198CM,1.5,1.2,False
PLFPRK077,PLUMAFUENTE PARKER SO705370 VECTOR NEGRO CLIP CROMADO,0.5,1.0,True
MFOPEL010,MASA FOAMY 50G ROJ 06740103,1.5,1.0,True
FORRIC024,FORRO RICOR OFICIO PLAST VERDE,1.2,1.0,True
POSXXX001,POSTAL TIPO TARJETA FOTOG,0.7,0.5,False
PITXXX007,PITA COLA DE RATA DIF COLORES,1.2,1.0,False
JUEART015,JUEGO ARTI TACJUEDI018 CUENTAS X 108 PZS GOMA EVA,1.2,0.5,False
POJDEL002,PORTA OBJETOS DELLO 3029.H.0012 DELLOCOLOR CRISTAL,1.2,1.0,True
ENGMAP003,ENGRAPADOR MAPED 353011 GREENLOGIC MINI DIF. COLOR 26/6 24/6 ,0.7,1.2,True
PBOXXX164,PAP BOND XXX GOLD 80GR OFICIO PQ500 HJS,0.5,1.0,False
ENGRAP018,ENGRAPADOR RAPID 20EX ELECTRICO CAP 20HJS 23301801,1.5,1.0,False
MALDEL020,MALETA DELLO FINE A3 2151.H.0005 CRISTAL,0.5,1.0,True
165,RESALTADOR PELIKAN ME VARIOS COLORES,1.0,0.5,True
DVDXXX006,DVD DVD+R DL 8.5GB 240MIN,0.7,1.0,True
GOEXXX127,GOMA EVA TOALLA FUCSIA 50X70CM,1.5,0.5,True
TIJPEL003,TIJERA PELIKAN MX 08000036 ZURDOS 5PULG ESCOLAR ERGONOMICA,1.5,1.0,True
LCLPEL036,LAPIC COLOR PELIKAN MX 30330333 REDON 4MM LARGO JGO48U,0.5,1.0,True
BOLPEL075,BOLIGRAFO PELIKAN AL 821223 SNAP K10  PLATEADO,1.0,1.5,False
PBOXXX168,PAP BOND XXX CYBER RED 75GR OFICIO PQ500 HJS,0.5,1.0,True
BOLPTL020,BOLIGRAFO PENTEL BK440 F NAR 1.0MM WOW RETRAC,0.7,1.0,True
CNAFST006,CINTA ADHES FIVE STICK TORNASOL VER 12MM X 2YDS,1.5,1.0,False
ACCXXX008,ACCES COMP USB 64GB,1.5,1.0,False
CORPEL001,CORRECTOR PELIKAN MX LIQUIDO C BROCHA 20ML,1.5,0.5,True
MRJPEL025,MARCADOR JGO PELIKAN MX MARKANA TWIST JGO24U 30312400,0.5,1.0,True
XLIATN019,FRANKESTEIN,1.5,1.0,False
PNLACR055,PINTUR TELA ACRILEX 533  MET PLA.,1.2,1.0,True
PLUXXX029,PAP LUSTROSO FUCSIA PUNTOS 50X70CM,0.5,1.0,False
CARDEL007,CAJA PARA ARCHIVO 0306.X.0025 OFICIO,1.5,1.0,False
SEPACP006,SEPARADOR ACP 756 PLAST JGO6DIV FICHERO,1.2,1.0,False
CUABRW003,CUADERNO BRW CD1003 CORAZON,0.5,1.0,False
TIJMAP006,TIJERA MAPED 464412 START SOFT 13CM PLAST,1.5,1.0,True
CNAFST007,CINTA ADHES FIVE STICK TORNASOL AMA 12MM X 2YDS,1.0,1.2,False
PATXXX001,PAP TORNASOL DIF COLORES,0.7,1.0,True
FOLDEL021,FOLDER DELLO 0242.P.0050 DELLOFINE NEG. LOMO 2 CMS OFICIO,1.5,0.5,True
MCPPEL006,MICROPUNTA PELIKAN MX TECHNO LINER 86 NEG 0.6,1.2,1.0,False
FOLDEL058,FOLDER DELLO 0246.WP.0050 SERENA ROS. PASTEL OFICIO,0.7,1.0,True
PBOXXX106,PAP BOND 75GR BLAN DOBLE OFICIO,0.5,1.0,True
BLPHOA038,BLOCK POST HOPAX 26010 AMA 18X1PULG 45X25MM 25HJS,1.2,1.0,True
PLUXXX031,PAP LUSTROSO ROSA PUNTOS 50X70CM,1.5,1.0,False
CNRDYM017,CINTA ROTUL DYMO 158 09 NEG 1/2PULG,1.0,0.5,True
CAUCNS029,CARTULINA CANSON COLORLINE CAFE 50X65CM C41032,1.5,1.0,True
BOLSCH007,BOLIGRAFO SCHNEIDER 152273 ESTUCHE DESPLEGABLE BOLIGRAFOS SLIDER EDGE XB 4PZA,1.2,1.0,False
CNAFST005,CINTA ADHES FIVE STICK TORNASOL ROJ 12MM X 2YDS,0.7,1.0,False
ETLMAP011,ESTUCHE ESCOLAR MAPED TUBO NEOPRENO 934839,1.5,1.0,False
REGDEL005,REGLA DELLO 3112.Q.0096 30 CM DELLOCOLOR ROSA CX DISPLAY,1.5,1.0,False
BLPPEL007,BLOCK POST PELIKAN MX 097 010 318 3X3PULG 76X76MM PASTEL PQ400HJS 4COL,1.5,1.0,False
FOLVIN002,FOLDER VINIFAN OFICIO DOBLE PLAST,1.2,1.0,True
CUDABC020,CUADERNILLO ABC CARTA 4MM MARGEN,1.5,1.0,True
FOLDEL024,FOLDER DELLO 0242.U.0050 DELLOFINE ROJ. LOMO 2 CMS OFICIO,1.0,0.5,True
XCLSIG048,SEGUNDA LECTURA LA SELVA DISFRAZADA Y UNA AL,0.5,1.0,False
TIJIDL002,TIJERA IDEAL 8 1/2PULG,1.0,0.7,True
KITABC001,KIT 1,1.0,0.7,True
GOEXXX126,GOMA EVA GLITTER LILA CLARO 50X70CM,1.2,0.7,False
LCLLYR057,LAPIC COLOR LYRA 2821120 JGO12 GROOVE SLIM CARTON,0.5,1.0,True
PINMDN010,PINCEL MADISON 7922 JGO12U,1.2,0.7,True
ESPXXX011,ESPIRAL 33MM PLAST(25UNID),1.0,0.5,False
CAVTLB005,CARTAP VISOR TALBOT 3PULG 3A TIPO D A4 PLAST BLA,1.5,1.0,True
MCPPTL023,MICROPUNTA PENTEL BL17 B ROJ 0.7MM ENERGEL,1.2,1.0,True
CLPCHI004,CLIP METAL CHINA 78MM CJ50U,1.2,1.0,False
MCPSTB050,MICROPUNTA STABILO 88 36 VER 0.4MM POINT 88,0.5,1.0,False
MCPSTB090,MICROPUNTA STABILO 88 16 ESM CLARO POINT 88,1.2,1.5,True
POJDEL017,PORTA OBJETOS DELLO 3020.VP.0006 VER. 3 DIV.,1.5,1.0,False
PLFPEL034,PLUMAFUENTE PELIKAN AL 821841 JAZZ NOBLE ELEGANCE  P36 AZUL,1.5,1.0,True
ETLMAP015,ESTUCHE ESCOLAR MAPED 242767 MAXI KIT GRAPHIC4PZA,0.7,1.0,True
TRAMAP001,TRANSPORTADOR MAPED 2423 21 CM 360,1.5,1.0,False
XMUSIN005,CANCIONERO PATRIOTICO,1.5,1.0,True
ATMXXX101,PUNZON ESCOLAR EVAFLEX,1.2,1.0,False
FOLDEL063,FOLDER DELLO 0247.VP.0050 SERENA VER. PASTEL LOMO 2 CMS OFICIO,1.2,1.0,True
FOLDEL064,FOLDER DELLO 0247.WP.0050 SERENA ROS. PASTEL LOMO 2 CMS OFICIO,0.7,1.0,False
ESDPIM001,ESCUADRA PRIMO 8256SQ60 30 60CM  ,1.5,1.0,False
TPEXXX002,TABLA PERIODICA FORMULAS DE FISICA,1.5,1.0,False
MRJPEL024,MARCADOR JGO PELIKAN MX MARKANA PINCEL PASTEL 30341201 JGO12U,0.5,1.0,False
FOLDEL109,FOLDER DELLO 0240.L.0050 DELLOFINE LILA NEON ALA OFICIO,1.2,1.0,False
BOLUNI012,BOLIGRAFO SIGNO SPARKLING NAR BRILLANTINA 120SP 54,1.2,1.0,True
RESSTB023,RESALTADOR STABILO 70/10 2  BOSS ARTY JGO 10PCS,0.7,1.0,False
MCPPEL007,MICROPUNTA PELIKAN MX TECHNO LINER 86 NEG 0.7,1.5,1.0,False
MCPPTL030,MICROPUNTA PENTEL BLN25 AX NEG 0.5MM ENERGEL,0.7,1.0,True
ETQPGF002,ETIQUETAS PEGAFAN AMA FLUOR 19X25MM BL102U,1.5,1.0,False
SENATS009,SEÑALADOR ARTESCO VER PRECORTADO 3.8CM PLAST,0.7,1.0,True
MCPPTL035,MICROPUNTA PENTEL BL107 CX AZU 0.7MM ENERGELX RETRAC,0.5,1.0,False
TTMTRO004,TINT TAMPO TRODAT 7011 NEG 28ML,0.5,1.0,True
MCPSTB121,MICROPUNTA STABILO 8825 071 POINT ROLLERSET ARTY 88 JGO25U,1.5,1.0,False
SENATS016,SEÑALADOR ARTESCO VER PRECORTADO 5.1CM PLAST,1.5,1.0,False
MRDPEL051,MARCADOR PELIKAN MX 240 NEG PERM TRAZO FINO,0.7,1.0,False
BOLPEL073,BOLIGRAFO PELIKAN AL 812672 JAZZ PASTEL K36 AMARILLO,0.5,1.0,False
FOLDEL060,FOLDER DELLO 0247.BP.0050 SERENA AZU. PASTEL LOMO 2 CMS OFICIO,1.5,1.0,False
MCPPEL008,MICROPUNTA PELIKAN MX TECHNO LINER 86 NEG 0.8,1.2,1.0,True
CRJPEL015,CRAYON JGO PELIKAN MX JUMBO TRIANG PASTEL JGO6U PELICRAYONES,1.5,1.0,False
CAVRIC008,CARTAP VISOR RICOR 3PULG 2A A4 PLAST COLOR,1.5,1.0,False
MRJPEL018,MARCADOR JGO PELIKAN MX MARKANA TWIST JGO6U PASTEL,1.2,1.0,True
PERISO005,PERFORADOR ISOFIT 32371 3 DE 1 PERFORACION,1.5,1.0,False
GOEXXX015,GOMA EVA GLITTER FUC 50X70CM,1.2,1.0,True
FOLDEL054,FOLDER DELLO 0246.BP.0050 SERENA AZU. PASTEL OFICIO,1.5,0.5,False
PCPHOB012,PAP CREPE HOBBY CAF 48X200CM,1.5,1.0,True
PINPEL013,PINCEL PELIKAN AL 25 2 NO2,0.7,1.0,True
GOEXXX055,GOMA EVA LISA DISENO 45X60CM,1.0,1.5,False
PFLXXX003,PAP FLUOR 20 X 20 CM BLOCK 10HJS,0.5,1.0,False
CALCAS023,CALCULADOR CASIO FX-82MS CIENTIFICA,0.5,1.0,False
CCTDEL008,CAJA ORGANIZ 2197.07.0005 MED ESTAMPADA,0.7,1.0,True
ACCXXX007,ACCES COMP HP USB 32GB,1.5,0.5,False
ARAHRL001,ARANDELA HERLITZ  8767220 PLAST TRANSP 700U,0.7,1.0,True
RESSTB019,RESALTADOR STABILO 70/40 ROJ BOSS GRUESO,1.5,1.0,True
CUAABC083,CUADERNO ABC ENGRAP 100 HJS CUADRIC 5MM TAM CARTA TAPA FLEX,1.2,1.0,False
LCLSTB050,LAPIC COLOR STABILO 1400 595 CARBOTHELLO VERDE CINABRIO OSCURO,0.7,1.0,True
BSAMDF001,BOLSA ECOLOGICA MODA FASHION DE TOCUYO 37X38 CM BLANCA,0.5,1.0,True
ENGMAP004,ENGRAPADOR MAPED 404002 VIVO PASTEL 26/6 24/6,0.7,1.5,True
ETLMAP012,ESTUCHE ESCOLAR MAPED TUBO NEOPRENO 934850,1.5,0.5,False
RESMAP001,RESALTADOR MAPED 743638 MINI FRIENDS,0.5,1.0,True
BOLPRK091,BOLIGRAFO PARKER 1953187 JOTTER ROJO CLIP CROMADO,1.2,1.0,True
PRELEY012,PORTAREVIS LEYDEZ TRIC 4 CARTON NEGRO,0.7,1.5,False
TAJMAP032,TAJADOR MAPED Y GOMA 049231 CONNECT PASTEL,0.7,1.0,True
XCLATN053,CUENTOS CORTOS PARA SOÑAR 5,1.5,1.0,True
XCLATN066,CUENTOS CORTOS PARA SOÑAR 6,1.5,1.0,True
ACCART001,ACCESORIOS ARTI TACF00050A ROSAS Y CORAZONES ,1.5,1.0,True
CCTDEL031,CAJA ORGANIZADORA 2195.01.0005 DELLO MEDIA KIDS UNICORNIO,0.5,1.0,False
PINPTL040,PINCEL PENTEL ZBS6-20E N° 20 PELO CABRA PLANO,0.5,1.0,False
XCLALR026,150 CUENTOS PARA NINOS FASC NO 16,1.5,1.0,False
PBOWIN002,PAP BOND WIN  CEL  75GR CARTA  PQ500HJS,1.5,1.0,True
BLDCNS070,BLOCK DIBUJO XL MIX MEDIA ESPIRAL 30HJS 250GR A3 C400110534,1.2,1.0,True
XCLATN052,CUENTOS CORTOS PARA SOÑAR 4,0.5,1.0,False
XCLSIG310,VARITA MAGICA BLANCANIEVES Y LOS SIETE ENANOS,1.2,1.0,False
SOBXXX006,SOBRE BOND BLAN FOLDER,1.0,0.7,True
GOEXXX057,GOMA EVA LISA FUCSIA 50X70CM,0.7,1.0,False
RESPEL024,RESALTADOR PELIKAN MX 414 AZU BISELADA,1.2,1.0,False
BOLPEL071,BOLIGRAFO PELIKAN AL 812658 JAZZ PASTEL K36  ROSE,0.7,1.5,False
REGMAP001,REGLA MAPED 279210 20CM.FLEXIBLE (CJ/20U.),0.7,1.0,True
PROXXX010,PORTAROSARIO TRASP PLAST 6X7CM,0.7,1.0,False
CAPABC003,CARPETA ABC CARTON A3 ESPIRAL - QUIMICO BIOLOGICAS,0.5,1.0,False
BOLPEL074,BOLIGRAFO PELIKAN AL 604611 SNAP K10D 12 EXPOSITOR SURTIDO,0.7,1.0,False
PSSPIM003,PASTELES PRIMO 021GC24 JGO24U,1.5,1.2,False
XCLSIG306,VARITA MAGICA EL PATITO FEO,1.5,1.0,False
PESXXX013,PAP ESTAÑADO 20 X 20 CM  BLOC 12HJS,0.5,1.0,False
XCLSIG041,PRIMERA LECTURA UNA TORRE DE CARACOLES ME,0.5,1.0,True
XREHOG401,VALORES ESPIRIT Y RELIG 1 PRIMARIA EDICION 2021,1.2,1.0,True
BOLFBC024,BOLIGRAFO FABER CASTELL ROJ TRILUX STYLE,0.5,0.7,True
GOEXXX061,GOMA EVA LISA LILA 50X70CM,0.5,1.0,True
FOLDEL149,FOLDER DELLO 6041.P.0025 CLIP A3. EJCUTIVO NEG,1.2,1.0,True
ETLHRL004,ESTUCH LAP HERLITZ 10312692 TRIANGULAR 4 COLOR SURTIDO,0.7,1.0,False
LAPLYR084,LAPIZ LYRA 2038104 874 NEG 4B SKETCH,0.7,1.0,False
PEGPEL002,PEGAMENTO PELIKAN MX SILICONA LIQ 100ML,1.5,1.0,True
XLIGUM012,EDIPO REY,0.5,1.0,False
BOLFBC012,BOLIGRAFO FABER CASTELL ROJ 030,1.2,1.0,True
BLDCNS031,BLOCK DIBUJO MARCADOR CANSON 70HJS  70GR  A3 30 X 42CM  C200297233,0.7,1.0,False
POJDEL018,PORTA OBJETOS DELLO 3020.WP.0006 ROS. 3 DIV.,1.5,1.0,False
MCPPEL032,MICROPUNTA PELIKAN MX TECHNO LINER 86 NEG JGO8U 30071019,1.2,1.0,True
MCPSTB057,MICROPUNTA STABILO 8830 1 POINT 88 JGO30U 5 NEON,0.7,1.0,False
PCPXXX003,PAP CREPE GRIS 50X200CM,1.2,1.0,False
MRAPEL013,MARC AGUA PELIKAN MX FLASH MARKER 442 JGO8PZ,1.5,1.0,False
XCLSIG038,PRIMERA LECTURA LA CEBRA CAROLINA Y LA BICICL,1.5,1.0,True
TAMATS005,TAMPO ARTESCO NEUTRO,1.2,1.0,False
XLIJUV040,CONTRATO SOCIAL,1.5,1.0,True
PARXXX002,PAP REGALO DIF DISENOS 70X50CM,1.5,1.0,True
GOEXXX016,GOMA EVA GLITTER LILA 50X70CM,1.2,1.0,False
XCLSIG040,PRIMERA LECTURA QUE LE PASO AL LEON LA CASA,1.5,1.0,True
POJDEL013,PORTA OBJETOS DELLO 3020.BP.0006 AZU. 3 DIV.,0.5,1.0,True
MFOPEL013,MASA FOAMY 50G VER OSC 06740107,1.5,1.2,False
ETLMAP016,ESTUCHE ESCOLAR MAPED 897157 MAXI KIT TWINT FLEX,0.7,1.0,False
PBOPLI022,PAP BOND PAPER LINE AMA LEMON 75GR OFICIO,0.5,1.0,False
MRDSTB047,MARCADOR STABILO 568 22 PEN 68 BRUSH AZU OSC,0.7,1.0,True
FOLDEL093,FOLDER DELLO PLAST OFICIO 0254.Q.0050 ROSA C. LIGA,0.5,1.0,True
GOEXXX085,GOMA EVA LISA PIEL 50X70CM,1.2,1.0,True
CLPBRW002,CLIP BRW CL0701 ROSA-DORADO,1.5,1.0,False
CAPABC001,CARPETA ABC CARTON A3 ESPIRAL - ARTES PLASTICAS,0.5,1.0,False
CLMATS002,CLIP MARIPOSA ARTESCO 45MM CJ50U,1.2,1.0,False
MCPSTB072,MICROPUNTA STABILO 8840 1 POINT 88 JGO40U,1.0,1.2,True
OLEMDN001,OLEO MADISON 1L07006 JGO12U,1.2,1.0,True
MONXXX003,MOÑA DIF COLOR LISO MEDIANO,1.5,1.0,True
LAPSTB023,LAPIZ STABILO 282 4B OTHELLO NEG,1.5,1.0,True
MOPXXX005,MOUSE PAD EN GEL KLIP XMP-100B,0.5,1.0,True
PBOREP011,PAP BOND REPORT BLAN 75GR OFICIO PQ500HJS,0.5,0.7,True
LAMXXX012,LAMINA MARIQUITAS DIF FIG,1.5,1.0,False
GOEXXX086,GOMA EVA LISA ROJ 50X70CM,0.5,1.0,True
PINCOD006,PINCEL CONDOR 456 NO 2 PELO CERDA,1.0,0.7,True
FOLDEL042,FOLDER DELLO 0231.03.0025 BAILARINA ALA OFICIO,1.2,1.0,True
PSESWA006,PAP SEDA CAF CHOCOLAT 50X75CM,0.7,1.0,False
MINPTL003,MINA PENTEL PPB 5 AZU 0.5MM,1.5,1.0,True
BOLSCH009,BOLIGRAFO SCHNEIDER 152289 ESTUCHE DESPLEGABLE SLIDER EDGE PASTEL 8 PZS,1.2,1.0,True
CLBCMX004,CLIP BIN COMIX B3608 25MM O 1PULG,0.7,1.0,True
FOLDEL138,FOLDER DELLO 0236.H.0050 TOP LINE CRISTAL LOMO 4 CMS. OFICIO,1.2,1.0,True
RGOPEL001,RPTO GOMA PELIKAN ME CLICK ERASER 2PCS 06380100 ,0.5,1.0,False
MRDPEL001,MARCADOR PELIKAN MX 710 AZU PERM MARKER,0.7,1.0,False
BOJPEL001,BOLIGRAFO JGO PELIKAN AL 821865 Y PLUMA JAZZ NOBLE ELEGANCE PEARL,0.5,1.0,True
ETQBIC003,ETIQUETAS BIC 6282 BLA 34X102MM HOJA DE 14 ETQ,0.7,1.0,True
FOLDEL168,FOLDER DELLO PLAST OFICIO 0443.LP.0030 LINE PEROLA LILA C. LIGA,1.5,1.0,False
298,CARTON GRIS TAMAÑO CARTA,1.5,1.0,False
CLBBRW001,CLIP BIN BRW BD2506 ROSA DORADO,1.5,1.0,True
LAPSTB021,LAPIZ STABILO 282 3B OTHELLO NEG,0.7,1.0,True
COPMAP016,COMPAS MAPED 199121 STUDY SMILING PLANET,1.2,1.0,False
ATMXXX083,ATM POMPONES DIF COLOR,1.5,1.0,True
BOLPEL065,BOLIGRAFO PELIKAN AL 806992 JAZZ CLASSIC K35 FUCSIA,0.7,0.5,False
LAPLYR060,LAPIZ LYRA 1110101 669 NEG B ART DESIGN,0.5,1.0,True
FOLIDL002,FOLDER IDEAL CARTA PLAST,0.7,1.0,False
PSSLYR007,PASTELES LYRA 5651240 K24 POLYCRAYONS JGO 24U SOFT,0.7,1.0,True
MCPSTB088,MICROPUNTA STABILO 88 11 AZU CLARO POINT 88,0.5,1.0,True
BOLPTL043,BOLIGRAFO PENTEL BK427 B ROJO 0.7MM BOLLY,0.7,1.0,True
CNRDYM006,CINTA ROTUL DYMO 91333 ROJ LETRA TAG 1/2PULG O 12MM X 4M,1.0,1.2,False
PSSLYR012,PASTELES LYRA 5611480 AQUARELL JGO48U CJ METAL,0.7,1.0,False
PLAPEL006,PLASTILINA PELIKAN MX 180G BLAN,0.7,1.0,False
PLAPEL011,PLASTILINA PELIKAN MX 180G ROJO,1.2,1.0,True
PLFPEL025,PLUMAFUENTE PELIKAN AL 947101 TWIST SILVER METALIC,0.7,1.0,False
SACRAP001,SACAGRAPA RAPID C2 20709901,0.7,1.0,True
AGEV&R097,AGENDA V&R 2024 ASTROLOGICA,1.2,0.5,True
CUALAP029,CUADERNO LAPAP EMP 1/2 OFICIO CUAD 5MM 100HJS,1.2,0.7,True
CAUPEL006,CARTULINA PELIKAN MX FLUOR VER 48X66CM,1.5,1.0,False
TJTATS001,TARJETERO ARTESCO 48 045 LIBRETA,1.2,1.0,True
FICABC006,FICHA CARTU ABC CREMA 165X105MM PQT100PCS,0.5,1.2,True
PESXXX002,PAP ESTAÑADO ROS,1.5,1.0,True
POJDEL021,PORTA OBJETOS 3072.H.0006 ESSENCIAL C/11 DIVISORIAS CRISTAL,0.7,1.0,True
PTLATS001,PORTALAPIZ ARTESCO 21274 TIPO VASO,0.7,1.0,True
GRARAP027,GRAPAS RAPID ZINC  23/14 CJ1000U,0.5,1.2,True
FOLDEL100,FOLDER DELLO 0295.BP.0050.2 SERENA C/FASTENER AZUL PASTEL ,1.5,1.0,True
MINSTD031,MINA STAEDTLER 250 05 NEG 0.5MM 4H,1.2,1.5,False
CLBBOS002,CLIP BIN BOSTON 2001 NO1 BULLDOG METAL,0.7,1.0,True
CLBBOS003,CLIP BIN BOSTON 2002 NO2 BULLDOG METAL,0.7,1.0,True
CCTDEL030,CAJA ORGANIZADORA 2195.07.0005 DELLO MEDIA KIDS MUNDO GEEK,1.2,1.0,True
GOEXXX004,GOMA EVA GLITTER AZU 50X70CM,0.5,1.0,False
ETLBRW006,ESTUCH LAP BRW ET0410 ROSA TROQUELADO,1.5,1.0,True
LIGALL012,LIGAS ALLIANCE NO10 DE 1/4 LIBRA BOLSA,1.2,1.0,True
MINSTD029,MINA STAEDTLER 254 05 AMA 0.5MM,1.2,1.0,False
CRBLYR002,CARBONCILLO LYRA 5550020 MEDIO 5 A 6 MM CJA 15UN,0.5,1.0,True
PSSLYR010,PASTELES LYRA 5611120 AQUARELL JGO12U CJ METAL,1.2,0.5,True
PSSLYR011,PASTELES LYRA 5611240 AQUARELL JGO24U CJ METAL,0.5,1.0,False
MALUSG002,MALETIN USIGN US 420H PLAST ASA FUELLE,1.5,1.2,True
GLIPEL011,GLITER PELIKAN AR 051 020 211 VER BANDERA 60ML,1.5,1.0,False
FORRIC001,FORRO RICOR 1/2 OFICIO PLAST TRANSP,1.2,1.0,False
GRAMXO002,GRAPAS MAXOFFICE  26/6 1000U,0.7,1.0,False
PIZLEY001,PIZARRA ACRILICA LEYDEZ 090X120M MARCO ALUM,0.7,1.0,True
MCPSTB106,MICROPUNTA STABILO 88 54 NARANJA POINT 88,0.5,1.0,False
XMUSIN002,CANCIONERO ESCOLAR,1.5,1.0,False
BLDCNS014,BLOCK DIBUJO XL CANSON ESP 50HJS 160GR A3 29 X 42 CMC400039089,0.7,1.0,True
MCPPEL001,MICROPUNTA PELIKAN MX TECHNO LINER 86 NEG 0.1,1.5,1.0,True
FOLDEL055,FOLDER DELLO 0246.LP.0050 SERENA LILA PASTEL OFICIO,1.5,0.5,False
GRARAP002,GRAPAS RAPID ZINC 24870300 23/17 CJ1000U,0.7,1.0,True
CRALYR011,CRAYON LYRA 5620106  GRAPHIT KREID 6B GRUESO,1.2,1.0,True
REGPEL002,REGLA PELIKAN MX 20CMPLASTFLEXIBLE,1.5,1.0,True
PLAPEL013,PLASTILINA PELIKAN MX 180G NEG,1.5,1.0,False
PLAPEL014,PLASTILINA PELIKAN MX 180G PLO,1.2,1.0,True
CAUXXX072,CARTULINA BLANCA TRIPLEX 225 GR. (67X87 CM.),1.5,1.0,True
FOLDEL036,FOLDER DELLO 0291.H.0050.2 DELLOPLAST CRISTAL C/FASTENER,1.2,1.0,False
CLBIDL002,CLIP BIN IDEAL 51MM O 2PULG,1.2,1.0,False
FOLDEL022,FOLDER DELLO 0242.Q.0050 DELLOFINE ROS. LOMO 2 CMS OFICIO,1.5,1.0,True
BOLLEY001,BOLIGRAFO LEYDEZ 07MM AZUL PUNTA METAL,1.2,1.0,False
JUEBLM006,ROMPECABEZAS DISEÑOS MIX 30 PZS,1.5,1.0,False
PINPAG005,PINCEL PAGODA 251 NO06,1.5,1.0,True
FGAART007,FIGURAS ADH ARTI TACF00005 JARDIN X 120 PZS GOMA EVA,0.7,1.0,True
TABXXX003,TABLERO D/CAMPO 1/2 OFICIO,1.5,1.0,True
CAUCNS033,CARTULINA CANSON COLORLINE AZU TURQ 50X65CM C41024,0.5,0.7,False
PEGPEL001,PEGAMENTO PELIKAN MX SILICONA LIQ 30 ML,1.2,1.0,False
SENATS012,SEÑALADOR ARTESCO ROJ PRECORTADO 5.1CM PLAST,1.5,1.0,True
CAPABC002,CARPETA ABC CARTON A3 ESPIRAL - EXACTAS,1.2,1.0,True
MFOPEL012,MASA FOAMY 50G VER CLARO 06740127,0.5,1.0,False
RESPTL010,RESALTADOR PENTEL S515 G AMA DELG,1.2,1.0,False
XAIALB006,CRIA DE CONEJOS,0.5,1.0,True
XFSALB002,MAS FILOSOFIA PARA CURIOSOS,0.7,1.0,False
TAJMAP026,TAJADOR MAPED Y GOMA 049211 CONNECT 2 USOS,1.5,1.0,False
BOLPEL061,BOLIGRAFO PELIKAN AL 806930 JAZZ CLASSIC K35 NEGRO,0.7,1.0,False
PCPHOB013,PAP CREPE HOBBY CAF CLARO 48X200CM,0.7,1.0,True
TAJMAP003,TAJADOR MAPED 534754 I GLOO,1.5,1.0,True
BOLPRK110,BOLIGRAFO PARKER 1953199 JOTTER PREMIUM GRIS OXF CLIP CROMAD,0.7,1.0,True
XCLALG041,PREGUNTASELO A MAMÁ PREGUNTASELO A PAPÁ,0.7,1.0,True
BLPBRW015,BLOCK POST BRW BA0604 COLOR PASTEL,0.7,1.0,True
RESMON002,RESALTADOR MON AMI AZU JUMBO,1.5,1.0,True
CLBISO004,CLIP BIN ISOFIT 15MM O 5/8,0.7,1.5,False
MRDFBC011,MARCADOR FABER CASTELL 54-R ROJ MULTIMARK,1.0,1.5,False
MCPUNI011,MICROPUNTA UNIBALL UNI PIN ROJO 02,0.7,1.2,True
TCRXXX002,TAPA CARPETA  DOBLE CARTA CARTON,1.5,1.0,False
ACCXXX006,ACCES COMP HP USB 16GB,1.0,1.2,False
SETPEL066,SET LAPICES PELIKAN MX  30330241 2HB NEG TRIANG PASTEL 5PZS ,1.5,1.0,True
RESSTB006,RESALTADOR STABILO 70/56 ROS BOSS GRUESO,0.7,1.0,False
ENGIDL007,ENGRAPADOR IDEAL IDL E352 24/6 26/6 CAP 25HJ,1.5,1.0,True
ATMXXX056,ATM GLOBOS BL100U,1.5,0.7,True
ESDLYR017,ESCUADRA LYRA 3084 26CM 45 REMBRANDT,1.5,1.0,True
MRAPEL026,MARC AGUA PELIKAN MX 741 AZU FLASH MARKER PTABALA CJ 10U,1.0,1.5,False
MRDPEL017,MARCADOR PELIKAN MX MARKATODO ORO PTA GRUESA,0.5,0.7,False
PLAPEL007,PLASTILINA PELIKAN MX 180G CAFE,0.7,1.0,True
PLFPRK036,PLUMAFUENTE PARKER 1931490 SONNET DE PLATA LABRADA CLIP DORADO M,0.5,1.5,True
XLLALG102,LOS 4 SHERLOCKS LOS SABLES DEL FAQUIR,1.5,0.5,True
MCPSTB110,MICROPUNTA STABILO 88 58 LILA POINT 88,1.5,1.0,True
CUDLEY003,CUADERNILLO LEYDEZ T/CARTA CON MARGEN,1.5,1.0,False
PITXXX001,HILO PLASTICO PESCA CARRETE,1.2,1.0,True
PEGPEL016,PEGAMENTO PELIKAN MX SILICONA LIQ BASE AGUA 250ML,0.5,1.0,False
GOMMAP005,GOMA BORRAR MAPED 511100 PRECISION,1.2,1.0,True
PLAPEL020,PLASTILINA PELIKAN MX 180G ROSA CARNE,0.5,1.0,True
GOEXXX019,GOMA EVA GLITTER NAR 50X70CM,1.2,0.7,True
REGDEL001,REGLA DELLO 3112.A.0096 30 CM DELLOCOLOR AMARILLA CX DISPLAY,1.2,1.0,True
LIEXXX005,LIENZO PREPARADO 30X40CM,0.7,1.0,False
MCPSTB091,MICROPUNTA STABILO 88 17 HELIOTROPO POINT 88,1.2,1.0,False
MCPSTB099,MICROPUNTA STABILO 88 32 AZU ULTRAMAR POINT 88,0.7,1.0,True
HJCABC016,HJA CARPETA ABC 3 PERF CUAD 5MM PQ100HJS,1.5,1.0,False
BLPPEL015,BLOCK POST PELIKAN MX 92821102 3X3PULG 76X76MM NEON 100HJS,0.7,0.5,True
TAJMAP001,TAJADOR MAPED 534753 SHAKER,1.5,1.0,False
PNLACR014,PINTUR TELA ACRILEX 517 NAR CORRIENTE,0.5,1.0,False
FORRIC018,FORRO RICOR 1/2 OFICIO PLAST CAF,1.2,1.0,True
ETQAVR170,ETIQUETAS AVERY RC5080 BLA CJ50HJS 13X45MM-80 ETQ X HJA RIVO ,1.2,1.0,True
FOLDEL034,FOLDER DELLO 0291.A.0050.2 DELLOPLAST AMA. C/FASTENER,0.7,1.0,False
FOLDEL039,FOLDER DELLO 0291.T.0050.2 DELLOPLAST VER. C/FASTENER,1.5,1.0,True
PEGACO007,PEGAMENTO ACRICOLOR SILICONA LIQ 475G,0.5,1.0,True
PLUXXX025,PAP LUSTROSO 20X20CM BLOC 12HJS,0.7,1.0,True
XLLALB002,ULTRATUMBA LA VENGANZA DEL ESQUELETO,1.5,1.0,False
MRJPEL027,MARCADOR JGO PELIKAN CO 600 WINDOW JGO8U 30201403,1.2,0.5,True
CUALAP027,CUADERNO LAPAP ESP OFICIO CUAD 5MM 100HJS,0.5,0.7,False
PERIDL004,PERFORADORA IDEAL IDL-P802 CAP 30 HJS,1.2,1.0,False
ATMXXX057,ATM BROCHETAS COLOR ESPACIO CULT CREAT,1.5,1.0,False
PEGUHU033,PEGAMENTO UHU 39125 PATAFIX HOMEDECO MAX 2KG,0.7,1.0,True
PLUXXX034,PAP LUSTROSO AZUL PUNTOS 50X70CM,0.7,1.0,False
ETQDYM008,ETIQUETAS DYMO 30321 BLA 1 4/10X3 1/2PULG CJ2ROLLOS,0.5,0.7,True
PCOXXX002,PAP CONTIN ANDI FORM BLA 9 1/2X5 1/2X2 CJA1500HJ,1.0,1.2,True
COPMAP010,COMPAS MAPED 191611,0.7,1.0,True
ALMPEL001,ALFILER MAP PELIKAN 01210000 PUSH PINS COL CJ100U,1.5,1.2,False
BESDEL001,BANDEJA ESC DELLO 3004.P.0012 8 DIVIS,1.2,0.7,False
LPLXXX004,LAMINA PLASTIFICAR CARTA,1.5,1.0,False
GLIPEL014,GLITER PELIKAN AR 09700006 FUCSIA 60ML,1.5,1.0,True
ATMXXX104,ATM PAPEL FIELTRO OFICIO,0.5,1.0,False
POJDEL029,PORTA OBJETOS DELLOCOLOR 3029.VP.0012 VERDE PASTEL,0.5,1.2,True
ENGIDL006,ENGRAPADOR IDEAL IDL E353 24/6 26/6 CAP 25HJ,0.7,1.0,True
TAJMAP029,TAJADOR MAPED Y GOMA 049221 CONNECT FUL 2 USOS,0.7,1.0,True
GRAIDL004,GRAPAS IDEAL 24/6 ZINC 1000U,0.7,0.5,True
FOLDEL092,FOLDER DELLO PLAST OFICIO 0254.R.0050 LILA C. LIGA,0.7,1.0,False
LAPLYR050,LAPIZ LYRA 2001122 REMBRANDT POLYCOLOR GRISES JGO12U,1.2,0.7,True
XLLATN003,VAMOS A CALENTAR EL SOL,1.2,1.0,False
REGXXX003,REGLA METALICA 50CM,0.7,1.0,True
PLUXXX032,PAP LUSTROSO VERDE PUNTOS 50X70CM,1.2,1.0,False
PLUXXX035,PAP LUSTROSO AMARILLO PUNTOS 50X70CM,0.7,1.0,True
MOPDEL005,MOUSE PAD DELLO 6553.VP.0030 VERDE PASTEL,0.7,1.0,False
PCIXXX010,PAP COPIA CARTA CEL,0.5,1.0,True
LCLPEL034,LAPIC COLOR PELIKAN MX 30330300 REDON 4MM LARGO JGO12U+1U,0.5,0.7,True
PBOXXX016,PAP BOND 67X87CM 56GR BLAN,1.2,1.0,False
CAVMDN008,CARTAP VISOR MADISON 3PULG 2A TIPO D A4 PLAST BLA,1.5,1.0,True
ATMXXX075,ATM PUNZON ESCOLAR,1.2,0.5,False
MRDSTB061,MARCADOR STABILO 68 60 8 1 PEN 68 COLOR METALICO DORADO,0.5,1.0,True
LCLPEL030,LAPIC COLOR PELIKAN MX JGO12U METALICO REDONDO LARGO 30330331,1.5,1.0,False
LIETLB002,LIENZO TALBOT 40X50 CM,0.5,1.0,False
GOMMAP014,GOMA BORRAR MAPED 015802 CROC CROC BUNNY,1.5,1.0,False
BOLSTB028,BOLIGRAFO STABILO 828 36 VER EXCEL M,0.5,1.0,False
GLIPEL003,GLITER PELIKAN AR 051 020 203 LILA 60ML,1.2,1.0,True
CAUPLI001,CARTULINA PAPERLINE 10 COLORES OFICIO 200GR PQ10HJS,0.5,1.0,True
CCHPEL004,CUCHILLA PELIKAN AL ESTILETE 1062FM,1.2,1.0,True
CNAPGF011,CINTA ADHES PEGAFAN TECNOF 820 3/4 X 20 YDS NEGRO,0.5,1.0,True
PITXXX019,PITA LANA GRUESA DIF COLORES,0.7,1.0,False
CALCAS024,CALCULADOR CASIO  FX-9860 G-SD CIENTIFICA GRAFICADORA,0.5,1.0,False
MRAPEL028,MARC AGUA PELIKAN MX 741 VER FLASH MARKER PTABALA CJ 10U,1.5,1.0,False
ETLMAP001,ESTUCHE P/LAPIZ MAPED  934800 TURBO COSMIC KIS,0.5,1.0,False
BLDCNS052,BLOCK DIBUJO GRADUATE  DIEÑO NEGRO  CANSON 20HJS  180GR  A3 30 X 42CM  C400110384,0.5,1.0,True
CLBLEY001,CLIP BIN LEYDEZ 15MM O 5/8,1.0,1.2,True
LRGABC011,LIBRO REGIS ABC VENTAS IVA,1.5,1.0,False
GLIPEL008,GLITER PELIKAN AR 051 020 208 PLATA 60ML,1.2,1.0,False
RESSTB026,RESALTADOR STABILO 70/125 NARANJA PALO PASTEL BOSS GRUESO,1.2,0.5,True
CALCAS022,CALCULADOR CASIO HL-820LV 8DIG,0.7,1.0,False
PAPISO001,PAPELERO ISOFIT MALLA METAL TRIPLE,1.2,1.0,True
BLPPEL001,BLOCK POST PELIKAN MX 3X3PULG 76X76MM AMA PELINOTAS 92820000,0.7,1.0,False
BOTMAP009,BOTELLA MAPED 580ML 871704,1.5,1.0,True
PRRMIL003,PAP ARROZ MILCAR AMA 50X50CM,0.5,1.0,True
PDULEY004,PORTADIUREX LEYDEZ 200514 MINI,0.5,1.0,False
ESDMAP005,ESCUADRA MAPED 2013J032G 32CM JUEGO,0.5,1.0,True
TAJLEY001,TAJADOR LEYDEZ A1002 METAL SIMPLE,1.5,0.5,False
LAPPEL012,LAPIZ PELIKAN MX CHECADOR AZUL,1.5,1.0,False
MCPSTB084,MICROPUNTA STABILO 88 031 AZU NEON POINT 88,0.7,1.0,True
BLDCNS063,BLOCK DIBUJO CANSON 30HJS 90GR A4 C400015583,0.7,1.0,True
CAPABC005,CARPETA ABC CARTON A3 ESPIRAL - SOCIO HUMANAS,1.5,0.7,True
PESXXX012,PAP ESTAÑADO TURQUESA,1.5,1.2,False
BOLPIL012,BOLIGRAFO PILOT BPGP 10R F R 0.7MM ROJ SUPER GRIP CLIP PLAST,1.5,0.5,False
XXALAR004,DICC BASICO ESPAÑOL ALEMAN ED LAROUSSE,0.5,1.0,True
XCCLIT151,COMO ENTENDER A LOS CHICOS V&R,1.2,1.0,False
MCPSTB112,MICROPUNTA STABILO 88 63 VER TIERRA POINT 88,1.5,1.0,True
MRDSTB042,MARCADOR STABILO 568 48 PEN 68 BRUSH ROJ,0.7,1.0,True
MRDSTB049,MARCADOR STABILO 568 41 PEN 68 BRUSH CEL,1.5,1.0,False
XCLGIS009,LA ESFERA DE CRISTAL 6A EDICION,1.2,1.0,True
PEGPEL012,PEGAMENTO PELIKAN MX SILICONA BASE AGUA 100ML,1.5,1.0,False
PDDPEL035,PINT DEDO PELIKAN MX 52140016 NARANJA 60ML,1.5,1.0,False
JUEBLM003,JUEGO ENSARTE  CUENTAS X 36 EVAFLEX,0.7,0.5,False
MCPPIL006,MICROPUNTA PILOT BL G1 5T L AZU,0.5,1.0,True
JUEART012,JUEGO ARTI TACJUEDI086 LACING BOY,0.7,1.0,False
XCACOQ002,CALIGRAFIA 2,0.7,1.2,True
REGDEL009,REGLA DELLO 3112.VP.0096 30 CM SERENA VERDE PASTEL,0.7,1.0,True
RBLPEL005,RPTO BOLIG PELIKAN MX 045 496 230 LOCORRIJO AZUL GEL 07MM,0.7,1.0,True
TNMTRX002,TINT NUMER TRAXX AZU,0.5,1.0,True
KITDEL002,KIT MUNDO DA LUA DELLO 2191.SS.0006 CON 5 PORTA OBJETOS,0.7,1.0,True
BOLSCH008,BOLIGRAFO SCHNEIDER 152279 ESTUCHE 8 BOLIGRAFOS SLIDER EDGE XB,0.5,1.5,False
CATOXF009,CARTAP OXFORD 88 7310 15PULG 3A CARTA PLAST NEG,1.2,1.5,True
MCPSTB094,MICROPUNTA STABILO 88 24 AMA LIMON POINT 88,0.5,1.0,True
XLLATN010,MI PLANTA DE NARANJA LIMA  EDC.ESPECIAL,1.5,1.0,True
MRDSTB048,MARCADOR STABILO 568 32 PEN 68 BRUSH AZU,0.5,1.2,True
PERIDL006,PERFORADORA IDEAL IDL-P805 CAP 20 HJS,1.5,1.0,False
BLPPEL002,BLOCK POST PELIKAN MX 3X4PULG 76X102MM AMA,1.0,1.2,True
GOEXXX131,GOMA EVA LISA ROS OSC 50X70CM,0.7,1.0,False
PIZXXX028,PIZARRA CORCHO 090X120M MARCO ALUM,1.2,1.0,True
PICLEY001,PINCHE LEYDEZ 2001,0.5,0.7,True
SENATS008,SEÑALADOR ARTESCO ROJ PRECORTADO 3.8CM PLAST,0.5,1.0,False
PRRMDN013,PAP ARROZ MADISON VER OSC 50X50CM,0.5,1.0,True
FOLDEL123,FOLDER DELLO 0233.U.0050 TOP LINE ROJ. ALA OFICIO,0.7,1.0,True
RESMON004,RESALTADOR MON AMI VER JUMBO,0.5,1.0,False
MCPPIL051,MICROPUNTA PILOT BL SG 7 ROJ 0.7MM SUPER GEL,1.5,1.0,True
MCPSTB103,MICROPUNTA STABILO 88 50 CARMIN POINT 88,0.5,1.0,True
BOLPTL033,BOLIGRAFO PENTEL B811A A STERLING BARRIL NEGRO CLIP PLATEADO,1.2,1.0,False
ETLMAP007,ESTUCHE P/LAPIZ MAPED MINI CUTE BLUE 934804,1.2,1.0,False
GOEXXX032,GOMA EVA GLITTER OFICIO VER HOJA,1.2,1.0,True
CCOMDN001,CARPETA COLG MADISON OFICIO AMA.,0.5,1.5,True
FOLDEL038,FOLDER DELLO 0291.Q.0050.2 DELLOPLAST ROS. C/FASTENER,0.7,1.0,False
FOLDEL035,FOLDER DELLO 0291.C.0050.2 DELLOPLAST AZU. C/FASTENER,1.5,1.0,True
MCPFBC002,MICROPUNTA FABER CASTELL 499 ICE AZU 0.4,1.5,1.0,False
MRDPEL002,MARCADOR PELIKAN MX 710 NEG PERM MARKER,0.5,1.0,True
HJOXXX002,HJA CONTAB 4 COLUMNAS CUADERNILLO,1.5,1.2,True
PERSTU003,PERFORADOR STUDMARK ST04520 2 Y 3 HUECOS CAP 30HJS,1.2,1.0,False
RESMAP002,RESALTADOR MAPED 742000 FLUO PEPS METAL  4COL,0.7,1.0,False
PCEXXX005,PAP CELOFAN TRANSP 76X102CM,0.7,1.0,False
REGDEL006,REGLA DELLO 3112.T.0096 30 CM DELLOCOLOR VERDE CX DISPLAY,1.2,1.0,True
CNRDYM015,CINTA ROTUL DYMO 5201 02 ROJ 3/8PULG,0.7,1.0,True
JUEBLM002,JUEGO ENSARTE  BOTONES  GOMA EVAFLEX,0.7,1.0,True
FOLDEL119,FOLDER DELLO 0244.Q.0050 DELLOFINE ROS. LOMO 4 CMS ALA OFICIO,0.7,1.0,False
MALDEL021,MALETA DELLO FINE A3 2151.I.0005 HUMO,1.2,1.0,False
PNLACR040,PINTUR TELA ACRILEX 502 AZU COBALTO,1.0,0.5,False
XCLATN019,CUENTOS CORTOS PARA SOÑAR,1.5,1.0,False
MRDPEL016,MARCADOR PELIKAN MX MARKATODO NEG PTA GRUESA,0.7,1.0,False
GOEXXX111,GOMA EVA LISA VER MUSGO 50X70CM,0.7,1.0,True
PESXXX011,PAP ESTAÑADO PLATEADO,1.2,1.0,True
MRAFBC003,MARC AGUA FABER CASTELL 152 AZU,1.2,1.0,False
CERTLB001,CERA TALBOT CONTAR 20G,1.5,1.0,False
MOPDEL004,MOUSE PAD DELLO 6553.WP.0030 ROSA PASTEL,0.5,1.0,True
XXFLAR006,DICC BASICO ESPAÑOL FRANCES ED LAROUSSE 2009,0.5,1.0,True
MRDPEL004,MARCADOR PELIKAN MX 710 VER PERM MARKER,1.5,1.0,True
SOBXXX052,SOBRE CORRESPONDENCIA DIF.COL ESQUELA,1.5,1.0,True
RESSTB028,RESALTADOR STABILO 70/150 ROSA CEREZO PASTEL BOSS GRUESO,0.7,1.0,True
PIZMAP001,PIZARRA ACRILICA MAPED 258510 CON ROTULADOR,1.2,1.0,True
CAUCNS115,CARTULINA CANSON MI TEINTES ULTRAMAR 50X65CM 160GR 590   C200321264,0.5,1.0,True
XLIATN018,EL RETRATO DE DORIAN GRAY,1.5,0.5,False
GOEXXX021,GOMA EVA GLITTER OFICIO AZUL,0.5,1.0,False
BOLPRK081,BOLIGRAFO PARKER 1953190 JOTTER VIOLETA CLIP CROMADO,0.7,1.0,True
MCPSCH002,MICROPUNTA SCHNEIDER 191092 ESTUCHE DESPLEGABLE FINELINER LINE UP 0.4 MM 16 PZA,1.5,1.0,True
SENATS005,SEÑALADOR ARTESCO NAR PRECORTADO 3.8CM PLAST,1.5,0.7,False
GOEXXX079,GOMA EVA LISA OFICIO ROJ,0.5,1.0,True
CNRDYM031,CINTA ROTUL DYMO 45013 1/2PULG IMPRESO NEG EN CINTA BLA,1.5,1.0,True
CLBLEY002,CLIP BIN LEYDEZ 19MM O 3/4PULG,0.5,0.7,True
FOLDEL008,FOLDER DELLO PLAST OFICIO DIF COLOR C. LIGA,1.5,1.0,True
PNLACR052,PINTUR TELA ACRILEX 507  ROJ FUEGO,0.5,1.0,False
JUEBLM005,ROMPECABEZAS DISEÑOS MIX 20 PZS,0.7,1.0,False
BOLUNI004,BOLIGRAFO SIGNO NOBLE METAL ROS 120NM 56,1.5,1.2,True
MRDPEL052,MARCADOR PELIKAN MX 240 AZU PERM TRAZO FINO,0.5,1.0,False
RCUXAC001,RPTO CUCHIL X ACTO X 244 5U,0.7,1.0,True
CAVMDN004,CARTAP VISOR MADISON 2PULG 2A TIPO D A4 PLAST BLA,0.7,1.0,False
PBOWIN004,PAP BOND WIN ROS  75GR CARTA  PQ500HJS,1.5,1.2,False
ETLLEY003,ESTUCHE LAPICES LEYDEZ TRIPLE DE LONA,0.7,1.0,False
XCPALB002,ARTETERAPIA ORIGAMI PARA COLOREAR,0.5,1.0,False
MCPSTB060,MICROPUNTA STABILO 88 033 VER NEON POINT 88,0.7,0.5,False
BOLUNI006,BOLIGRAFO SIGNO NOBLE METAL BRONCE 120NM BR,0.7,1.0,False
BOLUNI008,BOLIGRAFO SIGNO NOBLE METAL PLATA 120NM PL,0.5,1.0,False
MRDSTB052,MARCADOR STABILO 568 36 PEN 68 BRUSH VER OSC,1.2,1.0,True
FOLUSG017,FOLDER USIGN US 303 AT CARTA TAPA PLAST FASTENER,0.5,1.0,False
PBOWIN003,PAP BOND WIN  VER  75GR CARTA PQ500HJS,1.0,0.5,False
BLCXXX001,BLOCK CONST 50421 CARTA 25HJS,1.2,1.0,True
JUEBLM004,JUEGO ENSARTE PASADO GUSANITO EVAFLEX,1.0,0.7,False
MRDSTB056,MARCADOR STABILO 568 45 PEN 68 BRUSH CAFE,1.5,1.0,False
RCUABL001,RPTO CUCHIL ABEL Q6601 DELG JGO10,1.0,1.2,False
XCLBTN008,PEPO DICE A JUGAR ART 2215,0.5,1.2,False
PCEXXX002,PAP CELOFAN AZU 76X102CM,0.7,1.0,True
TBTEST084,TARJ BAUTIZO ESTRE COL IB 1026 INVIT,1.0,1.2,True
COPMAP017,COMPAS MAPED 178002 SET PRESICION 5P,1.0,0.7,False
TPLWAT003,TINT PLUMAF WATERMAN 27053 S0110920 TURQ CARTUCHO JGO8U,0.7,1.0,False
PCEXXX008,PAP CELOFAN NAR 76X102CM,0.7,1.0,False
BOLUNI005,BOLIGRAFO SIGNO NOBLE METAL VIO 120NM 59,0.7,1.0,True
XLNHOG287,ZACARIAS,0.5,1.0,False
XXALAR001,DICC POCKET ESPAÑOL ALEMAN LAROUSSE 2011,1.5,1.0,False
XCLALB010,MIS VALORES QUE LIO APRENDER A SER ORDENADO,0.7,1.5,False
PINPTL004,PINCEL PENTEL XGFL 101 NEG COLOR BRUSH,1.2,1.0,False
GRARAP021,GRAPAS RAPID ZINC 24869100 23/ 6 CJ1000U,0.5,1.0,True
CCHLEY001,CUCHILLA LEYDEZ 808 GRUESA PLAST,0.7,1.0,False
MCPSTB092,MICROPUNTA STABILO 88 19 PURPURA POINT 88,0.5,1.0,False
GOEXXX084,GOMA EVA LISA OFICIO VIOL,0.7,1.0,True
TPLPEL012,TINT PLUMAF PELIKAN AL 4001 ROJO CARTUCHO 7CM,1.2,0.7,True
XACALB110,MULTIJUEGOS 4,0.7,1.0,True
MRJPEL028,MARCADOR JGO PELIKAN MX COLORELLA JGO12U PUNTA BALA,1.5,1.0,True
LPLXXX002,LAMINA PLASTIFICAR 80X110MM,1.5,0.5,False
CCOELB008,CARPETA COLG ELBA 85939 AMA OFICIO,0.5,1.0,True
CCTDEL033,"CAJA ORGANIZ 2205,G1.0005 LINO MEDIA GRAFITO",0.5,1.0,True
SENATS018,SEÑALADOR ARTESCO NAR ESTANDAR 15CM PLAST,1.5,1.0,False
GOEXXX092,GOMA EVA LISA VER OSC 50X70CM,0.7,1.0,True
PTFTNP015,PLASTOFORM TECNOPOR ESFERA 3.0CM DIAMETRO,1.2,1.0,True
ENGMAP001,ENGRAPADOR MAPED ESSENTIAL MINI 26/6 24/6,0.7,1.0,False
PINTLB003,PINCEL TALBOT T PR NO 12 REDONDO,1.2,1.0,True
FOLOXF018,FOLDER OXFORD 57538 CARTA AZU OSC BOLSAS GEM,1.2,1.0,True
PBOCHA023,PAP BOND CHAMEX BLAN 75GR DOBLE CARTA PQ500HJS,0.5,1.0,False
HJCABC056,HJA CARPETA ABC 3 PERF COLOR 63GR CUAD 5MM PQ500HJS,0.5,1.0,True
CAUXXX053,CARTULINA OFICIO COLOR PQ10HJS,0.5,1.0,True
PCBXXX004,PAP CEBOLLA CARTA 95GR,0.5,1.0,False
PNLACR026,PINTUR TELA ACRILEX 544 AZU MARINO CORRIENTE,1.2,1.0,True
CNRDYM032,CINTA ROTUL DYMO 45803 3/4PULG IMPRESO NEG EN CINTA BLA,0.7,1.0,True
PFXXXX002,PAP FAX   30M,0.7,1.0,False
PLAPEL027,PLASTILINA PELIKAN MX JGO4U PASTEL 454G 06700141,0.5,0.7,False
GOEXXX020,GOMA EVA GLITTER OFICIO AMA,1.2,1.0,True
MCPSTB114,MICROPUNTA STABILO 88 75 SIENA TOSTADO POINT 88,0.5,1.0,True
FGAART003,FIGURAS ADH ARTI TACF00003 MINIFLORES X 12 PZS FIELTRO,1.5,0.7,True
PSSLYR004,PASTELES LYRA 5641122 K12 POLYCRAYONS JGO12U TONO GRIS,1.0,0.7,False
MRJPEL004,MARCADOR JGO PELIKAN CH PINTALOCO JGO24U,1.2,1.0,True
PINPTL038,PINCEL PENTEL ZBS6-16E N° 16 PELO CABRA PLANO,1.0,1.2,True
FOLOXF040,FOLDER OXFORD 57507 CARTA CREM BOLSAS GEM,0.7,1.0,True
LAPSTB057,LAPIZ STABILO 979/40-12 AZU,0.7,1.0,True
BLPXXX007,BLOCK POST HX A04 FLUOR 1.5X2PULG 38X51MM DIF COLOR,1.2,1.0,True
XACALB075,50 JUEGOS PARA EL PENSAMIENTO LATERAL,0.7,1.5,False
XMARGC107,MATEMATICA PRACTICA 1 SEC ED 2014,0.5,1.0,False
CUAABC122,CUADERNO ABC ESP CARTA CUAD 5MM 100HJS DISEÑO PQT 5PCS,0.7,1.0,True
XACALB097,ORIGAMI PARA CREAR Y DECORAR,1.2,1.0,True
ENGISO009,ENGRAPADOR ISOFIT CP 60 CAP 25HJS PLAST,1.5,1.0,True
GOEXXX093,GOMA EVA LISA VINO 50X70CM,0.7,1.0,True
ACRPIM006,ACRILICO PRIMO AMARILLO 201 75ML,0.7,1.0,False
MRJPEL029,MARCADOR JGO PELIKAN MX 30230019 PERMANENT 240 JGO36U ,1.2,1.0,True
PNLACR016,PINTUR TELA ACRILEX 531 MARRON CORRIENTE,1.5,1.0,False
PMRXXX102,PAP MARQUILLA OFICIO,1.0,0.7,True
PRRMIL004,PAP ARROZ MILCAR  CEL 50X50CM,1.5,1.0,False
PRRMIL006,PAP ARROZ MILCAR BLA 50X50CM,0.7,1.0,False
GOEXXX033,GOMA EVA GLITTER OFICIO VER MANZ,1.2,1.0,False
LAPLYR125,LAPIZ LYRA 2051350 BROWN Y GREY TONES SET CAJA METAL 35U,1.5,1.0,True
PDDPEL031,PINT DEDO PELIKAN MX 52140015 AMA 60ML,0.7,1.0,True
PRELEY011,PORTAREVIS LEYDEZ TRIC 4 CARTON AZUL,0.7,0.5,False
PBOWIN001,PAP BOND WIN  AMA  75GR CARTA  PQ500HJS,0.5,1.0,False
LQLPEL001,LIQUIDO LIMP PELIKAN MX 01700100 PIZARRA ACRIL 180ML,0.7,1.0,False
PSESWA023,PAP SEDA 6202 TURQUESA 50X75CM,1.5,1.0,True
PNLACR054,PINTUR TELA ACRILEX 532  MET ORO,1.2,1.0,True
RESATS004,RESALTADOR ARTESCO CELESTE,0.7,1.0,False
TBTEST088,TARJ BAUTIZO ESTRE COL IB 1032 INVIT NIÑA,1.2,1.0,True
TABBLM001,TABLA PUNZADO EVAFLEX,0.7,1.0,False
PBOHPA003,PAP BOND HP BLAN OFICIO 75GR PQ500HJS,1.5,1.0,True
FOLELB005,FOLDER ELBA 67907 GB AMA PLAST OFICIO,0.7,1.0,True
PRRMIL007,PAP ARROZ MILCAR AZU 50X50CM,1.5,1.0,False
LCLLYR070,LAPIC COLOR LYRA 2871360 GRADUATE JGO36U CAJA MET,1.2,1.0,False
PBOPLI123,PAP BOND PAPER LINE AMA LEMON 75GR OFICIO PQ500 HJS,0.7,1.0,True
XCLATN025,EL CONCIERTO MAGICO,0.7,1.0,False
MCPSTB119,MICROPUNTA STABILO 88 97 GRIS AZUL INTENSO POINT 88,0.5,1.5,False
ARCCOD002,ARCHIVADOR CONDOR 1/2 PALANCA,1.5,1.0,False
ATMXXX002,ATM MOSTACILLAS,1.2,0.7,True
BOLUNI011,BOLIGRAFO SIGNO SPARKLING AZU BRILLANTINA 120SP 41,0.5,1.0,True
MRDSTB045,MARCADOR STABILO 568 58 PEN 68 BRUSH MORADO,0.7,1.0,False
MRDSTB046,MARCADOR STABILO 568 55 PEN 68 BRUSH LILA,0.7,1.0,True
PLUXXX030,PAP LUSTROSO LILA PUNTOS 50X70CM,0.5,1.0,False
CNRDYM002,CINTA ROTUL DYMO 91331 BLA LETRA TAG 1/2PULG O 12MM X 4M,1.2,1.0,True
PDDPEL032,PINT DEDO PELIKAN MX 52140009 AZU 60ML,1.5,1.0,True
PDDPEL034,PINT DEDO PELIKAN MX 52140019 NEGRO 60ML,0.7,1.0,True
BSAXXX016,BALSA PEQ DE REGALO,0.7,1.0,False
LCLSTB025,LAPIC COLOR STABILO 1400 700 CARBOTHELLO GRIS CALIDO 1,0.7,1.0,False
MCPPIL005,MICROPUNTA PILOT BL G1 5 R ROJ 0.5MM,1.5,1.0,True
CRBLYR001,CARBONCILLO LYRA 5550010 FINO 3 A 4 MM CJA 15UN,1.2,1.0,True
MCPPIL047,MICROPUNTA PILOT BL SG 5 AZU 0.5MM SUPER GEL,1.5,1.0,True
PESXXX005,PAP ESTAÑADO FUCSIA NO108 49X70CM,1.5,1.0,False
PILDRC014,PILAS DURACELL AAA BI1U,1.5,1.0,True
SENATS003,SEÑALADOR ARTESCO ROJ ESTANDAR 15CM PLAST,1.2,1.0,False
PDDPEL033,PINT DEDO PELIKAN MX 52140018 BLANCO 60ML,0.7,1.0,True
PDDPEL036,PINT DEDO PELIKAN MX 52140003 ROJO 60ML,1.0,1.2,False
PESXXX006,PAP ESTAÑADO AZU,0.5,1.0,False
PTFTNP016,PLASTOFORM TECNOPOR ESFERA 8.0CM DIAMETRO,0.5,1.0,True
PBOLEY005,PAP BOND LEYDEZ LAVANDA 80GR CARTA PQ500HJS,0.7,1.0,False
LIEXXX007,LIENZO PREPARADO 40X50CM,0.5,1.0,True
PLTPRR002,PALETA PRO ARTE 7306-7,1.2,1.0,True
MRAFBC005,MARC AGUA FABER CASTELL 123-N NEG,0.7,1.0,False
JUEXXX032,JUEGO DE AJEDREZ MAGENTICO,0.5,1.0,False
PCAMDN001,PAP CARBON MADISON AZU OFICIO,0.5,1.0,False
GOEXXX044,GOMA EVA LISA AMA 50X70CM,0.5,1.0,True
PERIDL007,PERFORADORA IDEAL IDL-P801 CAP 20 HJS,0.7,1.0,False
XCLATN055,DIOSAS DE LEYENDA,1.5,1.0,False
STCXXX001,STICKERS DIF MODELOS 25X20CM,1.5,1.0,False
PFOKOM003,PAP FOTOGRAF KORES 024005 BLA CARTA 90GR CJA25U,0.7,1.0,False
XCOALB005,EL GRAN LIBRO DE LAS VIANDAS,0.5,0.7,True
ATMXXX102,ATM BAJALENGUAS,0.5,1.5,False
PCPHOB002,PAP CREPE HOBBY AZU OSC 48X200CM,1.5,1.0,False
FORRIC019,FORRO RICOR 1/2 OFICIO PLAST MOR,1.2,1.0,False
PEGPEL015,PEGAMENTO PELIKAN MX SILICONA LIQ BASE AGUA 30 ML,0.5,1.0,False
PLUXXX019,PAP LUSTROSO MORADO 50X70CM,0.5,1.0,True
BOLPTL014,BOLIGRAFO PENTEL BK417 B ROJ 0.7MM WOW RETRAC,0.5,0.7,False
SETPEL065,SET CREATIVO PELIKAN 85730006 PASTEL 20 PZS,0.7,1.0,True
CUALAP010,CUADERNO LAPAP 50HJS CUAD ENG LIDER,0.5,1.0,True
PORPTL032,PORTAMINA PENTEL A105C G 0.5MM CAPLET AMA,0.7,1.0,False
ESPXXX003,ESPIRAL 12MM PLAST(80UNID),0.7,1.0,True
PIZXXX008,PIZARRA ACRILICA 100X150M MARCO ALUM,0.7,1.0,True
BOLPEL050,BOLIGRAFO PELIKAN MX POINTEC FINO ROJO 0.7MM,1.2,1.0,True
TAJATS002,TAJADOR ARTESCO M 30LA MESA,1.2,1.0,False
REGDEL010,REGLA DELLO 3112.C.0096 30 CM DELLOCOLOR AZUL CX DISPLAY,1.5,1.0,False
XHSGIS112,HISTORIA DE BOLIVIA 11 VA EDICION,0.7,1.0,True
XCLATN042,EL JARDIN SECRETO,1.5,1.2,True
RESPEL014,RESALTADOR PELIKAN MX 714 VER MARCATEXTOS,1.2,1.0,False
BOLPTL034,BOLIGRAFO PENTEL B820P1 A STERLING BARRIL ROSA DISEÑO,1.5,0.5,True
BLDCNS010,BLOCK DIBUJO XL MIX CANSON ESP 30HJS 300GR A4 21 X 29 CM C200807215 ,0.5,1.0,False
FOLOXF109,FOLDER OXFORD 99835 CARTA AZUL 5 BOLSILLOS PLAST,0.5,1.0,True
ORGUSG007,ORGANIZ ESC USIGN 3K PLO 6 BANDEJAS,1.5,1.0,True
PBOGAM001,PAP.BOND GAMAS COLOR T/CARTA,0.7,1.0,True
TNMNOR001,TINT NUMER NORIS NEG 25ML,1.5,1.0,False
PBOCHM006,PAP BOND CHAMPION RECICLADO CARTA 75GR PQ500HJS,1.5,1.0,False
LCLPEL029,LAPIC COLOR PELIKAN AL JGO12U+1 COMBINO TRIANGULAR LARGO 811200,0.7,1.5,False
PDDPEL037,PINT DEDO PELIKAN MX 52140017 VERDE 60ML,0.7,1.0,False
PTLDEL009,PORTALAPIZ DELLO 3030.V1.0012 CLIPS VERDE,0.5,1.0,True
CUBXXX001,PORTA CUBO PAPEL METALICO,0.5,1.0,False
CLBFSK001,CLIP BIN FOSKA 41MM O CJ12U,1.5,1.0,False
BLPBRW025,BLOCK POST BRW BA0305,0.5,1.0,True
ETLBRW007,ESTUCH LAP BRW ET0104 AZUL 100 BOLIGRAFOS,1.5,1.0,True
ENGRAP033,ENGRAPADOR RAPID SO30 CAP 30HJS METAL NEG 5000546,1.5,1.0,False
ETLMAP013,ESTUCHE ESCOLAR MAPED TUBO NEOPRENO 934851,0.7,1.0,False
XCLBTN016,NOCHES DE CUENTOS CASITA DE CHOCOLATE EL LIBRO DE LA SELVA ART 2224,1.2,0.5,True
JUEART019,JUEGO ARTI TACJUE100 LOS ANIMALES Y SUS CRIAS,1.5,0.7,True
ATMXXX103,ATM DIFUMINADOR,1.5,1.0,True
HJCABC046,HJA CARPETA ABC 2 PERF RAYADA PQ100HJS,0.5,1.0,True
XMUCIM001,CANCIONERO CIMA ESC GRANDE,1.2,1.0,False
PSESWA002,PAP SEDA NEG 50X75CM,0.5,1.0,False
MCPSTB102,MICROPUNTA STABILO 88 48 BERMELLON POINT 88,1.5,1.0,True
PNAACR009,PINTUR  ACRILEX 03240/517 PVA NAR 37ML T/ROSADO,1.5,1.0,True
CCTDEL010,CAJA ORGANIZ LINO ,0.5,1.0,False
PCRUSG004,CORDON USIGN US 04D PLO PARA CREDENCIAL,0.5,1.0,True
FOLXXX025,FOLDER  PLAST SUJ FLIP,1.2,1.0,False
PILDRC010,PILAS DURACELL AAA BL6U,0.5,1.0,False
LAPPEL015,LAPIZ PELIKAN MX DE CERA 4COLORES50800140 CJ 10U,0.5,1.0,True
XCLSIG611,MAGNETOS EL GATO FUGITIVO COD 0354MG0020,1.5,1.0,True
XLNHOG250,HOLA CAOS,0.7,1.0,False
BOLPEL080,BOLIGRAFO PELIKAN AL 821278 SNAP K10  CELESTE,1.5,1.0,False
CAUFLI041,CARTULINA FOLIA 6222 100 84 FOTO MONTAJE 50X70CM,0.7,1.0,True
HUICHI004,HUINCHA CHINA CINTA 1M SASTRE PLAST,0.7,1.0,False
LONMAP012,LONCHERA MAPED BOLSO 872104,1.2,1.0,False
RESSTB035,RESALTADOR STABILO 76/54 NAR SHINE BOSS GRUESO,1.2,1.5,True
CAVUSG008,CARTAP VISOR USIGN US 103PD 1PULG 3A TIPO D A4 PLAST AZU,1.2,1.0,False
AGEABC008,AGENDA ABC PERPETUA FEMENINA JUVENIL,1.0,1.2,True
XHSGLB001,ALBUM DE IMAGENES ANTIGUAS LA PAZ DE 1865 A 1930,1.2,0.5,False
NYLXXX002,NYLON COLOR AMA,0.7,1.0,True
XACALB089,MENTE ACTIVA,0.5,1.0,True
GOEXXX003,GOMA EVA GLITTER AMA 50X70CM,1.2,1.0,True
XLIBTN019,EL PRINCIPE C E D C ART 110045,1.2,1.0,True
PAPATS002,PAPELERO ARTESCO ECONOMICA PLASTICO,0.5,1.0,False
CAVUSG005,CARTAP VISOR USIGN US 152PD 1.5PULG 2A TIPO D A4 PLAST AZU,1.2,1.0,True
POJDEL040,KIT MINI DULZURA DELLO 2290.SS.0006 CON 4 PORTA OBJETOS,1.2,1.0,True
MCPPTL056,MICROPUNTA PENTEL BL117W V VIO 0.7MM ENERGEL TRADIO,0.5,1.0,False
CCHISO005,CUCHILLA ISOFIT DELGADO PLAST,1.5,1.0,True
ACUFBC001,ACUARELA FABER CASTELL 190012 JGO12 PASTILLAS,0.5,1.0,False
PINPTL024,PINCEL PENTEL ZBS5-12E N° 12 PELO CABRA REDONDO,1.5,1.0,False
INALEY001,INDICE ARCH LEYDEZ A Z,1.5,1.2,False
GOEXXX062,GOMA EVA LISA NAR 50X70CM,1.5,1.0,False
PEGUHU016,PEGAMENTO UHU 40186 PEGA PEN 50ML,0.7,1.0,False
PBOCHA008,PAP.BOND CHAMEX BLA.75GR.T/DOBLE CARTA,0.7,1.0,False
ESPXXX013,ESPIRAL 45MM PLAST(15UNID),0.5,1.0,False
GOEXXX090,GOMA EVA LISA VER MANZ 50X70CM,0.7,1.0,False
LAPSTB026,LAPIZ STABILO 282 6B OTHELLO NEG,0.5,1.0,False
TARORT004,TARJETA ORTIZ 20159,0.7,1.2,False
PESXXX010,PAP ESTAÑADO ORO,1.2,1.0,False
MCPPTL027,MICROPUNTA PENTEL BL27 A NEG 0.7MM ENERGEL,0.5,1.0,True
SENATS010,SEÑALADOR ARTESCO VER ESTANDAR 15CM PLAST,1.2,1.0,False
XLLALG037,CALCETIN ROJO LA ULTIMA CALLE DE COPENHAGUE,1.5,0.7,False
XLLSIG010,TELARAÑA VEINTE PISOS DE TERROR,1.5,0.5,True
PTFTNP007,PLASTOFORM TECNOPOR ESFERA 12CM DIAMETRO,0.5,1.0,False
BOLFBC002,BOLIGRAFO FABER CASTELL AZU 032 TRILUX,1.5,0.7,True
PILDRC004,PILAS DURACELL D 2U GRANDE,0.5,1.0,False
PTFTNP011,PLASTOFORM TECNOPOR ESFERA 7.0CM DIAMETRO,1.5,1.0,True
XCIALB024,CIENCIA PARA CURIOSOS,1.2,1.0,True
GOEXXX008,GOMA EVA GLITTER BLA 50X70CM,1.5,1.0,True
TIJMUN004,TIJERA MUNDIAL 1146 ABRE CARTA,0.5,1.0,False
TBTEDC006,TARJ BAUTIZO EDICROMO N 234 INVIT NIÑA SOBRE,1.5,1.0,False
BLDCNS021,BLOCK DIBUJO XL NEGRO CANSON ESP 20HJS 150GR A5 15X 21CM  C400082844,0.5,1.0,True
TCRXXX001,TAPA CARPETA CARTON,0.5,1.0,True
PLFPRK065,PLUMAFUENTE PARKER 1931521 SONNET MATTE NEG CLIP CROMADO M,0.7,1.0,True
XCPLAL002,COLOREEMOS LETS COLOR BILINGUE 1 COLBOR,1.2,1.0,False
LAPLYR104,LAPIZ LYRA 2051110 REMBRANDT SKETCHING SET CAJA METAL 11U,1.2,1.0,False
CNRDYM030,CINTA ROTUL DYMO 10697 BLA LETRA TAG 12MM X 4M X2 PAPEL,0.7,1.0,True
CATMEA034,CARTAP MEAD  29254 FIVE STAR POLY BINDER  2PULG,1.2,1.5,True
BOLFBC018,BOLIGRAFO FABER CASTELL NEG 062,1.5,1.0,False
XXFLAR003,DICC POCKET ESPAÑOL FRANCES ED LAROUSSE 2011,0.5,1.0,True
MRDPEL003,MARCADOR PELIKAN MX 710 ROJO PERM MARKER,1.5,1.0,False
FASUSG001,FASTENER USIGN US 150C PLASTICO,0.7,1.0,False
CNRDYM018,CINTA ROTUL DYMO 158 02 ROJ 1/2PULG,1.0,1.2,True
CAUXXX028,CARTULINA CARTA ROJ,1.5,1.0,True
TIZANG002,TIZA ANGLES COLOR,1.0,1.2,True
GOEXXX077,GOMA EVA LISA OFICIO PIEL,0.5,1.0,False
PAGXXX004,PAP GAMUZA AZU MARINO 40X60CM,1.5,1.0,True
LAPSTB012,LAPIZ STABILO 1600 405 AZU AQUACOLOR,0.7,1.0,True
FUNIDL003,FUNDA PLAST IDEAL OFICIO,0.5,1.0,True
GLIPEL002,GLITER PELIKAN AR 051 020 202 AZUL 60ML,0.5,1.0,True
FUNMDN002,FUNDA PLAST MADISON CARTA A4/CARTA,0.7,1.0,False
CAUXXX007,CARTULINA 180GR CREMA 66X96CM,0.5,1.0,False
LAPLYR098,LAPIZ LYRA 2055913 REMBRANDT CARBON H,1.5,1.0,False
HJCABC002,HJA CARPETA ABC 3 PERF CUADRIC CORRIENTE,1.5,1.0,False
GLIPEL019,GLITER PELIKAN AR 051 020 215 ORO CLARO 60ML,0.5,1.0,False
XCLBTN022,MOMENTO DE ILUSIONES PULGARCITO PETER PAN ART 2234,1.0,0.7,True
MINSTD033,MINA STAEDTLER 254 05 CAF 0.5MM,0.5,1.0,True
FOLDEL059,FOLDER DELLO 0247.AP.0050 SERENA AMA. PASTEL LOMO 2 CMS OFICIO,0.7,1.0,False
SENATS011,SEÑALADOR ARTESCO AMA ESTANDAR 15CM PLAST,1.2,1.0,False
PLUXXX033,PAP LUSTROSO CELESTE PUNTOS 50X70CM,0.5,0.7,False
CCDVBT012,CD VERBATIM 94588 CD R VINYL 700MB COLOR,1.2,1.5,False
MCPSTB044,MICROPUNTA STABILO 88 45 CAF 0.4MM POINT 88,0.7,1.0,True
PTFTNP024,PLASTOFORM TECNOPOR 4CM.(50X100CM.) B/12U,1.5,1.0,False
PBOAIR007,PAP BOND AIR COLOR OFICIO AMA ORO 75GRS PQ500HJS,0.7,1.0,False
LCLPEL035,LAPIC COLOR PELIKAN MX 30330334 REDON 3MM LARGO JGO120U,0.7,1.0,True
XCLATN020,CUENTOS CORTOS PARA SOÑAR 2,0.7,0.5,True
LCLLYR058,LAPIC COLOR LYRA 2001240 REMBRANDT POLYCOLOR JGO24U EST MET,0.5,1.0,True
HJCABC047,HJA CARPETA ABC 2 PERF RAYADA PQ500HJS,1.2,1.0,False
ETLHRL008,ESTUCH LAP HERLITZ 50014460 TRIANGULAR SPRING HORSES,1.5,1.0,False
MRJPEL009,MARCADOR JGO PELIKAN MX COLORELLA JGO12U BISELADA,1.2,1.0,True
FOLDEL113,FOLDER DELLO 0244.C.0050 DELLOFINE AZU. LOMO 4 CMS ALA OFICIO,1.2,1.0,False
PBOXXX024,PAP BOND 67X87CM 75GR VER,0.5,1.0,True
PINMDN002,PINCEL MADISON NO6,1.5,1.0,True
PDDPEL038,PINT DEDO PELIKAN MX 52140020 VIOLETA 60ML,0.7,1.0,True
CUALAP031,CUADERNO LAPAP ESP CARTA CUAD 7MM 100HJS LIDER,1.5,1.0,False
FOLOXF105,FOLDER OXFORD 29900585 CARTA GUI PORTA CERTIFIC,1.2,0.7,False
BLBADP001,BLOCK BOND COLOR 9X9CM PQ500HJS,1.5,1.0,True
ACCART002,ACCESORIOS ARTI TACF00017 BOTONES X 40 PZS,0.5,1.0,False
TIJKEY001,TIJERA KEYROAD ZIC ZAC DIF MOD,0.5,1.0,False
PLUXXX027,PAP LUSTROSO TURQ 50X70CM,1.5,1.0,False
PNLACR020,PINTUR TELA ACRILEX 529 MARFIL CORRIENTE,1.2,0.5,False
FOLDEL158,FOLDER DELLO 0235.C.0050 TOP LINE CRISTAL. LOMO 3 CMS ALA OFICIO,0.5,1.0,True
XLLALG021,CALCETIN AMARILLO CATASTROFICAMENTE BRUJA,1.5,1.0,True
PSBXXX002,PAP SABANA CARTA PQ500HJS,1.2,1.0,False
TIMEPS061,TINTA EPSON 544 CYAN,1.2,1.0,True
TIMEPS062,TINTA EPSON 544 MAGENTA,1.2,1.0,False
CAEXXX007,CALENDARIO 2008 PARED MAMANI MAMANI ARCANGELES,0.7,1.0,False
GOEXXX101,GOMA EVA TOALLA NAR 50X70CM,1.5,1.0,False
PNLACR051,PINTUR TELA ACRILEX 510 VER HOJA,0.7,1.0,False
XLNHOG268,EL RATON DE CAMPO Y EL PAPACHIUCHI,1.2,1.0,False
ETLBRW008,ESTUCH LAP BRW ET0114 AZUL 50 BOLIGRAFOS,0.5,0.7,True
FOLPND003,FOLDER PENDAFLEX PU64 LBL CEL 2 SEP CON FASTENERS,1.5,1.0,True
CUALAP024,CUADERNO LAPAP EMP CARTA 100HJS,0.7,1.0,False
CAUXXX068,CARTULINA LISA 220GR BLA 65X100CM,1.2,1.0,False
MCPPIL040,MICROPUNTA PILOT BL G1 7T 0.7MM ROJ,0.7,1.0,False
TIMEPS063,TINTA EPSON 544 YELLOW,0.7,1.2,True
CAVMDN001,CARTAP VISOR MADISON 1PULG 3A TIPO D A4 PLAST BLA,1.5,1.0,True
TIMEPS060,TINTA EPSON 544 NEGRO,1.2,1.0,False
GOEXXX083,GOMA EVA LISA OFICIO VER MANZANA,1.2,0.7,True
MRDUNI018,MARCADOR UNI PIN 05 200 FINE LINE DARK GREY ,1.5,1.0,True
XACALB076,50 JUEGOS PARA EL PENSAMIENTO VELOZ,1.5,1.0,False
PARXXX011,PAP REGALO DIF COL DISEÑO,0.5,1.0,False
LCLSTB057,LAPIC COLOR STABILO 1400 585 CARBOTHELLO VERDE OLIVA,1.2,1.0,False
TJTUSG003,TARJETERO USIGN US 2001 P 240 TARJPLAST,0.7,1.0,True
PBOWIN007,PAP BOND WIN  VER  75GR OFICIO  PQ500HJS,1.2,1.0,True
PBOCHA020,PAP BOND CHAMEX BLAN 75GR CARTA PQ500HJS,1.5,1.0,False
PINMDN004,PINCEL MADISON NO8,0.7,1.0,True
LCLSTB048,LAPIC COLOR STABILO 1400 625 CARBOTHELLO SOMBRA TOSTADO,1.2,1.0,True
XCLALR011,150 CUENTOS PARA NINOS FASC NO 1,0.5,1.0,False
PMRXXX105,PAP MARQUILLA DOBLE CARTA 135GR,0.7,1.0,True
CARXXX003,CARTON CORRUGADO 80X50CM,0.7,1.0,False
GOMPTL002,GOMA BORRAR PENTEL ZES 05 SOFT,0.7,1.0,True
CCDXXX008,CD YOMICO CD R 2X A 56X 700MB 80MIN,0.5,1.0,False
XXELAR011,DICC ESCOLAR ED LAROUSSE 2010,0.7,1.5,True
ROTDYM023,ROTULADOR DYMO 12965 ORGANIZER XPRESS,1.5,1.0,True
XLLSIG105,TELARAÑA EL FIN DEL MUNDO NUNCA LLEGA,0.7,1.0,False
CAUFLI025,CARTULINA FOLIA 6160 FOTO MONTAJE 50X70CM,1.5,1.0,False
GOEXXX089,GOMA EVA LISA VER HOJA 50X70CM,1.0,1.2,True
LCLSTB040,LAPIC COLOR STABILO 1400 330 CARBOTHELLO PURPURA,0.7,1.0,False
FOLDEL135,FOLDER DELLO 0234.K.0050 TOP LINE NAR. LOMO 2 CMS ALA OFICIO,0.5,1.0,True
XCLBTN033,CUENTAME UN CUENTO PINOCHO ART 2239,1.2,1.0,True
BOLPRK114,BOLIGRAFO PARKER 2068358 JOTTER XL MATTE BLACK CLIP METALICO,1.2,1.0,True
XCLALR005,RONDA DE PAZ,0.7,1.0,False
FOLDEL013,FOLDER DELLO 0241.I.0050 DELLOFINE HUMO ALA OFICIO,0.5,1.0,False
PLFPRK053,PLUMAFUENTE PARKER 2030947 JOTTER BLACK CLIP CROMA,0.7,1.0,True
ENGISO008,ENGRAPADOR ISOFIT CM-20 CAP 25HJS 24/6 - 26/6,0.5,1.0,True
FOLDEL105,FOLDER DELLO 0241.P.0050 DELLOFINE NEG. ALA OFICIO,0.7,1.0,False
XCACOQ003,CALIGRAFIA 3,0.7,1.2,True
BOLSCH005,BOLIGRAFO SCHNEIDER 152276 ESTUCHE 6 BOLIGRAFOS SLIDER EDGE XB,1.5,1.0,True
PRRMIL001,PAP ARROZ MILCAR ROJ 50X50CM,0.5,1.0,True
GOEXXX065,GOMA EVA LISA OFICIO AMA ORO ,0.7,1.0,True
RESSTB034,RESALTADOR STABILO 76/33 VER SHINE BOSS GRUESO,0.7,1.2,True
TIZXXX003,TIZA DIF COLOR,1.5,1.0,False
FOLOXF110,FOLDER OXFORD 10071 VIEW CARTA NEG PRESENT,1.0,0.7,False
TEMFBC005,TEMPERA FABER CASTELL 163012 15ML JGO12COL,1.5,1.0,False
PTLTPS001,PORTALAPIZ TOPS PENPAL BP3 6  BLISTER 3PCS,1.5,1.0,False
HJCLEY001,HJA CARPETA LEYDEZ 2 PERF TIPO ELBA PQ50HJS,1.0,1.2,False
MRDSTB044,MARCADOR STABILO 568 19 PEN 68 BRUSH GUI,0.7,1.0,False
JUEART022,JUEGO ARTI TACJUEDI030 BLOQUES LOGICOS,1.5,1.2,False
ETLMAP009,ESTUCHE P/LAPIZ MAPED PLANA BOY ETHNIC 934755,0.7,1.5,False
GOEXXX036,GOMA EVA GLITTER PLO 50X70CM,1.2,1.0,False
XFSHOG333,FILOSOFIA Y COSMOVISION 5 N EDICION 5 SEC 2024,0.7,1.0,False
XLIALG001,CALCETIN AZUL LAS AVENTURAS  DE HUCKLEBERRY FINN ,1.2,1.0,False
TTMTRO007,TINT TAMPO TRODAT 7011 ROJ 28ML,0.5,1.0,False
XCLALG017,EL BAUL DE LOS MONSTRUOS EL OGRO,1.5,1.0,True
XCLSIG613,MAGNETOS ADIVINEMOS PALABRAS Y FRASES COD 0354MG0010,1.5,1.0,False
JUEXXX034,JUEGO TANGRAM MADERA 15X15CM,1.2,1.0,False
XDITIM002,60 ACTIVIDADES MONTESSORI PARA TU BEBE,0.5,1.0,True
XCSHOG371,CIENCIAS SOCIALES 1 N EDICION 1 PRIM 2024,0.5,1.0,False
XQMSIN001,QUIMICA ORGANICA 6 CURSO PREUNIVESITARIO TAPA NARANJA,1.2,1.0,False
CAUXXX040,CARTULINA HILADA A4 BLANCO 180GR,0.5,1.0,True
XQMHOG313,QUIMICA 3 N EDICION 3 SEC 2024,0.7,1.2,False
XREHOG409,VALORES ESPIRIT Y RELIG 3 SECUNDARIA EDICION 2021,0.5,1.0,True
FOTMEA002,FOLDER TRAP MEAD 33664 ESPEJO,1.0,1.2,True
XCLBTN011,CAMINITOS DIVERTIDOS ZOOLOGICO ART 2217,0.5,1.2,False
KITABC005-B,CUAABC123 CUADERNO ESP CARTA PUNTEADA 100HJS (5UNI)-HTPABC019 HOJA PUNTEADA PQ200HJS (5PQ),1.5,1.0,False
XCNHOG371,CIENCIAS NATURALES 1 N EDICION 1 PRIM 2024,0.5,1.0,False
TCRRIC001,TAPA CARPETA RICOR PLASTICA LISO,1.2,1.0,False
CUAABC121,CUADERNO ABC ESP CARTA CUAD 5MM 100HJS DISEÑO PQT 10PCS,0.7,1.0,False
XAPHOG129,EXPRESION  PLASTICA Y VISUAL 3 SECUNDARIA  2024,0.7,1.0,False
LCLSTB011,LAPIC COLOR STABILO 1400 400 CARBOTHELLO AZUL PARIS,1.0,1.2,True
XCLALG014,EL BAUL DE LOS MONSTRUOS EL HOMBRE LOBO,1.2,1.0,False
XMUHOG325,MUSICA EN EL AULA 5 5 SEC,0.7,1.2,False
XFSHOG331,FILOSOFIA Y COSMOVISION 3 N EDICION 3 SEC 2024,1.2,1.0,False
XMAHOG379,MATEMATICA 3 N EDICION 3 SECU 2023,1.2,1.0,False
FOLDEL030,FOLDER DELLO 0234.I.0050 TOP LINE HUMO LOMO 2 CMS OFICIO,0.7,1.0,True
MRDFBC004,MARCADOR FABER CASTELL 54 VER MULTIMARK,1.5,1.0,True
CLBLEY003,CLIP BIN LEYDEZ 25MM O 1PULG,1.5,1.0,True
PCPCAD014,PAP CREPE CARDINAL FUCSIA,0.7,1.0,True
CAUCNS009,CARTULINA CANSON COLORLINE VER BRILLANTE 50X65CM  C41028,1.2,1.0,True
COPMAP018,COMPAS MAPED 178102 BIGOTERA CON EXTENCION,1.2,1.0,True
CAUCNS016,CARTULINA CANSON COLORLINE AMA LIMON 50X65CM  C41002,1.2,1.0,True
XFIHOG313,FISICA 3 N EDICION 3 SEC 2024,1.2,1.0,True
XMUHOG323,MUSICA EN EL AULA 3 3 SEC,0.5,1.0,True
GOEXXX024,GOMA EVA GLITTER OFICIO DORADO,1.2,1.0,True
XAPHOG131,EXPRESION  PLASTICA Y VISUAL 5 SECUNDARIA  2024,1.0,0.5,True
XLECOQ201,COQUITO LEC 1 2018,0.7,1.0,False
XLECOQ206,COQUITO ESCRITURA 1 2018,0.7,1.0,True
GRARAP003,GRAPAS RAPID ZINC 24870400 23/20 CJ1000U,0.5,1.0,False
ENGRAP004,ENGRAPADOR RAPID K45 CAP 20HJS METAL NEG 23888200,0.5,0.7,True
HTPABC016,HJA TRAPPER ABC COLOR 2 PERF CUADRIC 0.5MM PQT200HJS,0.7,1.0,False
PTFTNP019,PLASTOFORM TECNOPOR 1.5CM (50X100CM)B/34,0.7,1.0,False
GOEXXX031,GOMA EVA GLITTER OFICIO ROSA,0.5,1.5,False
XCLALG012,EL BAUL DE LOS MOSTRUOS EL FANTASMA,1.2,1.0,True
GOEXXX027,GOMA EVA GLITTER OFICIO NAR,1.5,1.0,False
PARXXX001,PAP REGALO FANTASIA 70X50CM,1.5,1.0,True
PLUXXX009,PAP LUSTROSO GUIN 50X70CM,0.5,1.0,False
XLLALR029,CUENTOS CHAPACOS,1.5,1.0,True
XCLALG096,CARTERA DE VALORES LA BRUJA QUE SE COMIA LAS PALABRAS BONITAS,1.0,1.2,True
CUAABC107,CUADERNO ABC ESP CARTA CUAD 5MM 100HJS ONE SOFT,0.5,1.0,False
XI3HOG333,HELLO 3 3 SEC 2024,1.5,0.7,False
GOEXXX037,GOMA EVA GLITTER ROJ 50X70CM,1.2,1.0,True
GOEXXX042,GOMA EVA GLITTER VER HOJA 40X60CM,0.5,1.0,False
GRARAP024,GRAPAS RAPID ZINC 40109503 53/8 CJ1080U,1.5,1.0,True
PRRMIL002,PAP ARROZ MILCAR NAR 50X50CM,1.5,1.0,False
TRAATS001,TRANSPORT ARTESCO 360X20CM,0.7,1.0,True
XCCLIT175,PALABRAS MAGICAS PARA V&R EMPASTADA,0.5,1.0,True
CCHISO006, CUCHILLA ISOFIT 15155 6 METALICA GRUESA,1.2,0.7,False
XACXXX001,APRENDIENDO A LEER / NUMEROS,0.7,1.0,False
XCLALR019,150 CUENTOS PARA NINOS FASC NO 9,0.7,1.0,False
XLLALR005,CIEN POEMAS PARA NINOS ED 2010,0.7,1.0,False
GOEXXX030,GOMA EVA GLITTER OFICIO PLOM,1.5,1.2,True
GOEXXX046,GOMA EVA LISA AZU CIELO 50X70CM,1.2,1.0,True
BOLPRK130,BOLIGRAFO PARKER 2068359 JOTTER MATTE AZUL CLIP CROMADO,0.7,1.0,False
ETLMAP006,ESTUCHE P/LAPIZ MAPED MINI CUTE 93480,0.7,1.0,False
XLNHOG228,ARTURO ES UN MARCIANO,1.5,1.0,True
XLNHOG232,DICEN QUE EN MI PAIS 2,1.0,1.5,True
PSESWA017,PAP SEDA VER OLIVO BROWN 50X70CM,1.2,0.5,False
XMAHOG373,MATEMATICA 3 N EDICION 3 PRIM 2024,1.0,1.5,True
SACIDL001,SACAGRAPA IDEAL SC 10,0.5,1.0,True
PRRMIL005,PAP ARROZ MILCAR VER 50X50CM,0.5,1.0,True
SEEXXX001,SELLADOR DE BOLSA PLASTICA,1.0,0.7,True
XCLBTN041,RINCON FANTASIA CAPERUCITA ROJA ART 2022,0.5,1.0,True
XCLBTN034,CUENTAME UN CUENTO LOS TRES CHANCHITOS ART 2240,1.5,0.7,True
ETLMAP003,ESTUCHE ESCOLAR MAPED LLENO CARS 967430,0.7,1.0,False
MRDPTL033,MARCADOR PENTEL N460 G AMA PERM RECARG PTA BISEL,0.7,1.0,False
GLIPEL005,GLITER PELIKAN AR 051 020 206 ORO 60ML,1.5,1.0,True
PINMDN013,PINCEL MADISON NO2,0.5,1.0,True
GOEXXX063,GOMA EVA LISA NEG 50X70CM,1.5,1.2,True
ENGWEX004,"ENGRAPADOR WEX 11 1001 20 CAP 20HJS 15,7CM METAL",0.7,1.0,True
CAVTLB006,CARTAP VISOR TALBOT 1 PULG 3A TIPO D OFICIO T-10422 PLAST BLA,1.0,0.7,True
XLGHOG371,LENGUAJE 1 N EDICION 1 PRIM 2024,0.7,1.0,True
XLGHOG379,LITERATURA Y COMUNICACION 3 N EDICION 3SEC 2023,0.7,1.0,True
XMAHOG371,MATEMATICA 1 N EDICION 1 PRIM 2024,1.2,1.0,True
CAUCNS013,CARTULINA CANSON COLORLINE NEG 50X65CM  C41037,0.5,0.7,False
PINPEL033,PINCEL PELIKAN AL 613 F 2 NO2 PELO CERDA,0.5,1.0,False
ETLHRL011,ESTUCH LAP HERLITZ 11075355 TRIANG PRETTY PET 2DISEÑ,1.5,1.0,True
GOEXXX022,GOMA EVA GLITTER OFICIO BLA,0.7,1.0,False
XCLALG013,EL BAUL DE LOS MONSTRUOS EL HOMBRE DEL SACO,1.2,1.0,False
TIJMAP015,TIJERA MAPED 601006 CREATIVO 5FIG,1.2,1.0,False
ETQPRI002,ETIQUETAS PRIMARK 600560 MAQUINA L 14 PISTOLA,0.7,1.0,False
BOLSTB027,BOLIGRAFO STABILO 828 40 ROJ EXCEL M XF,0.7,1.0,False
CAEXXX003,CALENDARIO 2012 ESCRITORIO MAMANI MAMANI,1.2,1.0,True
PLFPRK078,PLUMAFUENTE PARKER SO0161590 JOTTER CROMA CLIP CROMADO,1.5,1.0,False
XDRSIN011,ESTADOQ KURAQ KAMACHIYNIN ESP AYMARA,1.5,1.0,True
PFLRVS004,PAP FLUOR RIVERSIDE VER AGUA FAZ 586X89CM,1.5,1.0,False
STCXXX003,STICKERS DIF MODELOS 15X20CM,0.5,1.0,True
PBOXXX217,PAP BOND  BLAN  1/2 OFICIO 75GR PQ500HJS,0.5,1.2,False
BLPXXX005,BLOCK POST HX A02 BANDERITAS JGO5COL,1.2,1.5,False
XFSLAT001,LOGICA FORMAL Y SIMBOLICA 3º EDC,0.5,1.0,True
ETLMAP010,ESTUCHE ESCOLAR MAPED TUBO NEOPRENO 934836,0.7,1.0,False
PBODIA003,PAP BOND DIAZOL 914MM X 50M PLOTTER,1.2,1.0,True
BLBTLB005,BLOCK BOND TALBOT AM RAY OFICIO 50HJS,1.2,1.0,True
PBOXXX022,PAP BOND 67X87CM 75GR CEL,0.7,1.0,False
FOLOXF106,FOLDER OXFORD 59806 TRIPL CARTA NEG BOLSAS,0.5,1.0,False
XLILTB020,TESEO Y EL MINOTAURO NOVELA GRAFICA,0.5,1.0,False
PNALIZ004,PINTUR  ACRILICO LIZ  VER  120ML,1.2,1.0,True
CATOXF017,CARTAP OXFORD 88 7312 15PULG 3A CARTA PLAST ROJ,1.5,1.0,True
MRDPIL008,MARCADOR PILOT SCA TM NEG PERM TWIN MARKER FINE DOBLE PTA,1.2,1.0,False
PNALIZ008,PINTUR  ACRILICO LIZ  ROS  120ML,0.5,1.0,True
PBOXXX050,PAP BOND A4 AMA 75GR,1.2,1.0,True
TMAPTL003,TINT MARC PENTEL MWR1 BN ROJO RPTO MW60M Y MW50M BO,0.5,1.0,False
ATMXXX003,ATM INDIVIDUAL PLASTICO,0.5,1.0,True
CLBIDL004,CLIP BIN IDEAL 32MM O 1 1/4PULG,1.2,1.0,True
ETQAVR164,ETIQUETAS AVERY EM3570A AMA 35X70MM BL9HJS HOJA 4ETQ,1.0,0.5,True
PCIXXX006,PAP COPIA CARTA AMA,0.7,1.0,True
LCLPTL001,LAPIC COLOR PENTEL CB8 12U JGO12U HEXAG LARGO,1.2,1.0,True
TMAPTL001,TINT MARC PENTEL MWR1 AN NEG RPTO MW60M AO,1.5,1.0,False
COPMAP013,COMPAS MAPED 291010 PRECISION,1.2,1.0,True
XLLCOQ001,FABULAS DE ESOPO,1.2,1.0,False
MCPSTB048,MICROPUNTA STABILO 88 94 PLO CLARO 04MM POINT 88,0.5,1.0,False
PSLABL002,PORTASELLOS ABEL 02901 CAP6U,0.7,1.0,True
MRDPEL053,MARCADOR PELIKAN MX 240 ROJ PERM TRAZO FINO,0.5,1.0,False
PNALIZ006,PINTUR  ACRILICO LIZ  AZU  120ML,1.2,1.0,True
XCLGIS004,VIAJE AL CENTRO DEL CIELO,1.0,0.7,True
PNALIZ007,PINTUR  ACRILICO LIZ  ROJ  120ML,1.5,1.2,True
XCNHOG373,CIENCIAS NATURALES 3 N EDICION 3 PRIM 2024,0.7,1.0,True
XLGHOG373,LENGUAJE 3 N EDICION 3 PRIM 2024,1.5,1.0,True
GOEXXX041,GOMA EVA GLITTER VER CLARO 40X60CM,1.2,1.0,True
PREDEL011,PORTAREVIS DELLO 6023.G.0006 DELLOCOLOR GRIS,1.5,1.0,True
XMAHOG378,MATEMATICA 2 N EDICION 2 SECU 2023,1.2,1.0,False
PNLACR053,PINTUR TELA ACRILEX 537 ROSADO,0.5,1.0,False
CAUCNS108,CARTULINA CANSON MI TEINTES GRIS FRANELA 50X65CM 160GR 122  C200321364,0.5,1.0,False
XCSHOG373,CIENCIAS SOCIALES 3 N EDICION 3 PRIM 2024,1.5,1.0,True
CAUCNS003,CARTULINA CANSON COLORLINE FUCSIA 50X65CM  C41010,0.5,1.0,True
TTMPEL011,TINT TAMPO PELIKAN AL 4K 35A VIOL,1.2,1.0,True
XDIALB008,TODOS DIFERENTES,0.5,1.0,True
PINPTL022,PINCEL PENTEL ZBS5-08E N° 8 PELO CABRA REDONDO,1.2,1.0,True
CARXXX008,CARTONCILLO CORRUGADO A4,1.2,1.0,False
TMAPTL002,TINT MARC PENTEL MWR1 CN AZUL RPTO MW60M Y MW50M CO,0.7,1.0,True
PREDEL012,PORTAREVIS DELLO 6023.H.0006 DELLOCOLOR CRISTAL,0.5,1.0,False
LAPSTB050,LAPIZ STABILO 8041 ALL AZU,1.2,0.5,True
MCPSTB113,MICROPUNTA STABILO 88 65 SOMBRA POINT 88,1.5,1.0,True
PNLACR034,PINTUR TELA ACRILEX 505 AMA ORO CORRIENTE,1.2,1.0,True
XFSHOG332,FILOSOFIA Y COSMOVISION 4 N EDICION 4 SEC 2024,1.5,0.7,True
XAIALB005,CRIA DE AVES,0.7,1.0,False
PLUXXX012,PAP LUSTROSO ROS 50X70CM,1.2,1.0,True
CLBLEY110,CLIP BIN LEYDEZ 51MM 2PULG CJ12PZ,0.5,1.0,False
CNEMTX002,CINTA EMBAL MARUTEX 30YDS,1.0,1.5,False
MRDPIL007,MARCADOR PILOT SC 6600 BROAD ROJ,1.2,1.0,True
CAUCNS111,CARTULINA CANSON MI TEINTES NARANJA 50X65CM 160GR 453  C2003211342,0.7,1.0,True
PDULEY003,PORTADIUREX LEYDEZ 20087S PEQUEÑO,0.7,1.0,True
XAPHOG104,EXPRESION  Y CREATIVIDAD 4 PRIMARIA  2019,1.5,1.0,False
XLIATN024,EL ARCHIVO DE SHERLOCK HOLMES,1.5,1.0,True
XCLSIG882,HILO INFINITO MANUSCR LA LLUVIA VIENE LLEGANDO COD 0408HI0060,1.5,1.0,False
GLIPEL017,GLITER PELIKAN AR 051 020 205 NEGRO 60ML,0.7,1.2,False
ARCLEY024,ARCHIVADOR LEYDEZ 1/2 PALANCA NEG PLAST,1.2,1.0,False
LIETLB001,LIENZO TALBOT 25X35 CM,1.5,1.0,True
XLIGUM026,LA VIDA DE LAZARILLO DE TORMES,1.5,1.0,True
XCLSIG704,MINICUENTOS DIFERENTES TITULOS,0.5,1.0,True
XCNHOG378,CIENCIAS NATURALES 2 N EDICION 2 SEC 2024,1.2,1.0,False
PNALIZ005,PINTUR  ACRILICO LIZ  AMA  120ML,1.2,1.0,True
CLPLEY003,CLIP METAL LEYDEZ NO8 50MM CJ100U,1.2,1.0,False
XLNHOG240,PIONEROS DE LA LITERATURA INFANTIL,1.5,1.2,False
LAPSTB014,LAPIZ STABILO 282 8B OTHELLO NEG,1.2,1.0,False
FOLELB015,FOLDER ELBA 67430 DIF COLOR PLAST OFICIO,1.5,1.0,True
XCLALR024,150 CUENTOS PARA NINOS FASC NO 14,0.5,1.0,False
PINPTL018,PINCEL PENTEL ZBS5-0E N° 0 PELO CABRA REDONDO,0.5,1.0,False
CLPLEY004,CLIP METAL LEYDEZ 78MM CJ50U,0.5,1.0,False
LIBABC003,LIBRETA ABC EMPAST CUAD 5MM 1/4 OFICIO,0.7,1.0,True
XCLSIG624,ALAS DE HADA ANA LA BONDADOSA,0.7,1.0,False
XCLSIG312,VARITA MAGICA LA BELLA DURMIENTE,0.7,1.0,True
XCLSIG867,TRES EN UNO VOL 1 COD 0596TC0010,0.5,1.0,False
TMAPTL004,TINT MARC PENTEL MWR1 DN VER RPTO MW60M Y MW50M DO,1.2,0.5,True
LCLLYR054,LAPIC COLOR LYRA 2821360 JGO36U GROOVE SLIM CARTON,1.2,0.5,True
CUAABC048,CUADERNO ABC EMPAST CARTA CUAD 5MM 100HJS,1.2,1.0,True
MOPDEL003,MOUSE PAD DELLO 6553.LP.0030 LILA PASTEL,0.5,1.0,True
XCISIN007,EL FASCINANTE MUNDO DE LAS MARIPOSAS,1.5,1.0,True
CAUPEL001,CARTULINA PELIKAN MX FLUOR ROJ 48X66CM,0.7,0.5,False
MRDMRK002,MARCADOR MARKO NEG PARA CD DOBLE PUNTA,1.2,1.0,True
XCLSIG305,VARITA MAGICA PETER PAN,1.5,1.0,False
PTFTNP001,PLASTOFORM TECNOPOR ESFERA 10CM DIAMETRO,0.5,1.0,True
MCPSCH001,MICROPUNTA SCHNEIDER 191098 ESTUCHE DESPLEGABLE FINELINER LINE UP 0.4 MM 8 PZA,0.7,1.0,True
PINPTL032,PINCEL PENTEL ZBS6-04E N° 4 PELO CABRA PLANO,0.5,1.0,True
MCPPIL070,MICROPUNTA PILOT BL FR B NEG FRIXION 0.5MM,1.2,1.0,False
XAPHOG128,EXPRESION  PLASTICA Y VISUAL 2 SECUNDARIA  2024,0.7,1.0,True
XMUHOG324,MUSICA EN EL AULA 4 4 SEC,1.2,1.0,True
ARCMLC002,ARCHIVADOR MILCAR DIF. COLOR 1/2  D/PALANCA,0.7,1.0,True
CARXXX004,CARTON CORRUGADO GLITTER 70X50CM,0.5,1.0,False
GARGBC054,GARRA GBC BATES M080254 NEG 1111MM 7/16 LARGO 54CM,0.7,1.0,True
XLLALG039,CALCETIN ROJO EL ENIGMA DEL GRAFITERO MISTERIOSO,0.5,0.7,True
FUNREE003,FUNDA PLAST REESE CARTA,0.5,1.0,False
CATMEA033,CARTAP MEAD  26134 FIVE STAR 1PULG,0.5,1.0,False
FASIDL001,FASTENER IDEAL METAL CJ50U,1.5,1.0,True
CCOIDL006,CARPETA COLG IDEAL VIO OFICIO,1.2,1.0,False
CUAABC402,CUADERNO ABC ESPIRAL 50 HJS INTERLÍNEA TAM. CARTA,0.5,1.0,True
PORPTL022,PORTAMINA PENTEL PL75 A 0.5MM ENERGIZE,0.7,1.0,True
XCLSIG093,COLEC MIS ANIMALITOS DIF TITULOS,0.5,1.0,False
SOBXXX020,SOBRE MANILA CARTA 125GR,0.5,1.0,True
TTMPEL004,TINT TAMPO PELIKAN MX ROLL ON NEG 60ML,1.2,1.0,False
PINPTL033,PINCEL PENTEL ZBS6-6E N° 6 PELO CABRA PLANO,1.2,1.0,True
XACALB091,EL GRAN LIBRO DE LAS ADIVINANZAS,1.5,0.5,True
GOEXXX028,GOMA EVA GLITTER OFICIO NEG,0.5,1.2,False
FICIRS001,FICHA CARTU IRASA BLA RAYADA 10X15CM 100UNI,0.7,1.2,False
XLGHOG378,LITERATURA Y COMUNICACION 2 N EDICION 2 SEC 2023,1.2,1.0,True
XMUHOG322,MUSICA EN EL AULA 2 2 SEC,1.5,1.0,True
XCLBTN046,RINCON FANTASIA LA SIRENITA ART 2027,1.5,1.0,True
XCLSIG866,TODO TERNURA VOL 1 COD 0587TE0010,1.5,1.0,False
XLNHOG285,LA NIÑA DE LOS CABELLOS MUY MUY LARGOS,1.5,0.5,True
XCLALB014,PEQ GRANDES GENIOS GALILEO Y EL CATAESTRELLAS,0.7,1.0,True
CAUCNS102,CARTULINA CANSON MI TEINTES ARENA 50X65CM 160GR 112 C200321344 ,1.2,1.5,True
NYLXXX004,NYLON COLOR ROJ,1.2,0.5,False
MINPTL009,MINA PENTEL C275S HB NEG 0.5MM STEIN,0.5,1.0,True
ESDMAP006,ESCUADRA MAPED 2013 25 SIN BISEL 25CM JUEGO,1.2,1.0,False
XDBALB003,HEROES Y VILLANOS ED ALBATROS,0.7,0.5,True
XCLBTN043,RINCON FANTASIA LA BELLA DURMIENTE ART 2024,0.5,1.0,True
XDEALB001,POKER,1.5,1.2,False
XLNALR003,CANCIONES DE LLUVIA ALFARO O,1.5,1.0,False
XLNGIS003,ESPEJO DE LOS SUEÑOS,1.5,1.0,True
CAUCNS026,CARTULINA CANSON COLORLINE ROJ TOMATE 50X65CM  C41013,1.5,1.0,False
CAUCNS028,CARTULINA CANSON COLORLINE VER MANZANA 50X65CM  C41026,1.5,1.0,False
PLFPRK052,PLUMAFUENTE PARKER 2030946 JOTTER CROMA CLIP CROMADO,0.7,1.0,True
PINPEL036,PINCEL PELIKAN AL 613 HL 12 NO12 PELO CERDA,0.5,1.0,True
XCLALR027,150 CUENTOS PARA NINOS FASC NO 17,0.7,1.0,False
NYLALL001,NYLON ALLIANCE N814R EMBALAJE BURBUJA 30CM X 30M LARGO,1.2,1.0,False
BOLSTB015,BOLIGRAFO STABILO 308 40 ROJRETRACTIL,1.2,1.0,False
MCPPTL152,MICROPUNTA PENTEL S20P 1A NEGRO  0.1MM  FINELINER PIGMENT,1.5,1.0,True
XREHOG408,VALORES ESPIRIT Y RELIG 2 SECUNDARIA EDICION 2021,0.7,1.0,True
FUNXXX004,FUNDA PLAST TRANSP CARTA CON BROCHE,1.2,1.0,False
XLIBTN008,ALICIA EN EL PAIS DE LAS MARAVILLAS C E D C ART,1.2,1.0,True
CUALAP028,CUADERNO LAPAP ESP 1/2 OFICIO CUAD 5MM 100HJS,0.5,1.0,False
PNALIZ003,PINTUR  ACRILICO LIZ  NAR  120ML,0.7,1.0,False
CRALYR012,CRAYON LYRA 5620109  GRAPHIT KREID 9B GRUESO,1.0,0.7,True
RBLPEL002,RPTO BOLIG PELIKAN AR 045 150 020 NEG PUNTA M JUMBO,0.5,1.0,False
XLGEDB202,LETRA POR LETRA C CUAD ACTUALIZADO 2 PRIM,1.0,0.5,False
XCSHOG376,CIENCIAS SOCIALES 6 N EDICION 6 PRIM 2024,0.5,1.0,False
ETLBRW004,ESTUCH LAP BRW ET0411 CELESTE TROQUELADO,1.5,1.0,True
XCLBTN051,RINCON FANTASIA LA CASITA DE CHOCOLATE ART 2032,0.7,1.0,True
LAPPRR001,LAPIZ PROARTE NEG 2 HB HEXAGONAL SIN GOMA,0.7,1.0,True
XPSHOG312,PSICOLOGIA 2 N EDICION 2 SEC 2024,1.2,1.0,True
PAAXXX011,PAP ARAÑA TURQUESA 50X80CM,1.2,1.0,False
XACALB078,50 JUEGOS PARA EL PENSAMIENTO VISUAL,1.2,1.0,True
XCLATN059,PERRO QUE LADRA,0.5,1.0,True
MRJLYR011,MARCADOR JGO LYRA 6521063 AQUA BRUSH DUO 6 COLORES GREY TONES,0.7,1.2,False
XMARGC108,MATEMATICA PRACTICA 2 SEC ED 2014,1.2,1.0,True
PCSNOR007,PAP CONST NORCOM 79885 NEON 11X14PULG BOLSA5HJS,0.5,1.2,True
PNALIZ002,PINTUR  ACRILICO LIZ  BLA  120ML,1.2,1.0,True
XACALB034,VALORES PERDON,1.5,0.5,True
MCPPTL154,MICROPUNTA PENTEL S20P 3A NEGRO  0.3MM  FINELINER PIGMENT,1.5,1.2,True
PEGACO002,PEGAMENTO ACRICOLOR ISOCOLA 80G,0.5,1.0,True
PESXXX001,PAP ESTAÑADO ROJ,1.2,1.0,True
XCLSIG744,MINICLASICOS DIFERENTES TITULOS,1.5,1.0,False
LCLLYR068,LAPIC COLOR LYRA 2871120 GRADUATE JGO12U CAJA MET,1.5,1.0,True
BLDCNS015,BLOCK DIBUJO XL RECICLADO CANSON ESP 25HJS 160GR A5 15 X 21 CM  C200001871,1.5,1.0,False
PBOWIN005,PAP BOND WIN  AMA  75GR OFICIO  PQ500HJS,1.5,1.0,False
MCPSTB096,MICROPUNTA STABILO 88 29 CARNE OSCURO POINT 88,1.5,1.0,True
CNRDYM022,CINTA ROTUL DYMO 45010 1/2PULG IMPRESO NEG EN CINTA TRANSP,1.2,1.0,True
BLDCNS012,BLOCK DIBUJO XL CANSON ESP 30HJS 160GR A5 14 X 21 CM  C400082841,0.7,1.0,True
MCPSTB085,MICROPUNTA STABILO 88 040 ROJ NEON POINT 88,1.5,1.0,False
CCOIDL002,CARPETA COLG IDEAL AMA OFICIO,1.2,0.7,True
RESPTL014,RESALTADOR PENTEL SLW8 GF AMA NAR DELG T CHECKER,1.2,1.0,True
BLDCNS029,BLOCK DIBUJO XL OLEO Y ACRILICO CANSON ESP 30HJS 250GR A3 30 X 42CM C400110402 ,0.5,1.0,True
CNRDYM029,CINTA ROTUL DYMO 41913 3/8PULG IMPRESO NEG EN CINTA BLA,1.2,1.0,True
MCHHRL012,MOCHILA HERLITZ LOOP SUPER RACER 50008025,1.5,1.0,True
GOEXXX039,GOMA EVA GLITTER ROS 50X70CM,1.2,1.0,True
TTMXXX006,TINT TAMPO 28ML AZU,1.5,1.0,True
ATMXXX106,MANDIL  ESCOLAR CON MANGA IMPERMEABLE,0.7,0.5,False
CAUCNS014,CARTULINA CANSON COLORLINE BLA 50X65CM,0.5,1.0,True
XCLSIG039,PRIMERA LECTURA SERAFIN BONETE COLORADO,1.5,0.5,True
RESPTL011,RESALTADOR PENTEL SLW8 GS AMA CEL DELG T CHECKER,0.7,1.0,False
PCPXXX001,PAP CREPE CEL 50X200CM,0.7,0.5,True
VENXXX002,VENESTA ESCOLAR OFICIO,0.5,1.0,False
BOLFBC015,BOLIGRAFO FABER CASTELL ROJ 062,0.5,1.0,True
JUEXXX033,JUEGO ROMPECABEZAS,0.5,1.0,True
CNRDYM034,CINTA ROTUL DYMO 18771 PLANCHABLE LETRA TAG 12MM X 4M,0.7,1.0,False
TTMTRO006,TINT TAMPO TRODAT 7011 AZU 28ML,1.5,1.0,False
MCPSTB078,MICROPUNTA STABILO 8820 03 POINT 88  JGO20U ,0.5,0.7,False
XCLSIG623,ALAS DE HADA EL JARDIN DE JUANA,0.7,1.0,True
XCLSIG781,HELADITOS MOTIVOS,1.5,1.0,False
MRJSTB002,MARCADOR JGO STABILO PEN 68 METALICOS 6806 8-11 JGO6U ESTUCHE METAL,0.5,1.0,False
PNALIZ011,PINTUR  ACRILICO LIZ  LILA  120ML,1.5,1.0,True
PFLRVS002,PAP FLUOR RIVERSIDE 4214 ROS DOBLE FAZ 55X71CM,1.5,1.0,True
ETGMAP001,ESTUCHE GEOMETRICO MAPED 899250 MEDIANO 20CM 4 PZAS.,1.2,1.0,False
PLUXXX016,PAP LUSTROSO CAF 50X70CM,0.7,1.0,False
LONMAP010,LONCHERA MAPED BOLSO 872102,1.2,1.0,False
XCLATN070,VOY A LA DOCTORA,0.7,0.5,True
PNALIZ009,PINTUR  ACRILICO LIZ  CEL  120ML,1.5,1.0,False
XCLALB041,APRENDER JUGANDO - MI PRIMER LIBRO,1.2,0.5,True
CAVRIC043,CARTAP VISOR RICOR 3PULG 3A CARTA PLAST BLA,1.5,0.7,False
RESPTL012,RESALTADOR PENTEL SLW8 GK AMA VER DELG T CHECKER,1.5,1.0,True
PINPTL023,PINCEL PENTEL ZBS5-10E N° 10 PELO CABRA REDONDO,0.5,1.0,True
XCLALG078,LA PANDILLA SIEMPRE LIMPIOS,0.5,1.0,True
PERISO007,PERFORADOR ISOFIT PM20 CAP 20HJS,0.5,1.0,True
ETLMAP004,ESTUCHE ESCOLAR MAPED LLENO GIRLY 967431,1.5,1.0,False
ENGIDL004,ENGRAPADOR IDEAL IDL E357 24/6 26/6 CAP 25HJ,0.7,1.0,True
XCLSIG782,HELADITOS FORMAS,1.5,1.0,False
LCLLYR069,LAPIC COLOR LYRA 2871240 GRADUATE JGO24U CAJA MET,1.2,1.0,True
PBORVS015,PAP BOND RIVERSIDE 01055 PLO PASTEL CARTA PQ100HJS,1.2,1.0,False
MRDSTB051,MARCADOR STABILO 568 43 PEN 68 BRUSH VER MANZANA,0.5,1.0,False
MINPTL007,MINA PENTEL C275S 2B NEG 0.5MM STEIN,0.5,1.0,True
LAPSTB029,LAPIZ STABILO 282 H OTHELLO NEG SIN GOMA,0.7,1.0,False
CAUXXX048,CARTULINA HILADA CREMA 180GR 66X96CM,0.5,1.0,True
XCLALB037,APRENDER JUGANDO - LAS FORMAS,0.7,1.0,True
XCLALB040,APRENDER JUGANDO - TIEMPO Y ESPACIO,1.5,1.0,True
XCLATN061,VOY A TENER UN HERMANITO,1.5,0.5,False
XCLSIG622,ALAS DE HADA IRIS LA COCINERA,1.2,1.0,False
XCLSIG856,SALPICADOS MARIPOSA COD 0336SL0030,0.5,1.0,False
LAPLYR077,LAPIZ LYRA 2820044 AZUL LYRA GROOVE SLIM,1.5,1.0,False
XCNHOG376,CIENCIAS NATURALES 6 N EDICION 6 PRIM 2024,0.5,1.0,True
XLLALG005,CALCETIN BLANCO VOY A TENER UN HERMANO,0.7,1.0,True
LAPSTB028,LAPIZ STABILO 282 F OTHELLO NEG,1.5,1.0,True
LAPSTB024,LAPIZ STABILO 282 5B OTHELLO NEG,1.2,1.0,True
HJCABC053,HJA CARPETA ABC 3 PERF RAYADA PQ100HJS,1.5,1.0,False
XCLBTN001,VOY CRECIENDO DESCUBRO AL NACER ART 2106,0.7,1.0,False
XCLBTN012,CAMINITOS DIVERTIDOS CIUDAD ART 2218,0.5,1.0,True
XCLBTN024,UNO CON OTRO LOS BICHITOS ART 2269,0.5,1.0,True
CNDFST003,CINTA DIUREX FIVE STICK CRIST 3/4PULG X 40YDS,0.5,1.0,True
BOLPEL091,BOLIGRAFO PELIKAN AL 815002 JAZZ CLASSIC K35 TURQUESA,0.7,0.5,False
PAPUSG005,PAPELERO USIGN PLASTICO,1.5,1.0,True
LAPSTB031,LAPIZ STABILO 880/100 WOODY 3 EN 1 BLA EXTRAGRUESO,1.2,1.0,False
LCLLYR067,LAPIC COLOR LYRA 2011120 REMBRANDT AQUARELL JGO12U CAJA MET,1.0,0.7,False
MCPPTL151,MICROPUNTA PENTEL S20P 05A NEGRO  0.05MM  FINELINER PIGMENT,0.5,1.2,False
PORPTL057,PORTAMINA PENTEL A313 BX 03 120 A3 DX,0.5,1.0,False
XXENEX022,DICC UNIVERSAL INTELIGENTE PLUS ESENCIAL ACTUALIZADO ,0.5,1.0,False
GRAIDL002,GRAPAS IDEAL COBRE 26/6 CJ1000U,0.7,1.0,True
LAPLYR087,LAPIZ LYRA 2056104 501 4B NEG REMBRANDT GRAFIT AQUARELL,0.7,1.5,False
MCPPTL159,MICROPUNTA PENTEL S20P 8A NEGRO  0.8MM  FINELINER PIGMENT,1.2,1.0,False
XMUHOG373,MUSICA EN EL AULA 3 EDICION2024 3 PRIM,0.7,1.0,False
XREHOG403,VALORES ESPIRIT Y RELIG 3 PRIMARIA EDICION 2021,1.0,1.2,False
PINPTL036,PINCEL PENTEL ZBS6-12E N° 12 PELO CABRA PLANO,0.7,1.0,False
XLNSIN133,DIALOGOS CON LA LUNA,1.5,1.0,True
CAVUSG006,CARTAP VISOR USIGN US 102PD 1PULG 2A TIPO D A4 PLAST AZUL,1.2,1.0,False
XCLALG057,PRIMEROS CUENTOS LA MASCOTA,0.7,1.0,True
XCLATN063,VOY AL JARDIN,0.5,1.0,True
XCLBTN031,CUENTAME UN CUENTO BLANCANIEVES ART 2237,0.7,1.0,False
XMUHOG371,MUSICA EN EL AULA 1 EDICION2024 1 PRIM,1.2,1.0,True
XMUHOG374,MUSICA EN EL AULA 4 EDICION2024 4 PRIM,0.7,1.0,False
XREHOG404,VALORES ESPIRIT Y RELIG 4 PRIMARIA EDICION 2021,1.5,1.2,True
GRASAX001,GRAPAS SAX ZINC 23/13 CJ1000U,1.2,1.0,True
XLLCOQ005,FABULAS DE ESOPO VOL I,1.2,1.0,False
XLNHOG034,EN UN ABRIR Y CERRAR DE OJOS,0.7,0.5,True
CATABC001,CARTAP ABC 3A CARTA CARTON ANILLA O,1.2,1.0,False
SEPMXO001,SEPARADOR MAX OFFICE MX-IDFC5C OFI JGO 1 A 5 NUM,0.5,1.0,True
XMUGES107,MUSICA 1 SEC GES 2014,1.2,1.0,True
MRAPTL012,MARC AGUA PENTEL MW50M A NEG EASYFLO RECARG,0.5,1.0,True
PLUXXX018,PAP LUSTROSO VER NILO 50X70CM,0.7,1.0,True
FOLDEL153,FOLDER DELLO 0285.PP.0025 PIED DE POULE ALA OFICIO,1.2,1.0,True
MRAPTL013,MARC AGUA PENTEL MW50M C AZU EASYFLO RECARG,1.5,0.7,False
BLPHOA037,BLOCK POST HOPAX S21597 50MMX20MM 6 COLORES 30  X COLOR,1.0,1.2,False
XAPHOG127,EXPRESION  PLASTICA Y VISUAL 1 SECUNDARIA  2024,1.5,1.0,True
XCNHOG377,CIENCIAS NATURALES 1 N EDICION 1 SEC 2024,1.5,1.0,False
XAPHOG107,EXPRESION  PLASTICA Y VISUAL 1 SECUNDARIA  ,0.7,1.2,True
TIJXXX003,TIJERA ZIC ZAC DIF MOD,1.5,1.0,False
400,PAPEL BOND DE 75 GR. TAMAÑO A-5,0.7,1.0,True
ACRPIM009,ACRILICO PRIMO VERDE ESMERALDA 641 75ML,0.5,1.0,False
PFLRVS020,PAP FLUOR RIVERSIDE 4212 VER DOBLE FAZ 55X71CM,0.7,1.0,False
HJCABC050,HJA CARPETA ABC 2 PERF CUAD 5MM PQ100HJS,1.2,0.5,True
XMUHOG372,MUSICA EN EL AULA 2 EDICION2024 2 PRIM,0.5,0.7,False
ETBPTL002,ESTUCH BOL PENTEL VENTANA PLASTICO 2 BOL,0.7,0.5,False
RESPTL013,RESALTADOR PENTEL SLW8 GP AMA ROS DELG T CHECKER,1.2,1.0,True
XREEDB311,VALORES ESPIRIT Y RELIG 5 SEC ACTUALIZADO,1.5,1.0,True
XREHOG407,VALORES ESPIRIT Y RELIG 1 SECUNDARIA EDICION 2021,0.5,0.7,False
XCACOQ007,CALIGRAFIA INICIAL 1,1.2,1.0,True
XCNHOG375,CIENCIAS NATURALES 5 N EDICION 5 PRIM 2024,0.7,1.0,True
XLIBTN023,LA DIVINA COMEDIA C E D C ART 110016,1.2,1.0,True
SEPXXX004,SEPARADOR A4 JGO 1A 10 NUM,0.7,1.0,False
ARCXXX004,ARCHIVADOR RAPIDO CARTA MEC METAL,1.5,1.0,False
BOLPEL076,BOLIGRAFO PELIKAN AL 821230 SNAP K10  GRIS,0.5,1.0,False
MRDUNI020,MARCADOR UNI PIN 05 200 FINE LINE SEPIA ,1.5,1.0,False
CLBCMA001,CLIP BIN COMIX B3605 50MM O 2 PULG,1.2,1.0,True
XREHOG402,VALORES ESPIRIT Y RELIG 2 PRIMARIA EDICION 2021,0.5,1.0,False
ETLMAP014,ESTUCHE P/LAPIZ PLANA GRIL MANDALA 934726,1.2,1.0,True
XMAPAT002,ARITMETICA BALDOR CON CD ED PATRIA,1.5,1.0,False
RESPTL006,RESALTADOR PENTEL S515 K VER DELG,1.2,1.0,False
XCLATN058,LOS TRES MOSQUETEROS,0.7,1.0,True
LAPSTB056,LAPIZ STABILO 8054 ALL NAR,1.5,1.0,False
XREHOG405,VALORES ESPIRIT Y RELIG 5 PRIMARIA EDICION 2021,1.5,0.5,True
XMUHOG354,MUSICA EN EL AULA 4 EDICION2020 4 PRIM,1.5,1.0,True
XPSHOG311,PSICOLOGIA 1 N EDICION 1 SEC 2024,0.5,1.0,True
ALHPTL001,ALMOHAD PENTEL XMW85ACEL ACRILICA 2 MARC,0.5,1.0,False
XMAHOG359,MATEMATICA 3 N EDICION 3 SECU 2020,0.7,1.0,True
XLNGUM131,LA MOSCA LOCA,0.7,1.0,False
XCSHOG375,CIENCIAS SOCIALES 5 N EDICION 5 PRIM 2024,0.5,1.0,False
XQMSIN005,QUIMICA GENERAL 4 CURSO PREUNIVERSITARIO,1.5,1.0,False
XCLBTN023,UNO CON OTRO LAS FORMAS ART 2268,1.5,0.7,True
MCPSTB067,MICROPUNTA STABILO 1018 36 VER BL@CK,0.7,0.5,False
GOEXXX130,GOMA EVA LISA GUIN 50X70CM,1.0,1.5,False
XMUHOG321,MUSICA EN EL AULA 1 1 SEC,0.5,1.0,False
TMAPTL009,TINT MARC PENTEL MWR401 A NEG RPTO MW45 Y MW46,0.5,1.0,True
TMAPTL011,TINT MARC PENTEL MWR401 C AZUL RPTO MW45 Y MW46,0.5,1.0,True
GRAIDL005,GRAPAS IDEAL 26/6 ZINC (1000U),1.0,0.5,False
BLPHOA035,BLOCK POST HOPAX S21599 50MMX20MM 6 COLORES 30  X COLOR,1.2,1.0,False
XFSHOG334,FILOSOFIA Y COSMOVISION 6 N EDICION 6 SEC 2024,0.5,1.0,False
LCLLYR059,LAPIC COLOR LYRA 2011360 REMBRANDT AQUARELL JGO36U CAJA MET,0.5,1.0,True
XCNHOG379,CIENCIAS NATURALES 3 N EDICION 3 SEC 2024,0.5,1.0,False
ESPXXX009,ESPIRAL 29MM PLAST(25UNID),1.5,0.7,False
XLLCOQ009,FABULAS DE ESOPO VOL V,0.5,1.0,True
XLLATN006,VAMOS A CALENTAR EL SOL 1999,1.5,1.0,False
XCNHOG382,CIENCIAS NATURALES 6 N EDICION 6 SEC 2024,1.2,1.0,True
XMUHOG326,MUSICA EN EL AULA 6 6 SEC,0.5,1.0,True
XLLCOQ006,FABULAS DE ESOPO VOL II,1.2,1.0,False
CLMWEX002,CLIP MARIPOSA WEX A1023 CJ50U,0.7,1.0,True
XCSHOG379,CIENCIAS SOCIALES 3 N EDICION 3 SEC 2024,1.2,1.0,True
XCLALG089,CARTERA DE VALORES QUIEN NECESITA UN SOMBRERO MAGICO ,0.7,1.0,False
PLFPRK075,PLUMAFUENTE PARKER 17716 VECTOR NEGRO CLIP CROMADO,1.5,0.5,False
XCLALG067,LETRA MAGICA PIRATA,1.2,1.0,True
GUIXXX002,GUILLOTINA 36X33CM CAP 10HJS,0.5,1.0,False
PNLACR031,PINTUR TELA ACRILEX 551 SEPIA CORRIENTE,1.5,1.0,True
PERIDL002,PERFORADOR IDEAL P 807 CAP 150HJS SEMI INDUST,0.5,1.0,False
JUEART005,JUEGO ARTI TACJUEDIO015 AUTO GOMA EVA,1.5,1.2,True
PCPMDN004,PAP CREPE MADISON AZU METALIZADO,0.7,1.0,True
PCPMDN003,PAP CREPE MADISON VER METALIZADO,1.2,1.0,True
CNABRW003,CINTA ADHES BRW WT1512 GLOW,1.5,1.0,True
PINPEL015,PINCEL PELIKAN AL 25 4 NO4,1.5,1.0,False
CNABRW002,CINTA ADHES BRW WT1524 PET,1.2,1.0,False
PNALIZ001,PINTUR  ACRILICO LIZ  NEG  120ML,1.2,1.0,True
XCPSIN004,CUENTO DE COLOREAR ,0.7,1.0,True
XLGHOG374,LENGUAJE 4 N EDICION 4 PRIM 2024,0.5,1.0,True
XMAHOG374,MATEMATICA 4 N EDICION 4 PRIM 2024,1.5,1.0,True
BOLPEL062,BOLIGRAFO PELIKAN AL 806947 JAZZ CLASSIC K35 AZUL,0.7,1.0,True
PNALIZ010,PINTUR  ACRILICO LIZ  GRIS  120ML,0.5,1.0,False
BLPHOA032,BLOCK POST HOPAX S21595 50MMX20MM 6 COLORES 30  X COLOR,1.0,1.2,True
XCNHOG374,CIENCIAS NATURALES 4 N EDICION 4 PRIM 2024,0.7,1.5,True
XCSHOG374,CIENCIAS SOCIALES 4 N EDICION 4 PRIM 2024,1.5,1.0,True
XCLBTN045,RINCON FANTASIA ALICIA EN EL PAIS DE LAS ART 2026,1.2,1.0,False
XI3HOG404,OKAY D EDICION 2021,0.5,1.0,False
BOLFBC022,BOLIGRAFO FABER CASTELL AZU TRILUX  STYLE,1.5,1.0,False
XMUHOG375,MUSICA EN EL AULA 5 EDICION2024 5 PRIM,1.5,1.0,False
XCPALB001,PEQUEÑOS MANDALAS,1.5,1.0,True
XLGHOG377,LITERATURA Y COMUNICACION 1 N EDICION 1 SEC 2023,0.5,1.0,True
MCPPIL003,MICROPUNTA PILOT BL G1 5T B NEG 0.5MM,0.7,1.2,False
XCSHOG378,CIENCIAS SOCIALES 2 N EDICION 2 SEC 2024,1.5,1.0,True
XCLSIG653,PANCITAS MAX EL MONO,1.5,1.0,False
XMAHOG382,MATEMATICA 6 N EDICION 6 SECU 2023,1.5,1.0,True
CUAABC204,CUADERNO ABC ESPIRAL. 1/2 OFICIO 100HJS. CUADRIC. PERSONALIZADO,1.5,1.0,False
LAPBRW002,LAPIZ NEG BRW LP7207 HB C/DISEÑO CORAZON 72 UNI,0.7,1.0,False
PFLRVS003,PAP FLUOR RIVERSIDE NAR FAZ 586X89CM,0.5,1.0,True
MRDDXX001,MARCADOR PERM  DX-3000 AZU ,1.2,1.0,True
REGATS003,REGLA ARTESCO 50CM PLAST CRISTAL,0.7,1.0,True
PCRXXX007,"PORTACREDEN VERTICAL 9X5,5CM",0.5,1.0,True
PTFTNP010,PLASTOFORM TECNOPOR ESFERA 9.0CM DIAMETRO,0.5,1.0,False
BOLPIL044,BOLIGRAFO PILOT BP 1RT F AZU RETRACTIL,1.2,1.0,True
XLNHOG279,ADIOS A LA VERDE HIERBA,1.2,1.0,False
XMARGC110,MATEMATICA PRACTICA 4 SEC ED 2014,0.7,1.0,False
XLNHOG271,COMO LE ROBARON EL ALMA A MAPONO,0.7,1.0,False
CAUCNS011,CARTULINA CANSON COLORLINE CHOCOLATE 50X65CM  C41033,1.5,1.0,False
ENGISO002,ENGRAPADOR ISOFIT CI 2000 CAP 210HJS SEMI INDUST,1.5,1.0,True
XCLSIG872,BARRILETE AZUL CORNELIA Y EL HORRIBLE PISPAS COD 0016BZ0020,0.7,1.0,True
CUABRW004,CUADERNO BRW CD1004 BESTFRIEND,1.2,1.0,True
XXFLAR005,DICC COMPACT ESPAÑOL FRANCES ED LAROUSSE,0.7,1.0,True
GOEXXX001,GOMA EVA DISENO ANIMAL RAYAS 40X60CM,1.0,1.2,True
MCPSCH003,MICROPUNTA SCHNEIDER 191091 ESTUCHE DESPLEGABLE FINELINER LINE UP 0.4 MM 32 PZA,0.5,1.0,True
XCLGIS006,LA PORTADA MAGICA,1.2,1.0,True
RESPTL009,RESALTADOR PENTEL S515 S CEL DELG,1.2,1.0,True
SELISO002,SELLO ISOFIT NUMERADOR AUTOMAT 7DIG,1.2,0.5,True
LCLSTB016,LAPIC COLOR STABILO 1400 635 CARBOTHELLO BISTRO,1.2,1.0,False
LAPSTB027,LAPIZ STABILO 282 6H OTHELLO NEG,1.5,1.0,True
PCIXXX014,PAP COPIA CARTA VER,1.2,1.0,True
XLLCOQ003,FABULAS DE IRIARTE,0.5,0.7,False
PMCACR001,PAP MACHE ACRILEX 01210 BOLSA 100GR,0.5,1.0,False
FOLOXF104,FOLDER OXFORD 29900055 CARTA NEG PORTA CERTIFIC,1.2,1.0,False
SOBSCR004,SOBRES SCRITY KRAFT ORO TAMAÑO OFICIO 250X353MM,0.7,1.0,False
XPSGES101,PSICOLOGIA 1 SEC GES 2014,0.7,1.0,True
XCPSIG013,COLEC PINCELADAS 8 DIF TIT,0.7,1.0,False
PCIXXX007,PAP COPIA OFICIO AMA,0.7,0.5,False
XMAPAT003,GEOMETRIA Y TRIGONOMETRIA BALDOR CON CD ED PATRIA,1.5,1.0,True
XCSHOG380,CIENCIAS SOCIALES 4 N EDICION 4 SEC 2024,0.5,1.0,False
XXENEX023,DICC INTELIGENTE JUNIOR,0.7,1.0,False
POJDEL001,PORTA OBJETOS DELLO 3029.B.0012 DELLOCOLOR AZU.CLARO,1.5,1.0,True
MRAMLK001,MARC AGUA MILKOLOR AZUL,1.5,1.2,False
XMAHOG381,MATEMATICA 5 N EDICION 5 SECU 2023,1.5,1.0,False
PBOHPA002,PAP BOND HP BLAN CARTA 75GR PQ500HJS,1.5,1.0,True
XLIBTN029,FRANKENSTEIN C E D C ART 110024,1.5,1.0,True
MRAPTL015,MARC AGUA PENTEL MW50M D VER EASYFLO RECARG,1.5,0.7,True
RESCEN001,RESALTADOR CENTRUM 80248 AMA,0.7,1.0,True
PCIXXX012,PAP COPIA CARTA ROS,1.5,1.0,True
MRAPTL014,MARC AGUA PENTEL MW50M B ROJ EASYFLO RECARG,1.5,1.0,False
XCPSIG014,COLORINCHES DIFERENTES TITULOS,0.5,0.7,True
XLLCOQ004,FABULAS DE SAMANIEGO,1.2,1.0,False
FOLOXF020,FOLDER OXFORD 57508 CARTA TAN BOLSAS GEM,1.2,1.0,True
LIBABC001-B,LIBRETA ABC ESP COLOR PUNT CARTON 15X12CM(5UNID),0.7,1.0,False
PBOLEY109,PAP BOND LEYDEZ ROSADO 75 GR CARTA PQ500HJS    ,0.5,1.0,True
XLGHOG376,LENGUAJE 6 N EDICION 6 PRIM 2024,0.5,1.0,True
XLNGUM148,LLALLAGUA,0.7,1.0,False
XLNJUV024,METAL DEL DIABLO 1990,1.5,1.0,False
POJDEL035,PORTA OBJETOS DELLO 3029.VI.0012 DELLOCOLOR VER,1.5,1.0,False
GOEXXX045,GOMA EVA LISA ARCO IRIS 50X70CM,0.5,1.0,True
XLIBTN012,CANCION DE NAVIDAD C E D C ART 11008,0.5,1.0,False
ETQAVR120,ETIQUETAS AVERY 5167 BLA 1/2X1 3/4PULG 12X43MM LASER,0.5,1.0,True
POJDEL041,KIT MINI MUNDO DE LUA DELLO 2291.SS.0006 CON 4 PORTA OBJETOS,0.5,1.0,False
PDUATS001,PORTADIUREX ARTESCO M 310,1.2,1.0,False
XLNGUM145,ACLARACIONES HISTORICAS SOBRE LA GUERRA DEL PACIFICO,0.7,1.0,False
XQMHOG314,QUIMICA 4 N EDICION 4 SEC 2024,1.2,1.0,False
LAPSTB022,LAPIZ STABILO 282 3H OTHELLO NEG,1.2,1.0,False
MALDEL024,MALETIN DELLO FINE A3 2151.P.0005 NEGRO,1.5,1.0,True
SOBMVU022,SOBRE MVUSA PEN+GEAR DOBLE VENTANA 988MMX225MM PQT250PCS,1.2,1.0,False
LUPCHI005,LUPA CHINA CLASSIC,1.5,1.0,False
XCNHOG381,CIENCIAS NATURALES 5 N EDICION 5 SEC 2024,0.7,1.0,False
XCLBTN048,RINCON FANTASIA LA CENICIENTA ART 2029,0.5,1.2,True
CAVTLB001,CARTAP VISOR TALBOT 1.5PULG 3A CARTA PLAST NEGRO,1.5,1.2,True
XCLEDB202,UN CUENTO PARA CADA DIA FEBRERO,1.5,1.0,False
XCNHOG372,CIENCIAS NATURALES 2 N EDICION 2 PRIM 2024,1.5,1.0,True
XCNHOG380,CIENCIAS NATURALES 4 N EDICION 4 SEC 2024,0.7,1.0,True
L1CREG085,LIBRO 1RA COM REGINA 16 0090,0.5,1.0,False
FOLDEL134,FOLDER DELLO 0234.A.0050 TOP LINE AMA. LOMO 2 CMS ALA OFICIO,0.5,1.0,True
XAPHOG130,EXPRESION  PLASTICA Y VISUAL 4 SECUNDARIA  2024,1.0,0.5,True
XI3HOG324,HELLO 4 4 SEC 2019,1.2,1.0,True
XMAHOG360,MATEMATICA 4 N EDICION 4 SECU 2020,0.7,1.0,True
CUAABC202,CUADERNO ABC ENGRAP 50HJS PERSONALIZADO,1.5,1.0,False
PBOXXX153,PAP BOND BLAN CARTA 75GR PQ60HJS,1.5,1.0,False
XCSHOG372,CIENCIAS SOCIALES 2 N EDICION 2 PRIM 2024,0.7,0.5,True
CUAABC031,CUADERNO ABC ENGRAP CUAD 5MM 100HJS,1.5,1.0,True
XMAHOG376,MATEMATICA 6 N EDICION 6 PRIM 2024,1.5,0.7,False
PROXXX004,PORTAROSARIO CORAZON CON TAPA TRANSP,0.7,1.0,False
MRJLYR008,MARCADOR JGO LYRA 6521060 AQUA BRUSH DUO 6 COLORES PRIMARIOS,0.5,1.0,True
XCLSIG046,SEGUNDA LECTURA EL RIO TURUNTUN Y UNA ORQUES,1.2,1.0,True
XMUHOG376,MUSICA EN EL AULA 6 EDICION2024 6 PRIM,1.2,1.0,False
GRAIDL001,GRAPAS IDEAL 24/6 COBRE 1000U,0.7,1.0,False
PBOLEY009,PAP BOND LEYDEZ AMA ORO 80GR CARTA PQ500HJS,0.7,1.0,False
BOLPEL089,BOLIGRAFO PELIKAN AL 815024 JAZZ CLASSIC K35 NARANJA,1.2,1.0,False
ROTDYM028,ROTULADOR DYMO 1955663 LETRA TAG LT100H + 3 CINTAS,0.5,1.0,False
XACALB109,MULTIJUEGOS 3,1.2,1.0,False
LAPLYR018,LAPIZ LYRA 1210112 2510 NEG 2H=4 ROBINSON,1.5,1.0,False
XLGHOG372,LENGUAJE 2 N EDICION 2 PRIM 2024,0.7,1.0,True
XMAHOG372,MATEMATICA 2 N EDICION 2 PRIM 2024,1.2,1.0,False
XCLBTN010,PEPO DICE A BAÑARSE ART 2213,0.5,1.0,True
XFIHOG314,FISICA 4 N EDICION 4 SEC 2024,1.2,1.0,False
CORATS001,CORRECTOR ARTESCO LAPIZ,0.5,1.0,False
PLFPEL038,PLUMAFUENTE PELIKAN AL 808880  M200  F BROWN  MARBLED,1.2,1.0,False
XREEDB201,RELIGION VAMOS ADELANTE ACTUALIZADO 1 PRIM,0.7,1.2,False
XLIGUM010,CUENTOS DE LA SELVA,1.5,1.2,False
PBOXXX166,PAP BOND XXX PEACH 75GR OFICIO PQ500 HJS,1.5,1.0,False
XI3EDB301,I´M READY 1 PRIM N EDICION,1.2,1.0,True
CAUCNS113,CARTULINA CANSON MI TEINTES ROSA OSCURO 50X65CM 160GR 352  C200321084,1.2,1.0,False
MRDSTB022,MARCADOR STABILO 156 146 36 VER PERM M CD,1.0,1.5,True
BLPBRW022,BLOCK POST BRW BA0404 SEÑALADORES HUELLAS,1.2,1.0,False
ORGUSG004,ORGANIZ USIGN US 20080 DE PARED CJ2U,0.7,1.0,False
XMARGC109,MATEMATICA PRACTICA 3 SEC ED 2014,0.5,1.0,False
GOEXXX128,GOMA EVA TOALLA LILA 50X70CM,0.7,1.0,False
XMAHOG380,MATEMATICA 4 N EDICION 4 SECU 2023,1.5,1.0,True
XMALAT003,ALGEBRA 1993,0.7,1.0,False
SERPEL001,SERCHA PELIKAN 15510000 AMBAR NO2,1.5,0.5,True
XLNAME037,LEYENDAS DE MI TIERRA,1.0,1.2,False
CAUXXX042,CARTULINA HILADA BLA 66X87CM,1.5,1.0,True
XLGHOG380,LITERATURA Y COMUNICACION 4 N EDICION 4 SEC 2023,1.0,1.2,False
PINPTL042,PINCEL PENTEL XGFH DCX COLOR BRUSH METALIC AZU M VER,1.0,1.2,False
BLPHOA019,BLOCK POST HOPAX S21464 FILM 45MMX12MM 5 COLORES 20 FLECHAS X COLOR,1.0,1.2,True
MRJSTB062,MARCADOR JGO STABILO 168 24-4 DELG CAPPI JGO24U,1.2,1.0,False
TCHPEL033,TINT CHINA PELIKAN CO 5180009 AZUL ULTRA 30ML,0.5,1.0,True
XCLSIG878,MINIFORMAS QUE RICO COD 0318MX0020,1.2,1.0,True
LRGABC006,LIBRO REGIS ABC REGISTRO 100HJS,1.5,1.0,True
TTMMDN003,TINT TAMPO MADISON NEG 30ML,0.7,1.0,True
XAPHOG103,EXPRESION  Y CREATIVIDAD 3 PRIMARIA  2019,0.5,1.0,True
MRAPEL004,MARC AGUA PELIKAN MX 780 VER PIZARRA,1.0,1.5,True
XCLSIG071,PREGUNTAS Y RESPUESTAS LOS SENTIDOS,0.7,1.0,False
BLPPEL018,BLOCK POST PELIKAN MX 3X3PULG 76X76MM NEON AMA X 100HJS,1.2,1.0,False
XCLALB003,SENTIMIENTOS NO ES JUSTO,1.5,1.0,False
XCLEDS020,ELECTRA,0.5,1.0,True
PADXXX005,PAP ADHESIV OFICIO BLA,1.0,1.2,True
MRDPTL003,MARCADOR PENTEL N850 CO AZUL PERM,1.5,1.0,True
XAPHOG105,EXPRESION  Y CREATIVIDAD 5 PRIMARIA  2019,1.2,1.0,False
XI3HOG331,HELLO 1 1 SEC 2024,0.7,1.0,True
XCLALG093,CARTERA DE VALORES ARMADA HASTA LOS DIENTES,0.7,1.0,False
CRALYR010,CRAYON LYRA 5620102  GRAPHIT KREID 2B GRUESO,1.5,0.5,False
XLLALG104,LOS 4 SHERLOCKS UN ATRACO MUY DEPORTIVO,1.0,1.5,False
TIJMAP007,TIJERA MAPED 670112 ZENOA FIT 13CM PLAST,0.7,1.0,False
XCLALB002,SENTIMIENTOS ESTOY ABURRIDO,0.7,1.0,True
XCLSIG676,COMPRENDAMOS EL CLUB DEL ARCO IRIS,1.2,1.0,True
BLDCNS057,BLOCK XL ACUARELA CANSON 30HJS  300GR  A3 30 X 42CM  C400039171,1.2,1.0,False
XLGHOG382,LITERATURA Y COMUNICACION 6 N EDICION 6 SEC 2023,1.2,1.0,True
GOEXXX113,GOMA EVA GLITTER OFICIO ADHESIVO AMA,0.7,1.0,False
PCPXXX005,PAP CREPE MARRON CLARO 50X200CM,1.2,1.0,True
XCSHOG381,CIENCIAS SOCIALES 5 N EDICION 5 SEC 2024,0.5,1.0,False
PEGUHU010,PEGAMENTO UHU LIQUIDO 20ML,1.0,0.5,True
XCLEDB206,UN CUENTO PARA CADA DIA JUNIO,0.5,1.0,False
DVDSON002,DVD SONY DVD R 47GB 120MIN,1.5,1.0,False
XLILAT030,EL DIARIO DE ANA FRANK,1.2,1.0,True
VENXXX001,VENESTA ESCOLAR 40X40CM,0.7,1.0,False
LCLSTB073,LAPIC DE COLOR STABILO CERA Y ACUARELA WOODY EXTRA GRUESO 8806-2 + TAJADOR,1.0,0.7,True
XCSHOG377,CIENCIAS SOCIALES 1 N EDICION 1 SEC 2024,1.5,1.0,True
XI3HOG335,HELLO 5 5 SEC 2024,1.0,0.5,True
XLNGUM062,LEYENDAS DE MI TIERRA,0.5,1.0,False
XQMHOG316,QUIMICA 6 N EDICION 6 SEC 2024,0.5,1.0,True
DESVER003,DESTRUCTOR DE PAPEL VERICASH VC 8XXC,0.5,1.0,False
XCLALG076,CALCETIN AMARILLO CUENTOS DE ANDERSEN,0.7,1.0,True
XLLSIG087,TELARAÑA LOS POSEIDOS DE LUNA PICANTE,0.7,1.0,True
PSSPIM001,PASTELES PRIMO 080PO12N JGO12U,1.5,1.0,False
XFIHOG316,FISICA 6 N EDICION 6 SEC 2024,0.5,1.0,False
XCLEDB204,UN CUENTO PARA CADA DIA ABRIL,1.2,1.0,False
XCLEDB205,UN CUENTO PARA CADA DIA MAYO,0.5,1.0,False
GOEXXX102,GOMA EVA TOALLA NEG 50X70CM,0.7,1.0,True
MRJLYR010,MARCADOR JGO LYRA 6521062 AQUA BRUSH DUO 6 COLORES SKIN TONES,1.0,0.5,False
MCPPIL013,MICROPUNTA PILOT NEG HI TECPOINT V5 0.5MM,0.5,1.0,True
XACALB040,MI CUERPO Y YO A BAÑARSE,0.5,1.0,True
XCLSIG637,MIS SENTIMIENTOS ESTOY PREOCUPADO,1.2,1.0,False
XXEOCE101,DICCIONARIO PRACTICO DE LA LENGUA ESPAÑOLA OCEANO,1.5,1.0,True
ROSXXX012,ROSARIO PERLA BLANCA REDONDA,1.2,1.0,False
XMAHOG377,MATEMATICA 1 N EDICION 1 SECU 2023,0.5,1.0,True
XMARGC112,MATEMATICA PRACTICA 6 SEC ED 2014,1.5,1.0,False
NYLXXX008,NYLON COLOR LILA,1.5,1.0,False
PCRMER001,PORTACREDEN MERLETO HORIZONTAL,0.7,1.0,True
GOEXXX116,GOMA EVA GLITTER OFICIO ADHESIVO FUCSIA,1.2,1.0,True
PEGUHU030,PEGAMENTO UHU LIQUIDO 35ML,1.0,0.7,True
GOEXXX115,GOMA EVA GLITTER OFICIO ADHESIVO BLA,0.5,1.0,True
FOLDEL156,FOLDER DELLO 0286.ML.0025 MINIMAL  ALA OFICIO,1.2,1.0,False
SOBMEA006,SOBRE MEAD 80570 GARFIELD,0.5,1.0,True
PCDUSG001,PORTACDS USIGN CD 40D CAP40U CIERRE Y ASA,0.5,1.0,False
FOLDEL114,FOLDER DELLO 0244.H.0050 DELLOFINE CRISTAL LOMO 4 CMS ALA OFICIO,1.5,1.2,True
PFLXXX001,PAP FLUOR  AMA,1.5,1.0,False
RMIPTL001,RPTO MICROP PENTEL LR7 AX NEG 07MM,0.7,1.0,True
XMUGES109,MUSICA 3 SEC GES 2014,0.7,1.0,True
CNRDYM014,CINTA ROTUL DYMO 5201 09 NEG 3/8PULG,1.5,1.0,False
RESSTB022,RESALTADOR STABILO 70/5 02  BOSS ARTY  JGO 5PCS,1.5,1.0,False
XCLEDB201,UN CUENTO PARA CADA DIA ENERO,0.5,1.0,True
XCLEDB203,UN CUENTO PARA CADA DIA MARZO,0.7,0.5,False
XAPHOG132,EXPRESION  PLASTICA Y VISUAL 6 SECUNDARIA  2024,0.7,1.0,False
XCSHOG382,CIENCIAS SOCIALES 6 N EDICION 6 SEC 2024,1.2,1.0,False
PBOXXX003,PAP BOND ROS 75GR OFICIO,1.5,1.0,True
PERXXX004,PERFORARDORA CON DISEÑO,1.2,1.0,True
XLIBTN021,EL RETRATO DE DORIAN GRAY C E D C ART 110048,1.5,1.0,True
LAPLYR070,LAPIZ LYRA 1210114 2510 NEG 4H ROBINSON,1.2,1.0,False
GOEXXX121,GOMA EVA GLITTER OFICIO ADHESIVO VER MANZ,0.5,1.0,True
PSSLYR003,PASTELES LYRA 5641121 K12 POLYCRAYON JGO12U TONO CAFE,1.2,1.0,False
CNRDYM003,CINTA ROTUL DYMO 91335 AZUL LETRA TAG 1/2PULG O 12MM X 4M,1.2,1.5,False
PINMLC001,PINCEL MILCAR ABANICO 3UNI,1.5,1.0,True
PSESWA018,PAP SEDA PALO DE ROSA CORAL ROSE 50X75CM,0.5,0.7,False
BOLPRK131,BOLIGRAFO PARKER 2068511 JOTTER MATTE VERDE CLIP CROMADO,0.7,1.0,False
GOEXXX043,GOMA EVA GLITTER VER MANZ 50X70CM,0.5,1.5,False
PINPTL041,PINCEL PENTEL XGFH DAX COLOR BRUSH METALIC NEG M ROJ,0.7,1.0,False
CAUCNS106,CARTULINA CANSON MI TEINTES CANARIO 50X65CM 160GR 400  C200321114,1.5,1.0,True
XCLBTN017,NOCHES DE CUENTOS BLANCANIEVES EL PATITO FEO ART 2225,1.2,1.0,False
XCLBTN021,MOMENTO DE ILUSIONES LA BELLA DURMIENTE CENICIENTA ART 2233,1.5,1.0,False
DVDXXX007,DVD DVD R 4.7GB 120MIN,0.5,1.0,False
XLGHOG381,LITERATURA Y COMUNICACION 5 N EDICION 5 SEC 2023,0.5,1.0,False
MRDMRK003,MARCADOR MARKO ROJ PARA CD DOBLE PUNTA,0.5,1.0,False
PERISO011,PERFORADOR ISOFIT PP35 CAP 30HJS,0.7,1.0,True
XLNGUM117,TEMPESTAD EN LA CORDILLERA,1.2,1.0,True
CAUCNS015,CARTULINA CANSON COLORLINE CUERO 50X65CM  C41031,0.7,1.0,True
XQMHOG315,QUIMICA 5 N EDICION 5 SEC 2024,1.5,1.0,False
XFIHOG315,FISICA 5 N EDICION 5 SEC 2024,1.5,1.0,False
CAUCNS024,CARTULINA CANSON COLORLINE MANDARINA 50X65CM  C41007,0.7,1.0,False
XMARGC111,MATEMATICA PRACTICA 5 SEC ED 2014,0.5,1.0,False
XREHOG412,VALORES ESPIRIT Y RELIG 6 SECUNDARIA EDICION 2021,1.5,1.0,True
XCLMGA004,FICCION Y FANTASIA CONTANDO CON EL CORAZON,0.5,1.0,True
SELPEL002,SELLO PELIKAN 12410020 NUMERADOR AUTOMAT 8DIG,1.2,1.0,False
PCPMDN002,PAP CREPE MADISON ROJ METALIZADO,1.2,1.0,False
PINXXX002,PINCEL LENGUA DE GATO 6UNI,1.5,1.0,False
XXALAR003,DICC COMPACT ESPAÑOL ALEMAN ED LAROUSSE,0.5,1.0,True
FOLDEL010,FOLDER DELLO 0241.A.0050 DELLOFINE AMA. ALA OFICIO,0.5,1.2,True
XLGHOG375,LENGUAJE 5 N EDICION 5 PRIM 2024,0.5,1.2,True
XAPHOG106,EXPRESION  Y CREATIVIDAD 6 PRIMARIA  2019,0.7,1.0,False
GOEXXX056,GOMA EVA LISA DISENO BRILLO 45X60CM,1.2,1.0,True
CORPEL003,CORRECTOR PELIKAN MX LAPIZ CORRECTO 7ML,0.5,1.0,False
GOEXXX114,GOMA EVA GLITTER OFICIO ADHESIVO AZUL,1.2,1.0,False
GOEXXX124,GOMA EVA GLITTER OFICIO ADHESIVO TURQ,0.5,1.0,False
XMUHOG308,EDUCACION MUSICAL 2 N EDICION 2 SEC 2012,1.5,1.0,True
MRABAO004,MARC AGUA BAOKE MP391  VER PIZARRA,1.5,1.0,True
PDDFBC005,PINT DEDO FABER CASTELL 10587 30G  JGO6U,0.5,1.0,True
XQMSIN008,QUIMICA ORGANICA 6 CURSO PREUNIVESITARIO TAPA MORADA,1.5,1.0,False
XCLALG059,PRIMEROS CUENTOS EN LA PISCINA,1.2,1.0,False
XMAHOG375,MATEMATICA 5 N EDICION 5 PRIM 2024,1.5,0.7,True
LCLSTB061,LAPIC COLOR STABILO 1400 642 CARBOTHELLO VIOLETA PALIDO CLARO,1.5,0.7,False
BOLPIL013,BOLIGRAFO PILOT BPGP 10R F B 0.7MM NEG SUPER GRIP CLIP PLAST,1.2,1.0,True
MRASTB001,MARC AGUA STABILO 641 40 ROJ PLAN,0.7,1.0,True
BLDCNS069,BLOCK DIBUJO XL OLEO Y ACRILICO ESPIRAL 30HJS 250GR A4 C400110401,1.2,1.0,False
LAPLYR069,LAPIZ LYRA 1210113 2510 NEG 3H ROBINSON,1.5,1.0,False
LAPSTB036,LAPIZ STABILO 880/355 WOODY 3 EN 1 ROS BEBE EXTRAGRUESO,0.5,1.0,False
MOPDEL002,MOUSE PAD DELLO 6553.BP.0030 AZUL PASTEL,1.2,1.0,True
SOBMVU005,SOBRE MVUSA 04161 AMA MANILA OFICIO 10X15PULG,1.2,1.0,False
GOEXXX122,GOMA EVA GLITTER OFICIO ADHESIVO VIO,1.5,1.0,False
XMUHOG306,EDUCACION MUSICAL 6 N EDICION 6 PRIM 2012,1.5,1.0,False
XQMSIN009,QUIMICA MANUAL DE LABORATORIO,1.5,1.0,True
XI3HOG336,HELLO 6 6 SEC 2024,0.7,1.0,False
PCPMDN005,PAP CREPE MADISON DISEÑO,1.5,1.0,True
PINPTL048,PINCEL PENTEL XGFH DZX COLOR BRUSH METALIC PLATA,0.5,1.0,False
PTFTNP025,PLASTOFORM TECNOPOR 5CM (50X100CM) B/10U,0.5,1.5,True
XCISIG082,ASQUEROSOLOGIA ASQUEROSOLOGIA ANIMAL,0.7,1.0,True
GRAMDN004,GRAPAS MADISON 23/13 CJ1000U,1.2,1.0,False
CAUXXX030,CARTULINA CROMADA NEG,0.7,0.5,False
CNEFST002,CINTA EMBAL FIVE STICK CAF 100YDS,1.5,1.0,False
CUDLEY008,CUADERNILLO LEYDEZ 0.4MM CARTA C/MARGEN,1.2,1.0,True
TCRXXX004,TAPA CARPETA CARTA CARTON,1.5,1.0,False
XREHOG406,VALORES ESPIRIT Y RELIG 6 PRIMARIA EDICION 2021,1.5,1.2,True
XCLSIG090,COLEC PEQUEÑOS CLASICOS DIF TITULOS,1.2,1.0,False
XCLALG050,MALETA MAGICA LAS MINAS DEL REY CHANG PY ÑONG,0.5,1.0,True
LCLLYR024,LAPIC COLOR LYRA 3621120 JGO12U SUPER FERBY CAJA CARTON,0.7,1.0,False
XCLALG055,PRIMEROS CUENTOS LA TELE NO FUNCIONA,0.5,1.0,True
MCHHRL019,MOCHILA HERLITZ MINI SOFTBAG PINK HEARTS 50014088,0.7,1.2,False
PINPTL046,PINCEL PENTEL XGFH DVX COLOR BRUSH METALIC VIO M AZU,0.5,1.0,True
XCLSIG709,HILO INFINITO EL NOMBRE DEL OGRO,0.5,1.0,True
XCLALG060,LETRA MAGICA EN LOS COLUMPIOS,1.5,1.0,False
CAUXXX017,CARTULINA 180GR VER ESMERALDA 70X100CM,1.2,1.5,True
GRARAP020,GRAPAS RAPID 24071301 R11 3/8PULG 10MM 5000U,1.5,1.0,True
HJCABC026,HJA CARPETA ABC 3 PERF CUAD 5MM CQ 57GR PQ500HJS,0.5,1.0,False
ESPXXX005,ESPIRAL 17MM PLAST(50UNID),1.2,1.0,False
XI3HOG334,HELLO 4 4 SEC 2024,1.5,1.0,True
PRELEY013,PORTAREVIS LEYDEZ TRIC 4 CARTON GUINDO,1.2,1.0,True
XI3HOG405,OKAY E EDICION 2021,1.5,1.0,True
CAVWJO008,CARTAP VISOR WILSON JONES 7149 2PULG 3A CARTA BLA,0.7,1.0,False
TPIPTL001,TINT PINCEL FR 101X CARTUCHO NEGRA PARA GFL,1.2,1.0,False
XLNGIS005,EL CUENTO QUE NUNCA SE CONTO,1.5,1.0,False
XMASIN011,ARITMETICA VOL II COL COMUNIDAD OLIMPICA,1.2,1.0,False
XMUGES112,MUSICA 6 SEC GES 2014,1.5,1.0,True
FOLDEL015,FOLDER DELLO 0241.R.0050 DELLOFINE LILA ALA OFICIO,1.5,1.0,True
XLIGUM023,LA ILIADA,1.2,1.0,False
XCSEDB207,CIENCIAS SOCIALES ACTUALIZADO 1 SEC,0.7,0.5,False
TIJISO001,TIJERA ISOFIT 8PULG ACERO INOX ASA DE GOMA,0.5,1.0,False
BLPHOA033,BLOCK POST HOPAX S21596 50MMX20MM 6 COLORES 30  X COLOR,1.5,1.0,False
CUALAP003,CUADERNO LAPAP DIBUJO NO12 32X24CM,0.5,1.5,False
LAPBRW003,LAPIZ NEG BRW LP7208 HB C/DISEÑO GATITO 72 UNI,0.5,1.0,True
LCLSTB039,LAPIC COLOR STABILO 1400 615 CARBOTHELLO OCRE OSCURO,0.7,1.5,False
XMASIN010,ALGEBRA VOL II COL COMUNIDAD OLIMPICA,0.7,1.2,True
FORRIC009,FORRO RICOR 1/2 OFICIO PLAST BLA,0.5,1.0,False
PDDPEL018,PINT DEDO PELIKAN MX ROSA CARNE 150ML,0.5,1.0,False
MRDDXX003,MARCADOR PERM  DX-3000 ROJ,1.5,1.2,True
GOMSTD027,GOMA BORRAR STAEDTLER 526 61 T/LAPIZ,1.5,1.2,True
CCODEL006,CARPETA COLG DELLO OFICIO AZUL,0.5,1.0,True
ETQAVR084,ETIQUETAS AVERY 5395 BLA 86X57MM 2 1/3X3 3/8PULG CJ50HJS,1.2,1.0,True
XCLALG068,LETRA MAGICA EL SUEÑO DEL LIBRO,1.5,1.0,False
MRDDXX004,MARCADOR PERM  DX-3000 VER ,1.2,1.0,False
LCLSTB049,LAPIC COLOR STABILO 1400 460 CARBOTHELLO TURQUESA,0.5,0.7,True
TIJISO002,TIJERA ISOFIT 7PULG OFICINA 3010 A,1.5,1.0,False
XACALB079,50 JUEGOS PARA EL PENSAMIENTO ESTRATEGICO,1.2,1.0,False
LCLLYR075,LAPIC COLOR LYRA 2014200 REMBRANDT AQUARELL JGO106U EST MAD,1.2,1.0,False
XI3HOG332,HELLO 2 2 SEC 2024,1.2,1.0,True
TABATS002,TABLERO ARTESCO CAMPO TAPA PLAST,0.7,1.5,True
PBOREP010,PAP BOND REPORT BLAN 75GR A4 PQ500HJS,1.2,1.5,True
XLLATN012,VAMOS A CALENTAR EL SOL EDC ESCOLAR,0.7,1.0,True
MRDPTL011,MARCADOR PENTEL N65W BE ROJO PERM DOBLE PTA,1.5,1.0,True
PTFTNP014,PLASTOFORM TECNOPOR ESFERA 2.0CM DIAMETRO,1.5,1.2,True
XACALB086,ADIVINANZAS QUE AVANZAN,1.5,1.0,False
XREEDB203,RELIGION VAMOS ADELANTE ACTUALIZADO 3 PRIM,0.7,1.0,False
DVDTDK001,DVD TDK DVD R 47GB 1X A 16X,0.5,1.0,False
TPIPTL011,TINT PINCEL FP10BP2A CARTUCHO NEGRA PARA GFKP3BPA,0.7,0.5,True
FOLDEL071,FOLDER DELLO 0274.AU.0030 SECRETS ORO ALA OFICIO,0.5,1.0,True
PCAKOM001,PAP CARBON KORES NEG OFICIO METALEX,0.7,1.0,False
HJCABC041,HJA CARPETA ABC 2 PERF BLAN PQ500HJS,0.7,1.0,True
XBIEDB203,BIOLOGIA ACTUALIZADO 3 SEC,1.5,1.0,False
PAGXXX005,PAP GAMUZA VER 40X60CM,1.5,1.0,True
PILDRC002,PILAS DURACELL C (2U.)MEDIANA,1.0,0.5,True
CCODEL005,CARPETA COLG DELLO OFICIO VERDE,1.0,0.7,False
PCAPEL004,PAP CARBON PELIKAN MX PLENTICOPY 200 H OFICIO AZU,1.2,1.0,True
ABROIC001,ABRE CARTA OIC 94909 METAL,1.5,1.2,False
GLIPEL020,GLITER PELIKAN AR 051 020 217 ROSA PASTEL 60ML,0.7,1.0,False
STCAVR002,STICKERS AVERY 2004 ANIMALES DE GRANJA BL2HJS,1.5,1.0,False
XCLALG062,LETRA MAGICA LA ABUELA DE ROSA,0.5,1.0,True
LCLSTB059,LAPIC COLOR STABILO 1400 385 CARBOTHELLO VIOLETA OSCURO,0.7,1.0,False
BOLPTL083,BOLIGRAFO PENTEL BL2007C A CAPA AZU 0.7MM ENERGEL,0.7,1.0,True
PCOIND002,PAP CONTIN INDUFOR BLA 9 1/2X11X1,0.5,1.0,True
PINPTL005,PINCEL PENTEL XGFL 102 ROJO COLOR BRUSH,0.7,1.0,True
PLTPRR001,PALETA PRO ARTE 12265-3,0.7,1.0,False
CCDSON002,CD SONY 700MB ETIQUETA,1.2,1.0,True
TAJFBC001,TAJADOR FABER 125TZF COL PASTEL,0.5,1.0,False
BOLSCH016,BOLIGRAFO SCHNEIDER 505 M TOPS  AZUL,0.7,1.0,True
TTMSHI002,TINT TAMPO SHINY 28ML AZU,1.5,1.0,False
LAMCIM003,LAMINA CIMA ESCOLAR OFICIO,0.5,1.0,False
PINPTL015,PINCEL PENTEL XGFL 141 SEPIA COLOR BRUSH,0.5,1.0,True
MOUXXX003,MOUSE INALAMBRICO,0.5,1.0,False
LCLSTB034,LAPIC COLOR STABILO 1400 680 CARBOTHELLO OCRE CARNE OSCURO,1.5,1.0,True
PCOXXX001,PAP CONTIN ANDI FORM BLA 9 1/2X11X3 CJA1000HJ,1.5,1.0,True
LCLSTB020,LAPIC COLOR STABILO 1400 770 CARBOTHELLO GRIS PAYNE,0.5,1.0,True
SENATS017,SEÑALADOR ARTESCO NAR PRECORTADO 5.1CM PLAST,0.5,1.0,False
LCLSTB021,LAPIC COLOR STABILO 1400 720 CARBOTHELLO GRIS AZULADO 1,0.5,1.0,False
LCLSTB045,LAPIC COLOR STABILO 1400 685 CARBOTHELLO SIENA,1.2,1.0,True
BOLPTL038,BOLIGRAFO PENTEL BK477 A NEG 0.7MM SUPER RETRAC,0.7,1.0,True
CAUXXX063,CARTULINA DUPLEX OFICIO,0.5,1.0,False
XLNHOG001,LA VIRGEN DE LAS SIETE CALLES,0.5,1.0,True
LAPLYR025,LAPIZ LYRA 303 2031002 CAFE SEPIA DUNKEL REMBRANDT,0.7,1.0,False
PDDPEL016,PINT DEDO PELIKAN MX VIO 150ML,1.2,1.0,True
FOLVIN025,FOLDER VINIFAN DOBLE TAPA OFICIO VERDE LIMON GUS,1.0,1.5,True
PBOPLI034,PAP BOND PAPER LINE ROS 75GR OFICIO,0.5,1.2,True
CAVRIC034,CARTAP VISOR RICOR 2PULG 3A A4 PLAST BLA,1.2,1.0,False
XREGES111,RELIGION 5 SEC GES 2014,0.5,1.0,True
PINPTL044,PINCEL PENTEL XGFH DFX COLOR BRUSH METALIC NAR M AMA,0.5,1.0,False
XLNGUM009,CUENTOS BREVES,1.0,1.2,False
GOMMDN003,GOMA BORRAR MADISON CON TAJADOR C/ DEPOSITO,0.5,1.0,True
PBOXXX014,PAP BOND 67X77CM 60GR BLAN,1.5,1.0,True
XLNGUM049,LA CHASCANAWI,0.5,1.0,True
XCLSIG363,ESTRELLA LAS MIL Y UNA NOCHES,0.5,1.2,False
TABLEY001,TABLERO LEYDEZ CAMPO CARTA,1.2,1.0,True
LIGXXX001,LIGAS ALI 1CM,0.5,1.0,False
XAPGES107,EXPRESION PLASTICA 1 SEC GES 2014,1.5,0.7,True
CALCAS025,CALCULADOR CASIO MX 12B WE 12DIG,0.5,1.0,True
CALCAS006,CALCULADOR CASIO FR 2650T WINCHADOR,1.2,1.0,False
XLILAT092,LEYENDAS DE BOLIVIA,1.5,1.0,False
PRRMDN005,PAP ARROZ MADISON TURQUESA 50X50CM,0.5,1.0,False
XLNGIS008,REVES DEL CUENTO - 8 EDICION,1.5,1.0,True
PDDKOR005,PINT DEDO KORES 150ML 72513 VER,1.5,1.2,False
XREEDB204,RELIGION VAMOS ADELANTE ACTUALIZADO 4 PRIM,1.5,1.0,False
XI3THO035,TROUBLE AT SEA LEVEL 6,0.5,1.0,False
PCPSAI001,PAP CREPE SAILING B CEL,0.5,1.0,False
PFOXXX003,PAP FOTOGRAF A4,0.5,1.0,True
XXELAR022,DICC SINON ANTON E IDEAS AFINES ED LAROUSSE,1.5,1.0,True
XLNHOG258,COMO VUELAN LAS MARIPOSAS,1.5,1.0,True
GOMSTB005,GOMA BORRAR STABILO 1198 60 LEGEND,0.5,1.0,True
CAUKHL011,CARTULINA KOEHLER B9664 PIEL VACA BLA 220GR,0.5,1.0,True
PBOTOP001,PAP.BOND TOP COLOR T/CARTA 80GR.PQ/500HJS,1.2,1.0,True
XLNGUM098,SANGRE DE MESTIZOS,0.7,1.0,False
BOLPRK126,BOLIGRAFO PARKER 2076058 JOTTER VERDE CLIP CROMADO,0.5,1.0,True
XCLSIG823,ABRAZOS EL PEQUEÑO OSO,1.5,1.2,True
TTMSHI003,TINT TAMPO SHINY 28ML ROJ,0.7,1.0,True
TAJXXX001,TAJADOR PLAST ESCOLAR,1.0,0.7,True
MCPSTB098,MICROPUNTA STABILO 88 31 AZU COBALTO  POINT 88,0.5,1.0,True
PCOXXX003,PAP CONTIN ANDI FORM  BLA 9 1/2X5 1/2X1 CJA3000HJ,0.7,1.0,False
XI3EDB305,I´M READY 5 PRIM N EDICION,1.2,1.0,True
CUAABC082,CUADERNO ABC ENGRAP 50HJS CUAD 5MM CCOOL ,1.2,1.0,True
PLGXXX003,PLANO GUIA CICERONE ZONA CENTRAL LP GUARACHI M,1.2,0.7,False
XI3EDB303,I´M READY 3 PRIM N EDICION,0.7,1.0,False
XREEDB205,RELIGION VAMOS ADELANTE ACTUALIZADO 5 PRIM,1.5,1.0,False
MCPSTB100,MICROPUNTA STABILO 88 33 VER PRADO POINT 88,0.7,1.0,False
PILDRC016,PILAS DURACELL CR2032,0.7,1.0,False
XLNGUM102,SIRINGA,0.7,1.0,True
BLDPEL007,BLOCK DIBUJ PELIKAN AL AL W2 10HJS170GR 594X42CM 137794,0.7,1.2,True
XMUGES106,MUSICA 6 PRIM GES 2014,0.7,1.0,False
BLPXXX010,BLOCK POST FLUOR 3X2PULG 76X51MM,1.0,1.5,False
FOLVIN026,FOLDER VINIFAN DOBLE TAPA OFICIO MORADO GUS,1.5,1.0,True
XLIBTN022,HAMLET C E D C ART 110026,0.7,1.0,False
XLIBTN015,EL DIARIO DE ANA FRANK C E D C ART,0.5,1.0,False
PAPATS001,PAPELERO ARTESCO DELUXE PLASTICO,1.5,1.0,True
XCLALB027,MIS VALORES YO LO HAGO APRENDER A SER RESPONSABLE,1.0,1.5,False
XCLATN022,EL PREGUNTON,0.5,1.0,True
MRDSTB043,MARCADOR STABILO 568 50 PEN 68 BRUSH CEREZO,1.0,0.7,False
STCAVR004,STICKERS AVERY 2006 MEDIOS DE TRANSP BL2HJS,0.5,1.0,True
XLLALG004,CALCETIN BLANCO MAMA QUIERO QUE SEAS COMO UN ELEFANTE,1.0,0.5,False
GOEXXX052,GOMA EVA LISA CAF OSC 50X70CM,0.5,1.0,False
MRDSTB058,MARCADOR STABILO 568 46 PEN 68 BRUSH NEG,0.7,0.5,False
XI3THO042,DO IT LEVEL 7,0.5,1.0,True
XQMSIN006,QUIMICA GENERAL 5 CURSO PREUNIVERSITARIO,1.5,1.0,True
BLDCNS062,BLOCK DIBUJO ACUARELA MONTVAL CANSON 12HJS 300GR 36X48CM C200807321,1.2,1.0,False
XDRSIN012,MACHAQA TAYKA KAMACHI ESP AYMARA,1.2,1.0,True
CUBADP002,CUBO PAPEL ARDIP NO 101 4 LADOS SIN HOJAS,1.5,0.7,False
XLNHOG267,UMA Y LA TIERRA DE LOS JAGUARES,0.5,1.0,False
LCLSTB054,LAPIC COLOR STABILO 1400 590 CARBOTHELLO VERDE CROMO MATE,1.2,1.5,True
XLNHOG294,MEMORIAS DE RAINY UNA AVENTURA ENTRE LAS ESTRELLAS,0.7,1.0,True
FOLVIN027,FOLDER VINIFAN DOBLE TAPA OFICIO MAGENTA GUS,1.2,1.0,False
XLGNUM001,LENGUAJE-MATEMATICA 1 PRIMARIA - NUEVO MUNDO,0.5,0.7,False
GRAMDN006,GRAPAS MADISON 23/6 CJ1000U,0.5,1.0,False
XLNPLR001,CONTRA VIENTO Y MAREA ,0.7,1.2,True
FOLMDN004,FOLDER MADISON 1490 A4 O CARTA VARILLA PLAST,0.7,1.0,False
CCODEL004,CARPETA COLG DELLO OFICIO NAR,1.2,1.0,False
LCLSTB005,LAPIC COLOR STABILO 1400 695 CARBOTHELLO AMARILLO NAPOLES,1.2,1.5,True
XCLBTN015,NOCHES DE CUENTOS ALADINO FLAUTISTA DE HAMELIN ART 2223,0.7,1.2,False
CJCUSG002,CAJA CAUDAL USIGN US 72 P LLAVES LXWXH:36 10X65 00X47 80CMS,1.0,1.2,False
PEGMNP018,PEGAMENTO MONOPOL CARPICOLA 0.9 L EN SACHET,0.5,1.2,False
XMUHOG355,MUSICA EN EL AULA 5 EDICION2020 5 PRIM,1.5,1.0,False
MRDPIL010,MARCADOR PILOT SCA TM ROJ PERM TWIN MARKER FINE DOBLE PTA,0.5,1.0,False
GOEXXX010,GOMA EVA GLITTER CAF 50X70CM,1.5,1.0,False
XLNGUM124,PACHAMAMA,1.0,1.5,True
CARMAT033,"CARTON AAA GRIS 2.0MM. (65,0 X 34,5CM.)",0.7,1.0,False
FOLDEL026,FOLDER DELLO 0233.H.0050 TOP LINE CRISTAL OFICIO,0.7,0.5,False
PLUXXX001,PAP LUSTROSO DORADO 50X70CM,1.2,1.0,True
CCTDEL027,CAJA ORGANIZADORA 2212.01.0005 DELLO MEDIA DINOSAUROS,0.7,1.5,True
XACALB051,MAGIA MENTAL,0.5,1.0,True
SETPEL010,SET LAPICES PELIKAN 2 SILVERSTAR TRIANG 1 LAPIZ  ROJO CHECADOR,1.2,1.0,False
MRDXXX005,MARCADOR GRUESO COLOR AZUL,1.2,1.0,True
XCLSIG834,YO MANEJO TREN DIVERTIDO,1.2,1.0,True
XLIGUM051,SELECCION DE CUENTOS DE OSCAR WILDE,1.2,0.5,False
XLLALR032,CIEN POEMAS PARA NINOS ED 2018 ED ECON,1.2,1.0,True
XLIATN028,ASSASSIN'S CREED 9 - HEREJIA,1.5,1.0,False
FOLDEL118,FOLDER DELLO 0244.P.0050 DELLOFINE NEG. LOMO 4 CMS ALA OFICIO,1.5,1.2,False
DETVER001,DETECTOR VERICASH VC16M,0.5,1.2,False
PMRLAP003,PAP.MARQUI. LAPAP. 135GR.T/OFICIO (PQ/500),1.0,0.7,True
ENGISO004,ENGRAPADOR ISOFIT CI 1200 CAP 100HJS SEMI INDUST,0.5,1.0,False
XLNHOG293,UMA Y EL SECRETO CORAZON,0.7,1.0,True
CCHLEY002,CUCHILLA LEYDEZ 2035 GRUESA METAL,0.7,1.0,True
PLAPEL026,PLASTILINA PELIKAN MX 180G VER NEON 06700127,0.5,1.0,False
XCLSIG765,MIS AVENTURAS DIFERENTES TITULOS,1.5,1.0,False
LAPLYR073,LAPIZ LYRA 2054100 REMBRANDT CHARCOAL HB ,1.5,1.0,True
FOLOXF010,FOLDER OXFORD SER 1 YEL CARTA AMA PERSONAL 5DIV,1.2,1.0,True
XCLEDB207,UN CUENTO PARA CADA DIA JULIO,1.2,1.0,False
RESPEL004,RESALTADOR PELIKAN MX 725 VER TEXTMARKER,1.5,1.0,True
JUEART010,JUEGO ARTI TACJUEDI087 VAQUITA MADERA,0.7,1.5,True
XCLSIG875,BARRILETE AZUL POLLO PRIMOR COD 0016BZ0050,0.7,1.0,False
SETPTL002,BOLIGRAFOS PENTEL BX427 2 AZU 1 ROJ 0.7MM FEEL IT,0.5,1.0,False
MCPPTL046,MICROPUNTA PENTEL BX155B BX ROJ 0.5MM VICUÑA,1.2,1.0,False
CARXXX010,CARTON GRIS TAMAÑO CARTA,0.7,1.0,False
CAVRIC022,CARTAP VISOR RICOR 1.5PULG 2A CARTA PLAST DIF COLOR,0.5,1.0,True
PPIXXX002,PORTA CUBO AL TEJIDO,1.2,1.0,True
PEGINS001,PEGAMENTO AAA CLEFA 1 KG.,1.5,1.0,True
RPECRL009,RPTO PERFORADOR CARL HD 410MD AGUJA,1.0,1.5,False
CNEFST004,CINTA EMBAL FIVE STICK TRANSP 250YDS,0.5,1.0,True
LAPSTD031,LAPIZ STAEDTLER 100 - 8B NEG. LUMOGRAPH,0.7,1.2,False
CORXXX003,CORRECTOR CINTA,1.2,1.0,True
XI3HOG322,HELLO 2 2SEC 2019,0.5,1.0,True
PBOMAT053,PAP.BOND AAA BOBINA 75 GRS / 87 CMS PBO,1.5,1.0,True
CAUMAT026,CARTULINA AAA TRIPLEX 225 GR.(67 X 87 CM.),0.5,1.0,False
XCACOQ004,CALIGRAFIA 4,1.2,1.0,False
XCLALB011,MIS VALORES ES MIO APRENDER A SER GENEROSO,0.5,1.0,False
MRJSTB010,MARCADOR JGO STABILO 568 24 PEN 68 BRUSH CJA24U,0.7,1.0,True
XI3THO026,THE BEAR`S MOUTH LEVEL 5,0.7,1.0,False
TBTEST039,TARJ BAUTIZO ESTRE COL BZ 1020 COLIT NIÑA,1.5,1.0,False
SETPTL001,BOLIGRAFOS PENTEL BX427 AZU NEG ROJ 0.7MM FEEL IT,1.5,1.0,True
SETPTL003,BOLIGRAFOS PENTEL BX427 3 AZU 0.7MM  FEEL IT,1.2,1.0,True
XCPLAL007,DIVERSIONES NAVIDENAS 1994,0.7,1.0,False
ALAMAT005,ALAMBRE AAA RECUBIERTO 1.2 BLANCO,0.5,1.0,False
CARMAT036,"CARTON AAA GRIS 1.8MM. (21,8 X 45,5CM.)",0.5,1.5,False
PBOMAT052,PAP.BOND AAA BOBINA 75 GRS / 77 CMS PBO,1.2,1.0,False
XCCLIT097,CUANDO DUELE EL CORAZON V&R,1.0,1.5,True
TCRABC001,TAPA CARPETA CARTON,0.7,1.0,True
XCCLIT071,SEGUIRAS SIENDO MI AMOR,0.7,1.0,True
XI3THO034,DOES HE LOVE ME? LEVEL 6,0.5,1.5,False
XLNHOG141,EL ABRIGO DE MATILDE,1.5,1.0,False
XLNHOG291,PABLO PABLOVSKY ADOLESCENTE MUTANTE,1.2,1.0,True
XCLALG092,CARTERA DE VALORES LOS GUARDIANES DEL BOSQUE,0.5,1.0,False
XLNSIN111,GUALBERTO VILLARROEL,1.5,1.0,False
XCLSIG723,PANCITAS LILI LA RANA,1.2,1.0,False
LCLLYR055,LAPIC COLOR LYRA 3831120 GROVE TRIPLE1 JGO12U 10MM,1.2,1.0,True
PBOXXX110,PAP BOND BLA 60 63GR DOBLE OFICIO,1.2,1.0,True
JUEBLM001,JUEGO TANGRAM PLASTICO,0.5,0.7,True
PEGMIL001,PEGAMENTO MILCAR CARPICOLA 250ML,1.5,0.5,False
XLNGUM082,OLLANTAY,0.5,1.0,True
PINTLB005,PINCEL TALBOT T PR NO 2 REDONDO,0.5,1.0,True
LCLSTB024,LAPIC COLOR STABILO 1400 726 CARBOTHELLO GRIS AZULADO 4,0.7,1.0,False
XQMGES103,QUIMICA 3 SEC GES 2014,1.5,1.0,True
XQMGES107,GUIA DE QUIMICA  3 SEC,1.5,1.0,True
MALMAP001,MALETA CREATIF 10 MOTIVOS 601010,1.2,1.5,False
BLDCNS064,BLOCK DIBUJO CANSON 30HJS 90GR A3 C400015586,0.7,1.0,True
PCOXXX004,PAP CONTIN ANDI FORM BLA 9 1/2X11X1 CJA3000HJ,0.7,1.0,True
XCACOQ001,CALIGRAFIA 1,0.5,1.0,True
XLNGUM159,MI COMPADRE EL MINISTRO LA BIRLOCHA DE LA ESQUINA,1.5,1.0,False
TIZXXX004,TIZA BLANCA,0.7,1.0,False
PTTLEY004,PORTATITULOS AZU OFICIO UMSA DOBLE,0.7,0.5,True
PTFTNP021,PLASTOFORM TECNOPOR 0.5CM (50X100)CMB/100H.,1.0,0.7,True
FOLDEL151,FOLDER DELLO 6040.H.0030 CLIP A4. CRISTAL,0.7,1.0,True
MRAPTL020,MARC AGUA PENTEL MW60M A NEG EASYFLO RECARG,1.2,0.5,True
ESDLYR009,ESCUADRA LYRA 4074 50CM 45 ORLOW,0.5,1.0,False
FOLOXF103,FOLDER OXFORD 29900235 CARTA AZUL PORTA CERTIFIC,0.7,1.0,True
GARGBC055,GARRA GBC BATES M080791 NEG 3810MM 1 1/2PULG LARGO 54CM,0.7,1.0,True
XCLALR028,150 CUENTOS PARA NINOS FASC NO 18,1.5,1.0,False
XLNGUM028,EL PRESIDENTE COLGADO,0.7,1.0,False
CAVTLB007,CARTAP VISOR TALBOT 1.5PULG 2A TIPO D OFICIO T-10421 PLAST AZUL,1.2,1.0,True
JUEART024,JUEGO ARTI TAC034-2 NIEVE MAGICA BEACH PARTY,0.5,1.0,False
CUAABC130,CUADERNO ABC EMPAST 1/2 OFICIO CUAD 4MM 100HJS,0.5,1.0,True
PCIXXX009,PAP COPIA OFICIO BLA,0.5,1.0,False
XCLSIG859,TEXTURADOS LA LUNA DE BUNI COD 0583TU0030,0.5,1.0,True
BLDCNS007,BLOCK DIBUJO MI TIENTES CANSON ESP 16HJS 160GR 24 X 32 CM C400030148,1.5,1.0,True
PCBXXX002,PAP CEBOLLA 90 95GR 43X33CM,1.5,1.0,False
PINTLB004,PINCEL TALBOT T PR NO 0 REDONDO,0.5,1.0,True
ESPXXX014,ESPIRAL 50MM PLAST(15UNID),1.2,1.0,False
PBOTOP002,PAP.BOND TOP COLOR T/OFICIO PQ/500HJS,0.5,1.0,True
CAVTLB009,CARTAP VISOR TALBOT 2 PULG 3A TIPO D OFICIO T-10424 PLAST BLA,1.2,0.7,False
XCLEDB211,UN CUENTO PARA CADA DIA NOVIEMBRE,1.2,1.0,False
PIZTLB002,PIZARRA ACRILICA TALBOT T-38621 040X060MM MAGNETICA,1.5,1.0,False
CLMATS001,CLIP MARIPOSA ARTESCO 65MM CJ12U,1.2,1.0,True
LCLSTB070,LAPIC COLOR STABILO 8774 6 JGO24U ESTUCHE METAL,0.5,1.0,True
CAVTLB008,CARTAP VISOR TALBOT 1 PULG 2A TIPO D OFICIO T-10418 PLAST AZUL,1.0,0.7,False
XCLSIG861,TEXTURADOS LA VACA TIMIDA COD 0583TU0040,1.5,1.0,False
TTMPEL005,TINT TAMPO PELIKAN MX ROLL ON ROJO 60ML,0.7,1.0,True
XCLEDB209,UN CUENTO PARA CADA DIA SEPTIEMBRE,0.7,1.0,True
XCLEDB212,UN CUENTO PARA CADA DIA DICIEMBRE,0.7,1.0,False
XCPSIG067,PINTAR MANDALAS A B C D,0.7,1.0,True
GRIKEY002,GRIP P/LAPIZ KEYROAD KR972391 FCO DE 48UNI,1.5,1.0,False
PSSPTL002,PASTELES PENTEL PTS 7 JGO7U FABRICFUN,1.5,1.0,False
PREDEL014,PORTAREVIS DELLO 6023.P.0006 DELLOCOLOR NEG.,0.7,1.0,False
XCLSIG725,PANCITAS ROLI EL CERDITO,1.0,1.2,False
XCLSIG785,MARINOLAS EL PINGUINO HAMBRIENTO,0.7,1.0,True
XLNGUM125,JULIAN TUPAJ KATARI,1.2,1.0,True
XLIHPE044,ESTRATEGIA EN EL AJEDREZ,0.7,1.0,True
XAPGES104,EXPRESION PLASTICA 4 PRIM GES 2014,0.7,1.0,True
XLLALB053,ULTRACALAVERA ZOMBIS EN LA RED,0.7,1.0,True
XCLALB017,PEQ GRANDES GENIOS ALEJANDRITO Y LA MAQUINA DE HABLAR,0.7,1.0,True
PINMDN012,PINCEL MADISON NO16,1.0,1.5,False
XLITEX023,AJEDREZ ESENCIAL,0.5,1.0,False
XCLEDB210,UN CUENTO PARA CADA DIA OCTUBRE,1.2,1.0,False
XLNSIN093,LA FAMILIA DE LEHI,1.5,1.0,False
PBOPLI101,PAP BOND PAPER LINE NARSAFFRON 75GR CARTA PQ500HJS,0.5,1.0,True
XCLALB005,SENTIMIENTOS ME SIENTO SOLO,1.2,1.0,True
XLLSIG075,TELARAÑA ANIMALIOS,1.0,1.2,True
ETQPGS005,ETIQUETAS PEGASOLA 3160 AMA LOMO,0.7,1.0,False
XLLSIG096,TELARAÑA TERROR EN DIABLO PERDIDO,1.0,0.7,True
XLNGUM126,TUPAJ KATARI,0.5,1.0,False
MCPSTB093,MICROPUNTA STABILO 88 22 AZU PRUSIA POINT 88,1.0,1.5,True
XACALB092,AUMENTAR LA CAPACIDAD INTELECTUAL,0.5,1.2,True
XCLSIG873,BARRILETE AZUL EL REY MIO COD 0016BZ0030,1.5,0.5,False
XHSPAI001,EL PODER CORPORATIVO Y LA CAIDA DE EVO,1.5,0.5,True
XCLALB009,MIS EMOCIONES TENGO CELOS,0.5,1.0,True
HJCABC009,HJA CARPETA ABC 4 PERF A4 RAY PQ100HJS,1.2,1.0,False
XMUGES105,MUSICA 5 PRIM GES 2014,0.5,1.0,True
XCLBTN002,VOY CRECIENDO DESCUBRO EL MUNDO ART 2107,1.2,1.0,True
XLNHOG068,DICEN QUE EN MI PAIS,0.5,1.0,True
CAUCNS103,CARTULINA CANSON MI TEINTES AZUL 50X65CM 160GR 102  C200321294,1.2,0.7,False
MRJSTB011,MARCADOR JGO STABILO 568 25 PEN 68 BRUSH CJA25U EST METAL,0.5,1.0,False
XGESIN012,LA PAZ ENTRE CIELO Y TIERRA,1.5,1.0,False
PBOLEY201,PAP BOND LEYDEZ BLA 75GR CARTA MEDIO MICRO PERF PQ500HJS,1.5,0.5,True
XLIEBB004,INTUICION EDICIONES B,0.7,1.5,True
XLLEVE007,EL DADOR 1996,1.2,1.0,False
PEGXXX004,PEGAMENTO SILICONA BARRA GRUESA,0.7,1.2,False
LRGABC004-B,LIBRO REGIS ABC ACTAS 100 HJS OFICIO,0.5,1.0,True
PINPTL043,PINCEL PENTEL XGFH DDX COLOR BRUSH METALIC VER M AZU,1.2,1.0,False
XI3HOG326,HELLO 6 6 SEC 2019,1.0,1.5,False
XCLEDB208,UN CUENTO PARA CADA DIA AGOSTO,1.0,1.2,True
FOLMLC003,FOLDER MILCAR CARTON. OFICIO T/CAJITA C/LIGA,1.2,1.0,True
XCLALG030,EL BAUL DE LOS MONSTRUOS LA MOMIA,1.5,1.2,False
XDIALB006,DE LA A HASTA LA Z,1.2,1.0,True
XLIGIS014,TRAPIZONDA - 11 EDICION,1.2,1.0,True
PFOXXX005,PAP FOTOGRAF A4 MATE,0.7,1.0,False
XACALB084,EL GRAN LIBRO DE LOS JUEGOS,1.0,0.7,True
XACALB032,VALORES YO NO FUI,0.5,1.0,True
XCLSAN003,LA CASILLA VACIA ALFA,1.2,0.5,True
XMUALB001,MUSICA PARA CURIOSOS,0.5,1.0,True
PINTLB007,PINCEL TALBOT T PR NO 6 REDONDO,0.5,0.7,False
XACLAR008,COLEC 40 FANTASTICOS EXPERIMENTOS,1.5,0.5,True
XBGGES103,BIOGEOGRAFIA 3 SEC GES 2014,1.5,1.0,False
XXINEX001,DICC ESPAÑOL INGLES INTELIGENTE,0.5,1.0,False
XCLATN048,101 DALMATAS,0.5,1.0,True
PBOKHL003,PAP BOND KOEHLER BLAN CARTA 90GR TRAMADO,0.5,1.0,False
XLISIN020,LAS PROFECIAS DE BOLIVIA,1.0,1.2,False
XBBALB001,MI PRIMER LIBRO DE BIBLIA,1.2,1.0,False
PSESWA015,PAP SEDA 7102 VIOL NO18 50X75CM,1.5,0.5,False
XMUHOG352,MUSICA EN EL AULA 2 EDICION2020 2 PRIM,1.2,1.0,False
XLIEDS003,CUENTOS,1.5,1.0,True
XCLALG084,ALBUMES ILUSTRADOS LA SOPA DE TOMAS,1.5,1.0,True
ESPXXX006,ESPIRAL 20MM PLAST(50UNID),0.5,1.0,False
XLLALG041,CALCETIN ROJO CASTIGADO SIN LEER,1.5,1.0,True
ETQAVR163,ETIQUETAS AVERY EM3570V VER 35X70MM BL9HJS HOJA 4ETQ,0.5,1.0,True
PLFPRK071,PLUMAFUENTE PARKER 1931597 URBAN METRO METAL CLIP CROMADO ,0.5,1.0,False
XACALB106,ADIVINANZAS,1.5,1.0,True
LAPKOH019,LAPIZ KOH I NOOR 161 V NEG,1.2,1.0,True
CUAMOT001,CUADERNO MONT MARTE DE  DIBUJO A4 150 GR 100 HJS SKETCHING JOURNAL,1.5,1.0,True
PBOPLI127,PAP BOND PAPER LINE FUCSIA 75GR CARTA,1.5,1.0,False
XCISIG086,ASQUEROSOLOGIA ASQUEROSOLOGIA DE LA CABEZA A LOS PIES,1.5,1.0,True
XLIGUM038,ROMEO Y JULIETA,0.7,1.0,False
XLIEDA001,EL CONTRATO SOCIAL 1982,0.5,1.0,False
CCDXXX006,CD PRINCO 700MB 80MIN,0.7,1.2,True
FOLXXX023,FOLDER CREMA OFICIO CARTULINA 230GR,0.7,1.0,True
ESPXXX002,ESPIRAL 09MM PLAST(100UNID),0.7,1.0,True
LPLXXX001,LAMINA PLASTIFICAR,1.2,1.0,False
XLNSIN002,OOH DON ALONSO,1.2,1.0,True
GOMSAP002,GOMA BORRAR SABONIS TRIANGULAR BLANCO 303,0.5,1.0,True
XCLALG081,LA PANDILLA PANTALLAS Y MUCHO MAS,0.5,1.0,True
XCLALB008,MIS EMOCIONES ESTOY TRISTE,1.5,1.0,True
XCLSIG677,COMPRENDAMOS LA FAMILIA DE LAURA,0.5,1.0,False
XCLSIG660,COMPRENDAMOS CONTIGO SIEMPRE,0.7,1.0,False
XCACOQ021,CALIGRAFIA DE LOS NUMEROS,0.7,1.5,False
XCLBTN044,RINCON FANTASIA PULGARCITO ART 2025,0.5,0.7,True
XAUSIN003,RELACIONES HUMANAS 4 SU MAJESTAD EL PERSONAL DE SER,0.7,0.5,True
XCCSAN126,LA DONCELLA DEL BARON CEMENTERIO,1.5,1.0,True
PINTLB008,PINCEL TALBOT T PR NO 10 REDONDO,0.5,1.0,True
CORXXX002,CORRECTOR LIQUIDO 18ML,1.2,1.0,True
PINTLB006,PINCEL TALBOT T PR NO 4 REDONDO,0.7,1.0,True
XHSSIN008,BOLIVIA SU HISTORIA A LOS OJOS DE UN PATRIOTA,1.2,1.0,True
XPSHOG301,PSICOLOGIA 1 N EDICION 1 SEC 2015,1.5,1.0,False
XLLSIN003,MAGOG,1.5,1.0,True
PLFPEL023,PLUMAFUENTE PELIKAN AL 806251 TWIST ROSE METALIC,0.5,1.0,False
XLIDIA007,MUJER LUCHA POR TU SER,1.5,1.2,False
XLLSIG066,TELARAÑA LOS TIOS DEL QUINTO INFIERNO,0.7,1.0,False
CATRIC006,CARTAP RICOR 2A LISO OFICIO PLAST COLOR,0.5,1.2,True
MRDSTB009,MARCADOR STABILO 146 156 40 ROJ PERM F CD,1.2,1.0,True
XLIATN032,SOMOS DIFERENTES,0.5,1.0,False
GOEXXX134,GOMA EVA DISEÑO LEOPARDO 50X70CM LE3413,0.5,1.0,True
PDUFST003,PORTADIUREX FIVE STICK EMBALAJE CON MANGO,1.0,1.5,True
XLIEDS006,NOVELAS EJEMPLARES,1.5,1.0,True
XXELAR033,DICC AMERICANO DE DUDAS LENGUA ESPANOLA,0.7,1.0,False
XLNHOG274,UMA Y EL FUEGO MISTERIOSO,0.7,1.0,False
XLIEDS004,EL CONDENADO POR DESCONFIADO,1.0,1.2,False
FOLDEL033,FOLDER DELLO 0234.U.0050 TOP LINE ROJ. LOMO 2 CMS OFICIO,1.2,1.0,False
XLLSIG005,ESTRELLA LA ILIADA Y LA ODISEA,1.5,1.0,False
XLLALG009,CALCETIN BLANCO EL CUENTO DE LA CARTERA,0.5,1.0,False
CLAOXF001,CLASIFICADOR OXFORD 011911 A Z 21 SEP,1.5,1.2,False
XLNHOG088,LA SONRISA CORTADA,1.2,1.0,False
XMUGES102,MUSICA 2 PRIM GES 2014,0.7,1.0,True
GRAXXX011,GRAPAS 24/6 CJ1000U ZINC,0.5,1.0,False
BLPMXO001,BLOCK POST MAX OFFICE BANDERITAS JGO5COL,1.5,1.0,False
CAUXXX066,CARTULINA ESCOLAR 150GR BLA 65X100CM,0.7,1.0,True
XXILAR023,DICC KEY WORD CHAMBERS ENGLISH LAROUSSE,0.7,0.5,False
BSAGHY002,BOLSA GHYS MEDIANA,0.7,1.0,False
XLNGUM120,ALTIPLANO,1.5,1.0,True
CARDEL001,CAJA ARCHIVO DELLO 0329.BP.0005 DELLOCOLOR AZU. PASTEL,1.5,1.0,False
BOLPRK135,BOLIGRAFO PARKER 2123508 SONNET 51 ACERO INOX TURQ CLIP CROMADO,1.2,1.0,False
PBOEJE001,PAP BOND   BLAN CARTA EJECUTIVE  75GR,0.5,1.0,False
XCLALG049,MALETA MAGICA LA DECISION DE VALERIO,1.0,1.2,True
PIJGAT003,PAP INK JET GATEWAY OPAQUE MONO 90GR OFICIO,1.2,1.5,True
ROTDYM010,ROTULADOR DYMO 1749027 LETRA TAG LT100H AZU,1.5,1.0,False
TARGHY002,TARJETA GHYS MEDIANA,1.0,1.2,True
XCLALB018,LOS HERMANOS WRIGHT Y LA MAQUINA DE VOLAR,0.7,1.0,True
XLNHOG257,LA RELIQUIA DE LA MADONNA,1.0,0.7,False
XAUSIN002,RELACIONES HUMANAS 3 COMO GANARSE A LA GENTE,1.5,0.7,False
PINPTL031,PINCEL PENTEL ZBS6-02E N° 2 PELO CABRA PLANO,1.2,1.0,False
BOLPRK128,BOLIGRAFO PARKER 1953197 JOTTER CROMADO DISEÑO CLIP CROMADO,1.0,1.2,False
TARGHY001,TARJETA GHYS GRANDE,0.7,1.0,False
XLIBTN002,20 000 LEGUAS DE VIAJE SUBMARINO LITER CLASICA ART 11339,0.7,1.0,False
BOLPRK103,BOLIGRAFO PARKER 1931497 SONNET LAQUE NEG CLIP DORADO,1.2,1.0,False
XLNGUM149,LA LITERATURA DE LOS QUECHUAS,1.5,1.0,False
MCPEFA002,MICROPUNTA E FABER 60274 VER PINPOINT,1.5,1.0,True
LCLLYR074,LAPIC COLOR LYRA 3721180 JGO18U SUPER FERBY CAJA METAL,0.7,1.0,True
XLIEDA004,DISCURSO DEL METODO 1982,1.2,1.0,False
XLIEDS005,POESIAS,0.5,1.0,True
TIJMAP012,TIJERA MAPED 473112 SECURITY ,1.2,1.0,True
XGRATN003,GUIA DE CONVERSACION ITALIANO,0.5,1.0,True
BOLFBC003,BOLIGRAFO FABER CASTELL AZU 034 LUX,1.2,1.0,True
XLIZET009,BUENA SUERTE ED ZETA,0.5,1.0,True
XLIEBB001,CROSS EDICIONES B,1.2,1.0,True
XACLAR022,EL PEQUEÑO CIENTIFICO MORDER Y MASTICAR,0.7,1.0,False
XCLSIG044,SEGUNDA LECTURA EL CUMPLEANOS DEL SOL Y PELEA DE,0.7,1.0,True
PAGXXX003,PAP GAMUZA NAR 40X60CM,1.0,1.2,True
XCLSIG112,VARITA MAGICA GULLIVER EN EL PAIS DE LOS ENANOS,1.0,0.5,False
GOEXXX143,GOMA EVA DISEÑO ANIMAL PRINT 50X70CM MOD18 LE3502,1.2,1.0,True
XLIJUV008,JANE EYRE 1996,0.5,1.0,False
XI3THO041,LOVE ONLINE LEVEL 7,1.5,1.2,False
XLIATN005,LAS AVENTURAS DE SHERLOCK HOLMES,0.5,1.2,True
XACALB035,SENTIMIENTOS QUE ME IMPORTA,1.5,1.0,False
ENGSTU001,ENGRAPADOR STUDMARK MINI 26/6 24/6,0.7,1.2,True
XLNHOG300,PARALELO,1.2,1.0,True
XLLALF062,LA ISLA SOÑADA,1.2,1.0,False
XCLSIG494,SE LEER PETER PAN,1.2,1.0,False
XPISIN001,SAPOS WHAKABOLAS Y ALGUNAS K ALANCHAS MAS,1.5,0.5,False
ARCLEY027,ARCHIVADOR LEYDEZ 1/2 PALANCA ROJ PLAST,0.7,1.0,False
XTMSIN002,DE LOS ANDES A LA AMAZONIA,1.0,1.2,True
XLIEDY002,NAHUI OLIN,1.5,0.5,True
ENGMDN001,ENGRANPADORA MADISON  NO. 10,1.5,1.0,False
CLPXJL001,CLIP METAL XIN JIU LONG 78MM CJ50U,0.7,1.0,True
GOEXXX147,GOMA EVA DISEÑO ANIMAL PRINT 50X70CM MOD7 LE3406,1.2,1.0,True
291,PAPEL BOND BLANCO CARTA DE 75 GR,0.7,1.0,True
XREHOG410,VALORES ESPIRIT Y RELIG 4 SECUNDARIA EDICION 2021,1.5,1.0,True
CNRDYM025,CINTA ROTUL DYMO 45011 1/2PULGIMPRESO AZUL EN CINTA TRANSP,1.5,1.0,True
XLIPLA011,NARNIA 6 LA SILLA DE PLATA,0.7,1.0,True
TARGHY003,TARJETA GHYS CHICA,0.7,1.0,True
XCLSIG849,PICHONES FORMAS COD 0510PI0040,1.5,1.0,False
REGTOD001,REGLA TODY T9000T 30CM PLAST,0.7,1.2,False
XCLSIG712,HILO INFINITO LA LLUVIA VIENE LLEGANDO,0.7,1.0,False
XCISIG071,MUNDO PREHISTORICO LA VIDA EN EL CRETACICO COD 0018MP0040,0.5,1.0,True
CAUPEL005,CARTULINA PELIKAN MX FLUOR PAPAYA 48X66CM,0.7,1.2,True
XLLSIG103,TELARAÑA CRONICAS DE ORION,0.5,1.0,False
XCLSIG710,HILO INFINITO UN TIGRE DE MENTIRA,1.5,1.2,False
XCLBTN040,RINCON FANTASIA BLANCANIEVES Y LOS ART 2021,1.2,1.0,False
XCLSIG042,PRIMERA LECTURA EL GALLO SIN CRESTA AYER CUM,1.2,1.0,False
PBOEJE002,PAP BOND BLAN OFICIO EJECUTIVE 75GR,1.5,1.0,True
DVDVBT017,DVD VERBATIM 95313 MINI DVD+R DL 24X 26GB 55MIN,1.5,1.2,False
FOLDEL095,FOLDER DELLO PLAST OFICIO 0254.A.0050 AMARILLO C. LIGA,0.5,1.0,False
BROABL006,BROCHE LATA ABEL 00308 NO8,1.0,0.5,True
MRDPEL039,MARCADOR PELIKAN MX 740 VER PERM,1.2,1.0,True
MCPSTB108,MICROPUNTA STABILO 88 56 ROSA POINT 88,0.7,1.5,True
CCOPND020,CARPETA COLG PENDAFLEX 4152 AZUL CARTA,1.2,1.0,True
MCPSTB089,MICROPUNTA STABILO 88 13 VER HIELO POINT 88,0.5,1.0,True
GRACEN002,GRAPAS CENTRUM  NO 10 CJ1000U,1.0,0.5,True
XCLSIG881,HILO INFINITO MANUSCR LA DRAGONA SANDRA ,1.2,1.0,False
CCHSTU001,CUCHILLA STUDMARK  GRUESA PLAST,1.2,1.0,True
XACALB094,DESAFIAR LA MEMORIA,1.2,0.5,True
XLIATN029,ASSASSIN'S CREED 7: UNITY,1.5,1.0,False
XCLATN064,VOY A ESPERARTE JUGANDO,0.5,1.0,False
XLNGUM054,LA NINA DE SUS OJOS,1.5,1.0,True
XEDALG003,10 IDEAS PARA SALVAR EL PLANETA,0.7,1.0,False
MRJPEL013,MARCADOR JGO PELIKAN MX MARKATODO NORMAL JGO6U,1.2,1.0,True
XCLALG019,EL BAUL DE LOS MONSTRUOS EL VAMPIRO,1.5,1.0,False
XLLSIG098,TELARAÑA SEPTIEMBRE,0.5,1.0,True
XCLALG029,LA HUIDA DEL MAR,1.5,1.0,False
XCLALG044,MALETA MAGICA SARA HACE PREGUNTAS,0.5,0.7,True
CCHISO007,CUCHILLA ISOFIT 150 METALICA DELGADO,0.7,1.0,True
BLPHOA034,BLOCK POST HOPAX S21598 50MMX20MM 6 COLORES 30  X COLOR,1.5,0.7,False
LCLSTB026,LAPIC COLOR STABILO 1400 704 CARBOTHELLO GRIS CALIDO 3,1.2,1.0,False
LCLSTB028,LAPIC COLOR STABILO 1400 708 CARBOTHELLO GRIS CALIDO 5,0.7,1.0,True
LAPXXX003,LAPIZ SUPER SERGI AZUL,0.5,1.0,False
XHSGUM013,ORIGENES DE LA REVOLUCION NACIONAL BOLIVIANA,1.2,1.0,False
XLNGUM152,LEYENDAS QUECHUAS,1.0,0.7,True
BOLFBC008,BOLIGRAFO FABER CASTELL NEG 034 LUX,0.5,1.0,True
XACALB095,EQUILIBRAR LA MENTE,1.5,1.0,False
TIMEPS041,TINT IMPR EPSON 664 CYAN,0.7,1.0,False
XLIBYB016,CONDENA PERPETUA ED BYBLOS,1.2,0.7,True
INDATS003,INDICE DIR ARTESCO 0015 904 D TELEF,0.5,1.0,False
XCISIG084,ASQUEROSOLOGIA ASQUEROSOLOGIA DEL BAÑO A LA COCINA,0.7,1.0,True
TARGHY007,TARJETA GHYS REGALO X 3,1.5,0.5,True
HTPABC020,HJA TRAPPER ABC NEGRO 5 PERF RAYADO PQ200HJS,0.5,0.7,False
TPIPTL012,TINT PINCEL FP10BP6A CARTUCHO NEGRA PARA GFKP3BPA,1.2,1.0,False
TIMEPS042,TINT IMPR EPSON 664 MAGENTA,0.5,0.7,True
XCLALG026,MALETA MAGICA LA BRUJA DESDENTADA,1.5,1.0,True
XCLALG002,MALETA MAGICA UN FANTASMA EN APUROS,1.2,1.5,True
BLPMXO002,BLOCK POST MAX OFFICE FLUOR 3X3PULG 76X76MM,0.7,0.5,True
PLFPRK038,PLUMAFUENTE PARKER 1931505 SONNET ACERO INOX CLIP DORADO M,1.5,1.0,True
XLLANB005,LAS AVENTURAS DE TOM SAWYER 1986,1.2,1.0,True
XLLALG008,CALCETIN BLANCO UN SOMBRERO ANDA SUELTO,0.5,1.0,False
XMASIN019,GEOMETRIA VOL I COL COMUNIDAD OLIMPICA,0.5,1.0,False
XLIATN021,ROBINSON CRUSOE BIBLIOTECA CLASICA,1.0,1.2,True
XLIMEX001,DIALOGOS DE PLATON 1992,1.0,1.5,False
LIGALL007,LIGAS ALLIANCE NO19 DE 1/4 LIBRA,0.7,1.0,False
XLNSIN124,WARISATA LA ESCUELA AYLLU,1.2,1.0,True
CAUXXX013,CARTULINA 180GR NAR 70X100CM,1.5,1.0,False
PAPDEL011,BANDEJA DELLO TRIPLE ARTIC. 3044.H.0004 CRISTAL,0.5,1.0,False
CAEXXX002,CALENDARIO 2012 PARED MAMANI MAMANI,0.5,1.0,False
MCPMON002,MICROPUNTA MONAMI AZU SUPER ROLLER 0.5,0.7,1.0,False
PCATIX002,PAP CARBON TIXO AZU OFICIO,1.0,0.7,False
BOLPEL048,BOLIGRAFO PELIKAN MX POINTEC FINO AZUL 0.7MM,0.7,1.0,True
TIMEPS040,TINT IMPR EPSON 664 NEGRO,1.5,1.0,True
TIMEPS043,TINT IMPR EPSON 664 YELLOW,1.5,1.0,False
XCLALG033,MALETA MAGICA LA SOMBRA DE LAURA,0.5,1.0,False
XCLALG047,MALETA MAGIVA QUE ICA!,1.0,0.7,False
XXILAR014,DICC AMERICAN POCKET CHAMBERS ING LAROUSSE 1999,0.7,1.2,True
XI3THO019,I SPY LEVEL 4,1.2,1.0,True
CALRDR001,CALCULADOR RDR MX 120S 12 DIG,1.5,1.0,True
CAUXXX010,CARTULINA 180GR FUCSIA 70X100CM,0.5,1.2,True
XCLALG048,MALETA MAGICA LA NARRADORA DEL DESIERTO,1.2,1.0,False
XCLALG051,MALETA MAGICA MI ABUELO ES UNA GATA,1.5,1.0,True
CAUXXX016,CARTULINA 180GR TURQUEZA 70X100CM,1.0,1.5,False
CAUXXX020,CARTULINA 180GR VIO 66X96CM,1.2,1.0,True
PCOIND001,PAP CONTIN INDUFOR BLA 9 1/2X11X2,1.2,1.0,False
CAUXXX018,CARTULINA 180GR VER MANZ 70X100CM,1.5,1.0,True
PFOXXX002,PAP FOTOGRAF A4 ADHESIVO,1.5,1.0,False
XMASIN016,ALGEBRA VOL I COL COMUNIDAD OLIMPICA,0.5,1.0,True
XCLALB036,DE ROSA Y AZUL,1.5,1.0,True
XI3THO018,QUICK THINKING LEVEL 3,1.2,1.0,True
MCHHRL005,MOCHILA HERLITZ MIDI FORMULA 1 11280252,0.7,1.0,True
XCLALG043,MALETA MAGICA RITA NO QUERIA SER UNA NIÑA,1.2,1.0,True
CATMEA027,CARTAP MEAD 29250 FIVE STAR 1PULG 3A,0.7,1.0,True
XACALB098,ORIGAMI FLORES,0.5,1.0,False
XCLATN027,EL VIENTO EN LOS SAUCES,0.7,1.0,True
XLNHOG237,EL MUNDO DE LOS BUCEFALOS,1.5,1.2,True
FOLXXX026,FOLDER PLAST OFICIO DIF COLOR. C. LIGA,0.5,1.5,False
XCLALB043,GARRA DE VELOCIRAPTOR,1.0,1.5,True
XCLSIG045,SEGUNDA LECTURA EL GALLO QUIQUIRICO LOS ZANCOS,1.2,1.0,True
XACABC001,MANDALAS 12 FICHAS 21X21CM,0.7,1.0,False
XI3THO031,NO YOU CAN´T! LEVEL 6,0.7,1.2,True
XI3THO028,WHERE`S LORENA? LEVEL 5,1.2,1.0,False
CNRDYM005,CINTA ROTUL DYMO 91332 AMA LETRA TAG 1/2PULG O 12M X 4M,1.2,0.5,True
XACALB087,TRABALENGUAS CON LOS CUENTOS CLASICOS,0.5,1.0,False
XLLSIG050,CLASICOS JUVENILES CANTOS DE VIDA Y ESPERANZA,0.5,1.0,True
BSAXXX006,BOLSA PLAST TRANSP ZIPPER 18X25,0.5,1.0,False
JUEART023,JUEGO ARTI TAC034-1 NIEVE MAGICA DINO WORLD,1.2,1.0,False
TPLPEL010,TINT PLUMAF PELIKAN AL 4001 VER 30ML,0.5,1.0,True
XCLEDS022,EL CORSARIO NEGRO COL GRANDES AVENTURAS,0.5,1.0,True
PADXXX009,PAPEL ADHESIVO CARTA MATE,1.2,0.7,False
GOEXXX119,GOMA EVA GLITTER OFICIO ADHESIVO ROSA,0.5,1.0,False
XLLATN008,EL VELERO DE CRISTAL EDC ESCOLAR,0.7,1.0,True
LCLSTB027,LAPIC COLOR STABILO 1400 706 CARBOTHELLO GRIS CALIDO 4,0.7,1.0,False
LCLSTB023,LAPIC COLOR STABILO 1400 724 CARBOTHELLO GRIS AZULADO 3,0.7,0.5,True
XLIGUM014,EL HOMBRE MEDIOCRE,0.5,1.0,False
GOEXXX144,GOMA EVA DISEÑO ANIMAL PRINT 50X70CM MOD10 LE3493,0.7,1.0,True
XCPALB003,RONDA DE MANDALAS,0.5,1.0,False
PEGPOX009,PEGAMENTO POXIPOL POXILINA,0.5,1.2,False
XNUALB007,MI COCINA VEGGIE,1.5,1.0,False
CAUBNA001,CARTULINA BANANA OFICIO CREMA RUSTICO 200GR,1.2,1.0,False
GOMCHI003,GOMA BORRAR CHINA 75 BLANCA VALE PEQ,1.2,1.0,False
XLNHOG086,LA FRANCESITA,0.5,1.0,True
TARGHY008,TARJETA GHYS AGRADECIMIENTO X 2,1.2,1.0,False
TARAVR002,TARJETA AVERY 8371 100X87MM INK JET,0.5,1.0,False
XLIAME072,SUS MEJORES CUENTOS DE ALLAN POE,1.5,0.7,False
XLNGUM089,PRISIONERO DE GUERRA,1.5,1.0,False
XLILOZ006,TEORIA DEL CONOCIMIENTO 1996,1.2,1.0,True
BOLPEL077,BOLIGRAFO PELIKAN AL 821247 SNAP K10  DORADO,0.5,1.0,False
CAUCNS104,CARTULINA CANSON MI TEINTES AZUL TURQUESA 50X65CM 160GR 595  C200321244,0.7,1.0,False
XACALB073,50 JUEGOS PARA EL PENSAMIENTO CREATIVO,1.2,1.0,False
CCTDEL018,CAJA DE ARCHIVO POLIDELLO 0326 OFICIO DIF. COLOR,1.2,1.0,False
BOLPTL035,BOLIGRAFO PENTEL B820P2 A STERLING BARRIL ROJO DISEÑO,1.2,1.0,False
ATMXXX067,ATM CUCHARILLA PLASTICA PARA HELADO PEQUENA BL90U,0.7,1.0,False
XLIEDA002,EL PROCESO 1989,0.5,1.0,True
CAUCNS007,CARTULINA CANSON COLORLINE AZU CELESTE 50X65CM  C41021,0.7,1.0,True
MCHTLB001,MOCHILA  TALBOT ,1.5,1.0,True
BOLPEL079,BOLIGRAFO PELIKAN AL 821261 SNAP K10  COBRE,0.5,1.0,False
HTPABC021,HJA TRAPPER ABC COLOR 5 PERF RAYADO PQ200HJS,1.2,1.0,False
JUEXXX013,ROMPECABEZAS  15525 TIMES SQUARE NUEVA YORK  - 1000 PZS,1.2,1.0,True
XLLALG018,CALCETIN BLANCO FANTASMAS EN EL PASILLO,1.5,1.0,True
XLLALG007,CALCETIN BLANCO QUIERES UN CARAMELO DE LIMON O DE POMELO,1.2,0.5,False
XLLALG030,CALCETIN AMARILLO TRAS LOS PASOS DE UN ZAPATO,0.7,1.0,False
XLLSIG061,TELARAÑA RODRIGO Y EL LIBRO SIN FINAL,0.7,1.2,False
MCPPTL059,MICROPUNTA PENTEL BL77PW VX VIO 0.7MM ENERGEL RETRACTIL,0.5,1.0,True
XLIGUM017,FLOR DE LEYENDAS,0.7,1.0,False
XLLALG020,CALCETIN AMARILLO SIRENAS VIKINGOS BALLENAS Y UNA ESCALERA,1.5,0.5,True
CARXXX106,CARTON CORRUGADO VERDE LIMON 80X50CM,0.7,1.5,True
MRDFBC010,MARCADOR FABER CASTELL 52 NEG. MULTIMARK,0.5,1.0,True
OLEMDN002,OLEO MADISON  BLANCO NO 45 JGO 5TUBOS,0.7,1.0,False
PINTLB011,PINCEL TALBOT T PP NO 6 PLANO,1.5,1.0,True
XLLALG014,CALCETIN BLANCO HILOS Y TIJERAS,1.2,1.5,False
XLLALG028,CALCETIN AMARILLO PASTEL DE MORAS,1.2,1.0,False
XLLALG032,CALCETIN AMARILLO MARVIN EL LIMPIABOTAS ,1.5,1.0,True
XLLALG042,CALCETIN ROJO LA DELEGADA,0.7,1.0,False
PCUXXX005, PAP COUCHE BLA 2500GR 77X110CM,0.7,1.0,True
SETPEL020,SET MARCADOR PELIKAN 440 PERMANENTE PTA.BISEL  AZU/NEG/ROJ/VER,1.2,1.0,False
PINTLB012,PINCEL TALBOT T PP NO 8 PLANO,0.5,1.5,True
CLBABL005,CLIP BIN ABEL 00803 NO110 31MM 1 1/4PULG,1.2,1.0,False
MPAGHY002,MARCA PÁGINAS GHYS PLASTIFICADOS,1.5,1.0,True
PCPSAI002,PAP CREPE SAILING B VIOL,0.5,1.0,False
PGRLIG009,PAP GRAPA LIGNA 20023120 CAF CLARO 106CM X 100M,0.7,1.0,True
PADXXX006,PAP ADHESIV CARTA BLA,0.7,1.0,True
PINTLB009,PINCEL TALBOT T PP NO 2 PLANO,1.5,1.0,True
XLLALG022,CALCETIN AMARILLO CUADERNO DE BESOS,0.5,1.0,True
XLLALG048,CALCETIN ROJO LA PALABRA MAS HERMOSA,1.2,1.0,False
ESPXXX012,ESPIRAL 40MM PLAST(25UNID),1.2,1.0,False
XLIATN003,LA REAPARICION DE SHERLOCK HOLMES,1.5,1.0,True
CARXXX105,CARTON CORRUGADO MORADO 80X50CM,0.5,1.0,True
PINTLB013,PINCEL TALBOT T PP NO 10 PLANO,0.7,1.0,True
MRDFBC012,MARCADOR FABER CASTELL 52 ROJ MULTIMARK,0.7,1.0,True
ENGRAP002,ENGRAPADOR RAPID E14 CAP 20HJS METAL NEG,0.7,0.5,False
XLLSIG099,TELARAÑA DUPLICADO,0.7,1.0,False
PINTLB014,PINCEL TALBOT T PP NO 12 PLANO,1.5,1.0,False
LAPSTB051,LAPIZ STABILO 8043 ALL VER,1.5,1.0,True
BASXXX001,BASURERO PLASTICO  12 L.,0.7,1.5,True
XCLSIG362,ESTRELLA CUENTOS DE GRIMM,1.0,0.7,False
MRJPEL006,MARCADOR JGO PELIKAN MX 240 PERMANEN JGO10U TRAZO FINO 30230018,1.5,1.0,True
BLBABC008,BLOCK BOND ABC BLANCO 85X85MM 500HJS,0.5,1.0,True
XCLSIG661,ESTRELLA MUJERCITAS,0.7,1.0,False
FICXXX010,FICHA CARTULINA DIF COLOR 18X14CM,0.7,1.0,False
XCLSIG453,JUEGOS Y CUENTOS BLANCANIEVES Y LOS 7 ENANOS,1.5,1.0,True
XLLALG011,CALCETIN BLANCO UNA CAJA DE SECRETOS,0.7,1.0,False
BASXXX002,BASURERO PLASTICO  25 L.,0.7,1.0,True
PEGPOX005,PEGAMENTO POXIPOL 10MIN TRANSP,0.5,1.0,True
XLLALG026,CALCETIN AMARILLO LA BRUJA DEL PAN PRINGAO,0.5,0.7,True
FOLDEL061,FOLDER DELLO 0247.LP.0050 SERENA LILA PASTEL LOMO 2 CMS OFICIO,1.5,1.0,False
FASMXO001,FASTENER MAX OFFICE PLASTICO,1.2,1.5,False
CCODEL002,CARPETA COLG DELLO OFICIO ROJ,0.5,1.0,False
CAVRIC036,CARTAP VISOR RICOR 3PULG 2A CARTA PLAST BLA,0.5,1.0,False
TMAPTL005,TINT MARC PENTEL NR401 A NEG RPTO N450 Y N460,0.5,1.0,True
XFSGES105,FILOSOFIA 5 SEC GES 2014,0.5,1.0,False
XMUGES111,MUSICA 5 SEC GES 2014,0.7,1.0,False
JUEXXX015,ROMPECABEZAS  17096 GRANDES CIUDADES DECO  17096 - 3X500 PZS,0.5,1.0,True
MCPSTB066,MICROPUNTA STABILO 1018 46 NEG BL@CK,0.5,1.0,True
SACSTU001,SACAGRAPA STUDMARK 4404,0.5,1.0,True
PCPCAD020,PAP CREPE CARDINAL DIF COLORES,0.5,1.0,False
STCGHY001,STICKERS GHYS X 5,1.2,1.0,True
TPIPTL010,TINT PINCEL FR 141X CARTUCHO SEPIA PARA GFL,0.7,1.0,True
CAUCNS018,CARTULINA CANSON COLORLINE AZU PRIMARIO 50X65CM  C41020,1.0,0.7,False
BOLFBC005,BOLIGRAFO FABER CASTELL AZU 060 F,0.5,1.0,True
MRDFBC007,MARCADOR FABER CASTELL 421 AZU P CD/DVD CJ12U,1.5,1.2,True
XQMGES105,QUIMICA 5 SEC GES 2014,0.5,1.2,True
LAPLYR068,LAPIZ LYRA 1210106 2510 NEG 6B ROBINSON,0.7,1.0,True
TIMCAN037,TINTA PARA IMPRESORA CANON GL 190-4 AZUL 70ML,1.2,1.0,False
XLLSIG034,SUEÑOS DE PAPEL UNA DE DOS,1.5,1.0,True
FUNATS003,FUNDA PLAST ARTESCO A4 POLIPROPILENO,0.5,1.0,False
XCLBTN036,LUCECITAS EL LEON LOLO ART,0.7,1.0,False
CARXXX109,CARTON CORRUGADO CELESTE 50X70CM,1.2,1.0,True
XLNGUM147,EL IMPERIO SOCIALISTA DE LOS INCAS,1.2,1.0,False
SENATS006,SEÑALADOR ARTESCO AZU PRECORTADO 3.8CM PLAST,0.7,1.5,False
XBGGES105,BIOGEOGRAFIA 5 SEC GES 2014,1.5,1.0,False
PCESWA002,PAP CELOFAN SWALENDER TRANSP 76X102CM,1.2,1.0,False
XLNGUM121,SURUMI,1.0,1.2,False
BSAGHY003,BOLSA GHYS CHICA,1.2,1.0,True
XLNGUM140,LOS MITOS PROFUNDOS EN BOLIVIA,0.7,1.0,False
XLNGUM157,CREACION DE LA PEDAGOGIA NACIONAL,0.7,1.0,True
BOLPRK115,BOLIGRAFO PARKER 1931502 SONNET LACQUE NEG CLIP CROMAD,1.5,1.0,True
CAVRIC026,CARTAP VISOR RICOR 2PULG 2A A4 PLAST BLA,0.5,1.0,False
CAVRIC051,CARTAP VISOR RICOR 1/2PULG 3A A4 PLAST BLA,1.5,1.0,False
XMUGES101,MUSICA 1 PRIM GES 2014,0.5,1.0,True
BLPHOA040,BLOCK POST HOPAX S21709 TRASLUCIDO AMARILLO 3X3PULG 76X76MM 50HJS,0.7,1.0,False
PONXXX002,PAP ONIOSKIN CARTA,1.2,1.0,False
XLLALG015,LA NIÑA QUE SOLO PUUDO LLEVARSE UNA COSA,1.5,1.0,True
LCLSTB008,LAPIC COLOR STABILO 1400 425 CARBOTHELLO AZUL COBALTO,0.7,1.0,False
PCPKAR002,PAP CREPE KARADU LILA CORTO,0.5,1.0,False
PINTLB010,PINCEL TALBOT T PP NO 4 PLANO,0.5,1.0,True
XLLALG010,CALCETIN BLANCO PAULA Y EL COLIBRI,0.5,1.0,False
XLLSIG058,TELARAÑA EL ENCUENTRO,0.5,1.0,True
XLLSIG104,TELARAÑA DOCUMENTALES DE ANIMALES?,0.7,1.0,True
XLLSIG062,TELARAÑA HISTORIAS ESCONDIDAS,1.5,1.0,False
XXILAR022,DICC LEARNER S CHAMBERS ENGLISH LAROUSSE,0.5,1.0,False
PAGXXX002,PAP GAMUZA AMA 40X60CM,0.7,1.0,True
XCLALB031,ECOLOGIA Y YO LA ENERGIA Y YO,1.0,0.5,False
PFLRVS014,PAP FLUOR RIVERSIDE SURT COLOR CARTA NEON,1.5,1.0,True
XLLALG033,CALCETIN AMARILLO TE REGALO MI CUMPLEAÑOS,0.7,1.0,False
ETQSTU002,ETIQUETAS STUDMARK PRS31  BLA 25X101MM HOJA DE 20 ETQ,0.5,1.0,True
CAUBNA002,CARTULINA BANANA OFICIO BEIGE RUSTICO 200GR,1.2,0.7,False
CAUCNS117,CARTULINA CANSON MI TEINTES VER MAR 50X65CM 160GR 448  C200331454,0.5,1.0,False
XCLALB035,PEQUEÑOS GRANDES GENIOS,0.7,1.0,True
XLILOZ002,EL NIÑO QUE ENLOQUECIO AMOR 1996,1.2,1.0,False
CAVTLB010,CARTAP VISOR TALBOT 3 PULG 3A CARTA T-90602 PLAST BLA,0.7,1.0,True
TIMCAN036,TINTA PARA IMPRESORA CANON GL 190-4 YELLOW 70ML,1.5,1.0,True
BBOXXX003,BASE BOLI MARMOL DOBLE 85X215CM,0.7,1.0,False
XLLSIG003,ESTRELLA ROBIN HOOD,1.2,1.0,True
BLPHOA039,BLOCK POST HOPAX 21822 NEON 3X3PULG 76X76MM 100HJS,1.0,0.5,False
ENCXXX001,ENCUADERNADOR ESPIRAMATIC ESPIRAL,0.5,1.0,True
XLNHOG276,UMA Y EL VUELO FANTASTICO,1.2,1.0,False
FOLOXF102,FOLDER OXFORD 29900605 CARTA VER PORTA CERTIFIC,0.5,1.0,True
XLIGUM039,SOLEDAD,1.2,1.0,True
FOLXXX011,FOLDER COLOR CARTA CARTULINA COLOR,0.7,1.0,True
PERISO010,PERFORADORA ISOFIT PI 160 CAP 150 HJS ,1.5,1.0,True
BLPTLB001,BLOCK POST TALBOT T-21143GM BANDERITAS JGO5COL,1.5,1.0,False
XLLCOQ103,CUENTOS ESCOG VOL III,1.5,1.0,True
HJOXXX005,HJA CONTAB 14 COLUMNAS,0.5,1.0,True
SACRAP002,SACAGRAPA RAPID R3 20000702,1.2,1.0,False
TIMCAN034,TINTA PARA IMPRESORA CANON GL 190-4 MAGENTA 70ML,0.7,1.0,False
PRRMDN008,PAP ARROZ MADISON TURQ DISEÑO 50X50CM,1.2,0.7,False
XLNHOG296,CUENTOS QUE ABRAZAN,0.5,1.0,False
XCLBTN053,RINCON FANTASIA ALADINO Y LA LAMPARA MARAVILLOSA ART 2034,0.7,1.2,False
XLLSIG092,TELARAÑA SHEMAPARIN LA LENGUA PERDIDA,1.2,1.0,True
XLNSIN129,BOLIVIA CHINA DESAFIOS EN LA NUEVA ERA MUNDIAL,0.5,1.0,True
XCLALG099,ALBUMES ILUSTRADOS LAS PRINCESAS TAMBIEN SE TIRAN PEDOS,1.2,1.0,False
ETBPTL001,ESTUCH BOL PENTEL TRANSP PLASTICO 1 BOL,0.5,1.0,True
FOLDEL012,FOLDER DELLO 0241.H.0050 DELLOFINE CRISTAL ALA OFICIO,1.5,1.0,False
FOTMEA006,FOLDER TRAP MEAD 33118 ROCKETEER,0.5,1.0,False
GOEXXX149,GOMA EVA DISEÑO ANIMAL PRINT 50X70CM MOD3 LE3402,1.5,1.0,False
XCLSIG806,CALABAZA SINFOROSO,0.7,1.0,False
XLECOQ204,JAIMITO Y JULIETA LEC 4 2018,1.5,1.0,False
MCPPIL081,MICROPUNTA PILOT BL PL 5 AZU 0.5MM POPLOL ,1.5,1.0,True
XLLCOQ102,CUENTOS ESCOG VOL II,1.5,1.0,True
XLIHPE004,TEORIA Y PRACTICA DE LOS FINALES,0.7,1.0,False
LIECAN003,LIENZO CANVAS 35 X 45 CM ML595,1.5,1.0,False
SOBSCR001,SOBRES SCRITY BLANCO 114X229M,1.2,1.0,True
PIZTLB003,PIZARRA ACRILICA Y CORCHO TALBOT T-38630 040X060M ,0.5,1.0,False
ETLMAP008,ESTUCHE P/LAPIZ MAPED SOBRE NEOPRENO 934735,1.5,1.0,False
CLPIDL001,CLIP METAL IDEAL NO4 33MM CJ100U,1.5,1.0,True
MCPPTL064,MICROPUNTA PENTEL BL117W D VER 0.7MM ENERGEL TRADIO,0.7,1.0,True
CCDTDK001,CD TDK 700MB 80MIN SIN ETIQUETA,1.5,1.2,False
XCLALG095,CARTERA DE VALORES LA BRUJA ENFADADA,0.7,1.0,True
MALDEL003,MALETIN DELLO AUTOS,1.2,1.0,True
XCLSIG839,50 CUENTOS PARA LEER CON ALEGRIA COD 0599CU0010,1.2,1.5,True
XLLALB020,ULTRATUMBA UN FANTASMA EN EL BAÑO DE VARONES,1.5,1.0,False
XCLSIG678,ABRIBOCA 4 TITULOS DIFERENTES,1.2,1.0,True
PAPDEL007,BANDEJA DELLO DOBLE ARTIC. 3043.I.0006 HUMO,1.2,1.0,False
XLLESM588,TRES VECESM UJER DE GRIS SM SERIE NARANJA,0.7,1.0,True
XCLKLD017,BANDADA,0.5,1.0,False
MOSXXX001,MOSQUETON PARA CREDENCIAL,1.5,1.0,True
XCLSIG037,PRIMERA LECTURA CIEN METROS DE GATOS UN CHUP,1.5,1.0,True
XCACOQ011,CALIGRAFIA PALMER 1 COQUITO,0.5,1.0,False
XCLALB026,MIS VALORES NO QUIERO APRENDER A SER OBEDIENTE,1.2,1.0,True
PBORVS011,PAP BOND RIVERSIDE 01051 ROS PASTEL CARTA PQ100,0.7,1.0,False
RBLWAT002,RPTO BOLIG WATERMAN 14072 S0791020 AZU M,1.2,0.5,False
ETQBIC001,ETIQUETAS BIC 6285 BLA CARTA,0.7,1.5,True
LCLSTB017,LAPIC COLOR STABILO 1400 110 CARBOTHELLO BLANCO GRIS,1.2,1.0,False
MCPPIL085, MICROPUNTA PILOT BLRT FR5 L AZU FRIXION 0.5MM RETRACTIL,1.5,0.5,True
ETQDYM003,ETIQUETAS DYMO 30333 BLA 1/2X1PULG 1000U,1.0,0.7,False
XLIGUM056,LA VIDA ES SUEÑO,1.5,1.0,False
XCLATN032,BUENOS AMIGOS,0.7,1.0,True
XCPALB006,LO VEO LO PINTO,0.5,1.0,True
CARMAD012,CARTON GRIS MADEPA  NO12 80X120CM 2.0MM,1.0,0.5,True
PROXXX003,PORTAROSARIO CORAZON,0.7,1.0,True
PFLRVS012,PAP.FLUOR. RIVERSIDE VER. T/CARTA NEON (PQTE/100HJS),1.0,0.7,False
CCTDEL013,CAJA ORGANIZ MINI JGO4U,0.5,1.0,True
FICXXX008,FICHA CARTULINA OVAL COLOR 20X10CM,0.5,1.0,False
XLNHOG009,UMA Y EL GUARDIAN DE LOS ANIMALES,0.7,1.0,True
XAPGES111,EXPRESION PLASTICA 5 SEC GES 2014,1.2,0.7,True
TAMTRO010,TAMPO TRODAT 6 4912 NEG RPTO SELLO,1.2,1.0,True
CLBMXO001,CLIP BIN MAX OFFICE 51MM 2PULG CJ12PZ,1.2,1.0,True
BSAXXX011,BOLSA PAPEL REGALO 32X23CM,0.7,1.0,False
GOEXXX151,GOMA EVA DISEÑO AGUAYO 50X70CM LE2771,1.0,0.7,True
XCLALR050,NUEVAS LEYENDAS DE AMERICA DEL SUR,0.5,1.0,False
PLFPEL030,PLUMAFUENTE PELIKAN AL 821803 JAZZ NOBLE ELEGANCE  P36 PERLA,1.2,1.0,True
CAUCNS017,CARTULINA CANSON COLORLINE ORO 50X65CM  C41004,1.5,1.0,True
XACALB038,MI CUERPO Y YO ME HACE BIEN O MAL,0.5,1.5,False
XCLSIG636,MIS SENTIMIENTOS ESTOY SOLO,0.5,1.0,False
MRAFBC001,MARC AGUA FABER CASTELL 152 NEG,0.5,1.0,False
CARXXX101,CARTON CORRUGADO ARCO IRIS 80X50CM,0.5,1.0,True
CARXXX104,CARTON CORRUGADO ORO 80X50CM,0.5,1.0,True
TJTGBC020,TARJETERO GBC BATES CVF250PT,1.2,1.0,False
XCLSIG792,CALABAZA EL GALPON DEL ABUELO,1.2,1.0,True
PCPKAR004,PAP CREPE KARADU FUCSIA CORTO,0.5,1.0,False
XCLBTN032,CUENTAME UN CUENTO CAPERUCITA ROJA ART 2238,1.5,1.0,True
XCLALG025,EL BAUL DE LOS MONSTRUOS LA BRUJA,0.5,1.0,True
HJOXXX003,HJA CONTAB 3 COLUMNAS CUADERNILLO,1.2,1.0,False
CAUXXX037,CARTULINA ESCOLAR 180GR NEG 70X100CM,1.2,1.0,True
XHSGIS111,LA HISTORIA DEL MAR BOLIVIANO ED 2018 3RA EDICION,1.0,1.5,False
CUDABC021,CUADERNILLO ABC OFICIO 4MM MARGEN,0.7,1.0,True
REGXXX011,REGLA METALICA 1M,0.7,1.0,False
FOLDEL132,FOLDER DELLO 0294.P.0050.2 EJECUTIVO PLAST. NEGRO C/ GP-DELLO,0.7,1.0,True
CLBMDN002,CLIP BIN MADISON 41MM O 1 5/8,1.2,1.0,False
CARXXX107,CARTON CORRUGADO VERDE 80X50CM,1.2,1.0,True
PBORVS013,PAP BOND RIVERSIDE 01053 VIO PASTEL CARTA PQ100HJS,1.5,1.0,False
XI3GES123,IT S UP TO YOU 3 SEC,0.7,1.0,True
CAEXXX008,CALENDARIO 2008 ESCRITORIO MAMANI MAMANI,1.5,1.0,True
LCLSTB038,LAPIC COLOR STABILO 1400 620 CARBOTHELLO OCRE TOSTADO,1.5,1.0,False
OLEMDN003,OLEO MADISON BLANCO NO 45 TUBO,1.5,1.0,True
XCLATN030,LA PRINCESA DEL SOL NACIENTE,0.7,1.0,True
XBGGES104,BIOGEOGRAFIA 4 SEC GES 2014,1.5,1.0,False
MCPSTB082,MICROPUNTA STABILO 8824 1 POINT 88 JGO24U ARTY,0.5,1.5,True
CLBMXO002,CLIP BIN MAX OFFICE 32MM O 1 1/4PULG CJ12PZ,1.5,1.0,True
SEPMLC001,SEPARADOR MILCAR A4 JGO 1 A 12 NUM,0.5,1.2,False
CORMIL001,CORRECTOR MILCAR CINTA 5 MM X 10MTS,0.7,0.5,True
309,ARCHIVADOR DE PALANCA LEYDEZ ,0.7,1.0,True
XAPGES110,EXPRESION PLASTICA 4 SEC GES 2014,1.0,0.7,True
BLDCNS043,BLOCK DIBUJO GRADUATE OLEO Y ACRIILICO CANSON 20HJS  290GR  A3 30 X 42CM C400110381,1.5,1.0,False
VENXXX003,VENESTA ESCOLAR 21X20CM,0.7,1.2,True
CNKFST005,CINTA MASK FIVE STICK 1/2PULG X 25YDS,1.2,1.0,True
LIBGHY002,LIBRETA GHYS 12X17,0.5,1.0,False
XLLSIG077,ESTRELLA CUENTOS DE ANDERSEN,0.7,1.0,True
PBOPLI052,PAP BOND PAPER LINE PEACH 75GR OFICIO,1.2,1.0,True
ENGWEX009,ENGRAPADOR WEX 11 1121 00 CAP 100HJS METAL,1.2,1.0,True
XI3GES126,IT S UP TO YOU 6 SEC,0.5,1.0,False
CARXXX108,CARTON CORRUGADO CREMA 80X50CM,0.5,1.0,False
SELXXX001,SELLO MADERA PERSONALIZADO,0.5,1.0,False
PBOXXX036,PAP BOND 75GR BLAN DOBLE OFICIO PQ500HJS,1.5,1.0,True
PINPTL013,PINCEL PENTEL XGFL 111 VER CLARO COLOR BRUSH,0.5,1.0,False
MCPPEL026,MICROPUNTA PELIKAN MX SOFT GEL VER,0.7,1.0,False
XACALB061,PEQUEÑOS PASTELEROS,1.0,1.5,True
XLNGUM103,SOCAVONES DE ANGUSTIA,0.5,1.0,False
HJCABC044,HJA CARPETA ABC 2 PERF RAY ESPECIAL PQ100HJS,0.5,1.0,False
XCLSIG616,EL CASTILLO AMARILLO REINA ENVIDIOSA COD 0404CA0040,1.5,1.0,True
CAUCNS030,CARTULINA CANSON COLORLINE PLO 50X65CM C2321364,1.5,0.5,False
LAPKOH004,LAPIZ KOH I NOOR 1500 NEG 3B,1.5,1.0,True
CAUPEL008,CARTULINA PELIKAN MX FLUOR ROSA 48X66CM,1.2,1.0,True
BOLPRK134,BOLIGRAFO PARKER 2123503 SONNET 51 ACERO INOX AZUL CLIP CROMADO,0.5,1.0,True
HJOXXX001,HJA CONTAB 2 COLUMNAS CUADERNILLO,0.5,1.0,False
XLIVER004,EL DIABLO TIENE OJOS AZULES ED VERGARA,1.2,1.0,False
BOLPEL057,BOLIGRAFO PELIKAN AL 952069 PURA K40 SILVER,1.5,1.0,True
MRDARL001,MARCADOR ARTLINE 400FX NEG PERM PAINT MARKER,0.5,1.0,True
BOLUNI009,BOLIGRAFO SIGNO SPARKLING VER BRILLANTINA 120SP 36,1.2,1.0,False
XI3EDB306,I´M READY 6 PRIM N EDICION,0.5,1.0,True
XCLSIG017,EL ALJIBE REPORTAJES SUPERSONICOS,1.5,1.0,True
CAUCNS010,CARTULINA CANSON COLORLINE VER MUSS 50X65CM  C41029,0.7,1.0,True
XCLSIG274,ROCIO DE PASEO,0.7,0.5,False
PINPTL009,PINCEL PENTEL XGFL 106 CAFE COLOR BRUSH,0.7,1.0,False
MAPXXX023,MAPA TURISTICO PANOR REGION ANDINA,0.5,1.0,True
PBOPLI036,PAP BOND PAPER LINE LILA 75GR OFICIO,0.7,1.2,True
BLPHOA042,BLOCK POST HOPAX 21091 FLUOR 1.5X2PULG 38X51MM BL4U,1.5,1.0,False
ATMXXX007,ATM PLATO CARTON,1.5,1.0,False
RBLPRK002,RPTO BOLIG PARKER 117911 S0909480 AZU M,0.7,0.5,False
BLDCNS011,BLOCK DIBUJO XL MIX CANSON ESP 30HJS 300GR A3 29 X 42 CM  C200807216,1.5,1.0,True
LCLSTB035,LAPIC COLOR STABILO 1400 690 CARBOTHELLO OCRE ORO,1.5,1.0,False
XFIEDB304,FISICA 4 SEC N E 2018,0.7,1.0,False
PCAPEL008,PAP CARBON PELIKAN AL 1022 G NEG DOBLE PLANILLA 100X70CM,1.2,1.0,True
XTMSIN001,VIVE LA PAZ BOLIVIA GUIA DE TURISMO,0.7,1.0,True
PBOBRE003,PAPEL BOND BOREAL BLANCO T/CARTA ( CAJA DE 10 PQTES. CADA PQTE. DE 500 HOJAS),1.2,0.5,True
FOLACP004,FOLDER ACP 1021 PLAST OFICIO DIF COLOR LIGA,1.5,0.7,False
PEGMNP001,PEGAMENTO MONOPOL CARPICOLA 3.5 LITROS (GALON),0.7,1.0,False
JUEART020,JUEGO ARTI TACJUE101 JUEGO DE ASOCIACION,1.2,1.0,False
XLNAME038,MALLKO,1.2,1.0,True
XLLALG034,CALCETIN AMARILLO UN PELOTON DE MENTIRAS,1.5,1.0,False
XI3GES124,IT S UP TO YOU 4 SEC,0.5,1.0,False
XLLALB019,ULTRATUMBA COLONIA DE VACACIONES DRACULA,1.2,1.0,False
PAPDEL005,BANDEJA DELLO DOBLE ARTIC. 3043.H.0006 CRISTAL,0.5,1.0,False
XLLALG045,CALCETIN ROJO OTTO EL NIÑO QUE LLEGO CON LA NIEVE,1.5,1.0,True
CAVTLB011,CARTAP VISOR TALBOT 1PULG 3A TIPO D A4 PLAST BLA,1.5,1.0,False
XLNHOG070,EL ARBOL DE LOS RECUERDOS,0.5,1.0,True
XLLALB049,ULTRACALAVERA SINIESTRO VIAJE DE ESTUDIOS,1.5,1.0,True
LIBGHY001,LIBRETA GHYS 17X17,0.7,1.0,True
XLIALG002,CALCETIN AZUL OLIVER TWIST,0.5,1.0,True
XLIALG003,CALCETIN AZUL HUIDA HACIA LA LIBERTAD,1.2,1.0,False
XLLALG050,CALCETIN ROJO DEDOS FRIOS EN LA NIEBLA,0.5,1.0,True
XCLSIG711,HILO INFINITO LA SEÑORITA YEYE,0.5,0.7,False
BOLPIL047,BOLIGRAFO PILOT BP 1 F L 0.7  AZUL,1.2,0.5,True
ESPXXX018,ESPIRAL 7 MM PLAST (BOLSA DE 100 UNIDADES),0.7,1.0,False
XBGGES106,BIOGEOGRAFIA 6 SEC GES 2014,1.5,1.0,True
XCLBTN004,VOY CRECIENDO DESCUBRO MI CUERPO ART 2109,1.2,0.7,True
FOLDEL157,FOLDER DELLO 0235 C.0050 TOP LINE AZU. LOMO 3 CMS ALA OFICIO,0.5,0.7,False
XI3GES125,IT S UP TO YOU 5 SEC,1.5,1.0,False
XEEGBL001,ENCICLOPEDIA ESCOLAR BOLIVIANA SIGLO XXI RUSTICO,0.5,1.0,False
XMUGES103,MUSICA 3 PRIM GES 2014,0.5,0.7,False
MCPSTB109,MICROPUNTA STABILO 88 57 AZU CELESTE POINT 88,0.7,1.0,False
ESPXXX019,ESPIRAL 12 MM PLAST (BOLSA DE 80 UNIDADES),1.5,1.0,True
MALDEL023,MALETIN DELLO FINE A3 2151.C.0005 AZUL,1.2,1.5,False
SOBXXX049,SOBRE CORRESPONDENCIA RECICLADO OFICIO,1.5,1.0,False
XLLCOQ008,FABULAS DE ESOPO VOL IV,0.5,1.0,True
XCLALG069,LETRA MAGICA LA CABEZA MAGICA,0.7,1.0,False
SOBXXX005,SOBRE BOND BLAN DOBLE OFICIO,0.7,1.0,False
XQMEDB306,QUIMICA 6 SEC N E 2018,1.2,1.0,True
TPIPTL008,TINT PINCEL FR 108X CARTUCHO ROSADO PARA GFL,1.2,1.0,False
PEGACO010,PEGAMENTO ACRICOLOR ISOCOLA LIQ 455G,1.2,1.0,True
XCLSIG617,EL CASTILLO AMARILLO  EL REY PEREZOSO  COD 0404CA0020,0.5,1.0,False
PRRGHY001,PAPEL ARROZ GHYS,1.5,1.0,False
XLIKAP001,TABARE 1965,0.7,1.0,False
JUEXXX020,ROMPECABEZAS  17971 KIRKJUFELLSFOSS - 1000 PZS,1.2,1.0,False
CLBLEY104,CLIP BIN LEYDEZ 32MM O 1 1/4PULG CJ12PZ,0.5,1.0,False
XLITEX015,EL BURLADOR DE SEVILLA,1.5,0.7,False
XA3CHP001,MANUALIDADES CHRISTOPHORUS  VARIOS TITULOS - ALEMAN,0.7,1.0,False
PBOPLI125,PAP BOND PAPER LINE CYBER RED 75GR CARTA (ROJO),1.2,1.0,False
LAPSTB055,LAPIZ STABILO 8052 ALL BLA,0.7,1.0,False
XCLALG071,LETRA MAGICA YO SOY YO,1.0,0.5,False
XCLSIG510,ABRE TUS OJOS ANIMALES DE LA GRANJA,1.2,0.7,True
CARXXX102,CARTON CORRUGADO AMARILLO 80X50CM,0.7,1.0,True
JUEXXX029,ROMPECABEZAS  19038 PERRITOS EN EL BANCO PANORAMA - 1000 PZS,0.5,1.0,False
GOMPEL004,GOMA BORRAR PELIKAN MX WS 30 BLANCA LAPIZ,1.5,1.0,False
BLDCNS013,BLOCK DIBUJO XL CANSON ESP 50HJS 160GR A4 21 X 29 CMC400039088  ,1.5,1.0,False
CAUKHL021,CARTULINA KOEHLER CARTA  PIEL VACA BLA  220GR,0.7,1.0,False
XLLALG049,CALCETIN ROJO LADRONES DE CARTAS,1.5,1.0,False
FOLXXX021,FOLDER PLAST. VARILLA CARTA,1.2,1.0,True
XBGGES116,GUIA ACT BIOGEOGRAFIA 6 SEC,1.2,1.0,True
ETQDYM004,ETIQUETAS DYMO 30334 BLA 2 1/4X1 1/4PULG 1000U,1.5,1.0,True
LCLSTB010,LAPIC COLOR STABILO 1400 450 CARBOTHELLO AZUL CYAN,1.2,1.0,True
RBLSAF001,RPTO BOLIG SANFORD 56401 NEG JGO2U,1.5,1.0,False
BSAGHY001,BOLSA GHYS GRANDE,0.5,1.0,True
XLIMEX018,ROBIN HOOD 1992,0.7,1.0,False
XMACOQ013,PREMATEMATICA COQUITO 3,0.5,1.0,True
XREGES104,RELIGION 4 PRIM GES 2014,0.7,1.5,True
LCLSTB041,LAPIC COLOR STABILO 1400 645 CARBOTHELLO ROJO PALIDO,0.5,1.5,False
XLIBTN005,MADAME BOVARY LITER CLASICA ART 1000,0.5,1.0,True
PCOHSA007,PAP CONTIN HUSARES BLA 14 7/8X11X2 56GR,0.7,1.0,False
TAMTRX002,TAMPO TRAXX RP 1609 AZU 16X8CM,0.5,1.0,False
PBOXXX010,PAP BOND 60 63GR BLAN CARTA PQ500HJS,0.7,1.0,True
XLNGUM136,PLATO PACEÑO,1.5,1.0,True
XLNHOG234,EL GIRASOL Y LA NOCHE,0.7,1.0,False
LIBGHY003,LIBRETA GHYS SIMPLE,1.2,1.0,False
LCLSTB004,LAPIC COLOR STABILO 1400 215 CARBOTHELLO AMARILLO INDIO,1.5,1.0,True
XLLESM474,LA GRUTA DE LAS ESCORIAS SM SERIE ROJA,1.2,1.0,True
BLDCNS049,BLOCK DIBUJO GRADUATE  CROQUIS  CANSON 40HJS  96GR  A3 30 X 42CM  C400110363,1.2,1.0,True
PCSNOR004,PAP CONST NORCOM 78812 8COL BLOCK48HJS 46X305CM,1.5,1.0,False
PFLRVS011,PAP FLUOR RIVERSIDE 4318 NAR CARTA NEON,1.2,1.0,True
XLNGUM073,METAL DEL DIABLO,1.2,1.0,True
TPIPTL006,TINT PINCEL FR 106X CARTUCHO CAFE PARA GFL,1.5,1.0,True
FICXXX007,FICHA CARTULINA CIRCULAR COLOR 10CM,0.5,1.0,True
XLIAME006,ROMEO Y JULIETA,1.5,1.0,True
XLIMEX004,MAS ALLA DEL BIEN Y DEL MAL,0.5,1.2,True
XI3ADD040,KIDS 1 WORKBOOK,1.2,1.0,False
FUNMXO001,FUNDA PLAST MAXOFFICE A4 ,0.5,1.0,False
TBDANC009,TARJ BODA ANOUC CONV 2157 INVIT,0.7,1.0,False
BOLPRK102,BOLIGRAFO PARKER 1931524 SONNET MATTE NEG CLIP CROM,1.5,1.0,False
TIZANG001,TIZA ANGLES SASTRERIA,1.5,1.0,True
XI3GES110,STA&TUS 4 SEC GES 2014,1.2,1.0,False
XLLATN009,LA SEÑORA QUE USABA GALERA,1.5,1.0,True
MRDPEL058,MARCADOR PELIKAN PARA CD DIF.COLOR,1.5,1.0,False
XCLATN044,LA AVENTURA DE LA LIEBRE,1.2,1.0,True
TTMPEL007,TINT TAMPO PELIKAN MX ROLL ON VIO 60ML,1.5,1.0,False
163,MARCADOR PELIKAN ME VARIOS COLORES PERMANEN,1.5,1.0,False
MCPPEL022,MICROPUNTA PELIKAN MX SOFT GEL DORADO,1.2,1.0,False
XLISIN021,AHI VIENEN LAS AMAZONAS TIWANAKU,1.2,1.0,False
TIJMAP011,TIJERA MAPED 6010052 CREATIVAS,1.5,1.0,True
XLIATN007,EL ARCHIVO DE SHERLOCK HOLMES,0.5,1.0,False
GARGBC021,GARRA GBC BATES NEG 14MM 9 16PULG,0.7,1.0,False
XCISIG063,VENTANA TRANSPARENTE LA FURIA DE LA NATURALEZA,0.5,1.0,False
GRAIDL007,GRAPAS IDEAL 23/17 CJ1000 U,0.7,1.0,False
410,"SEÑALADOR ARTESCO PRECORTADO 3,8 CM PLAST",1.5,0.7,True
GOEXXX029,GOMA EVA GLITTER OFICIO PALO DE ROS,1.0,0.5,False
XCPSIG042,SUPERCOLOR 507 D,1.2,1.0,True
PBOLEY111,PAPEL BOND TAMAÑO CARTA DE COLORES 75 GR  PQ500HJS,0.7,1.0,True
XMASIN013,ARTIMETICA VOL I COL COMUNIDAD OLIMPICA,0.5,1.0,False
XMASIN018,ALGEBRA VOL III COL COMUNIDAD OLIMPICA,0.5,1.2,False
XMASIN017,ALGEBRA VOL II COL COMUNIDAD OLIMPICA,0.7,1.0,True
TBDANC008,TARJ BODA ANOUC CONV 3626 WL PARTE,1.2,0.7,True
XLNHOG295,LA LUNA SI ES DE QUESO Y OTROS CUENTOS,0.5,1.0,False
XMASIN015,ARTIMETICA VOL III COL COMUNIDAD OLIMPICA,0.5,1.2,False
XMASIN020,GEOMETRIA VOL II COL COMUNIDAD OLIMPICA,1.0,0.5,False
ENGRAP025,ENGRAPADOR RAPID CLASSIC K1 CAP 50HJS METAL 24 6 8 10510601,0.7,1.0,True
CLBOIC003,CLIP BIN OIC 99050 NO50,0.7,1.0,False
AFRXXX007,ART FARM GLICERINA 1 LT,1.5,1.0,True
XMASIN014,ARTIMETICA VOL II COL COMUNIDAD OLIMPICA,1.5,1.0,False
PGRLIG006,PAP GRAPA LIGNA 20023122 CAF 106CM X 100M,0.5,1.0,True
XCLATN069,UNA MAMA DE COLORES,1.5,1.0,False
TMAPTL006,TINT MARC PENTEL NR401 C AZUL RPTO N450 Y N460,0.7,1.0,False
TTMTRO003,TINT TAMPO TRODAT 5588 ROJ,0.7,1.0,True
PFLSWT005,PAP FLUOR SWEET BRO ROS 586X89CM,1.2,1.0,False
BRZXXX003,BRAZALETE 1RA COM GAZA,0.7,1.0,False
MRDSTB054,MARCADOR STABILO 568 89 PEN 68 BRUSH MOSTAZA,1.5,1.2,False
XLLALG103,LOS 4 SHERLOCKS FANTASMAS EN LOS VESTUARIOS,0.7,1.0,False
TEMFBC003,TEMPERA FABER CASTELL 163006 15ML JGO6COL,1.0,0.7,True
PBOXXX013,PAP BOND 60 63GR DOBLE CARTA BLAN PQ500HJS,0.7,1.5,True
TCHPEL031,TINT CHINA PELIKAN CO 5180017 NEG 30ML,0.7,1.0,False
SEPXXX002,SEPARADOR A4 JGO 1A 5 NUM,0.7,1.2,True
CLBLEY004,CLIP BIN LEYDEZ 32MM O 1 1/4PULG,1.2,1.0,True
CNRDYM035,CINTA ROTUL DYMO 19435 MAGNETICO LETRA TAG 12MM X 4M,1.0,1.5,False
FUNXXX009,FUNDA PLAST CARTA TIPO L DIF COLOR,1.5,1.0,False
CLAELB003,CLASIFICADOR ELBA 43404 CON FUELLE A Z,0.7,1.0,True
CLBLEY103,CLIP BIN LEYDEZ 25MM O 1PULG CJ12PZ,1.2,0.5,False
XHSGES104,HISTORIA 4 SEC GES 2014,0.7,1.0,False
XPSGES102,PSICOLOGIA 2 SEC GES 2014,1.2,1.0,False
LCRXXX001,LAMINA CORCHO 90X60CM,0.5,1.0,False
TBDANC039,TARJ BODA ANOUC CONV 4250 INVIT,0.5,1.0,False
SACISO001,SACAGRAPAS ISOFIT 19386 0  SC100,1.5,0.5,False
COPCHI001,COMPAS CHINA NO 100 ESCOLAR LAPIZ,0.7,1.0,False
CENXXX001,CENICERO MARMOL CUADR MED 10X10CM,0.5,1.0,True
CAUCNS114,CARTULINA CANSON MI TEINTES SOL 50X65CM 160GR 553   C200321224 ,0.5,1.0,True
XLISIN016,NOTAS PARA UNA EPISTEMOLOGIA DE LA HOJA DE COCA,1.5,1.0,False
XCLBET001,MARIAN Y LAS CIGUEÑAS 1 MARIRU,1.2,1.0,True
XLLALF008,CARNAVALITO 1996,0.5,1.0,True
270,ENGRAPADORA CAPACIDAD 100 HOJAS TAMAÑO GRAPAS 23/3,1.2,1.0,True
FUNELB001,FUNDA PLAST ELBA 71942 OFICIO,1.5,1.0,False
CARXXX005,CARTON CORRUGADO METALIZADO 50X80CM,0.5,1.0,False
XMASIN021,GEOMETRIA VOL III COL COMUNIDAD OLIMPICA,0.7,1.0,False
XLLCOQ002,FABULAS DE FONTAINE,0.7,1.0,False
XXFLAR002,DICC GENERAL ESPAÑOL FRA ED LAROUSSE 2001,1.2,1.0,True
XI3ADD035,KIDS 2 BOOK 1990,0.5,0.7,False
PCOXXX005,PAP CONTIN ANDI FORM BLA 9 1/2X11X2 CJA1500HJ,0.7,1.0,True
XLNHOG284,DIAS DE MERMELADA,0.7,1.0,True
CAUCNS101,CARTULINA CANSON MI TEINTES AMAPOLA 50X65CM 160GR 506  C200321254,1.2,1.0,False
XI3ADD045,KIDS 1 BOOK 1990,0.5,1.0,True
XI3ADD037,KIDS 4 BOOK 1990,0.7,1.0,True
XI3ADD038,KIDS 5 BOOK,1.5,1.0,True
XCISIG058,COMO DONDE CUANDO PUEBLOS DE LA ANTIGUEDAD,0.7,1.0,False
PROXXX011,PORTAROSARIO PLAST FLORERO,1.2,1.0,True
GOEXXX023,GOMA EVA GLITTER OFICIO CHAMPAGNE,1.2,1.0,True
CLBLEY102,CLIP BIN LEYDEZ 19MM O 3/4PULG CJ12PZ,0.7,1.0,False
XCLSIG550,ALAS DE HADA LUCIA LA ARTISTA,1.2,1.0,False
BLDCNS033,BLOCK DIBUJO VEGETAL CANSON 50HJS  70GR  A3  30 X 42CM  C200757244,1.5,1.0,True
XCLATN043,FRIDA Y DIEGO EN EL PAIS DE LAS CALAVERAS,1.5,1.0,False
ACEMIL002,ACETATO MILCAR OFICIO CJ100HJS,1.5,0.5,False
XLLSIG049,CLASICOS JUVENILES MACBETH,1.5,0.7,True
XCLSIG131,PRIMEROS AÑOS LLEGO EL BEBE,0.5,1.2,False
PINCOD007,PINCEL CONDOR 456 NO 0 PELO CERDA,1.5,1.0,False
XLLSIN001,HEBRAS DE PLATA 1,1.5,1.0,True
MCPPIL058,MICROPUNTA PILOT BLV 15R VER 0.7MM GELINK,1.2,1.0,True
XLIKAP035,EL LICENCIADO VIDRIERA 1971,0.5,1.0,True
XLNHOG298,MIEDO QUE HACES AQUI Y OTROS CUENTOS ,0.5,1.0,True
XCLATN018,LA VACA Y LA ESPINACA,1.5,1.0,True
MCPPIL087,MICROPUNTA PILOT BLV 15R NAR 0.7MM GELINK,0.7,1.0,False
L1CREG146,LIBRO 1RA COM REGINA 12 0040 NIÑO,1.2,1.0,True
ROSXXX009,ROSARIO HUEVO FLUOR,1.2,1.0,True
XHSSIG014,COMO CRECIO NUESTRO ALFABETO,1.5,0.7,True
XQMLAT009,QUIMICA ORGANICA 6O DE SECUNDARIA,0.7,1.0,True
CUABRW001,CUADERNO BRW CD1001 BLANCO Y NEGRO,0.7,1.0,False
XI3ADD039,KIDS 6 BOOK,1.2,1.0,True
XI3ADD057,KIDS 6 WORKBOOK,0.5,1.0,True
XI3ADD036,KIDS 3 BOOK 1990,1.2,1.0,False
CAUXXX025,CARTULINA CARTA COLOR 220GR,1.0,0.7,True
COTFZA001,CORTAPICO FORZA PS 001B,0.5,1.0,True
XI3ADD023,YES ENG FOR CHILDREN D,1.5,1.0,True
MCPPIL086,MICROPUNTA PILOT BLV 15R AZUL 0.7MM GELINK,0.5,1.0,True
XLIBTN016,EL FANTASMA DE CANTERVILLE C E D C ART 110023,1.5,1.0,True
XLNAMI004,LOS VULNERABLES 1983,1.5,1.0,False
XCLALB016,PEQ GRANDES GENIOS TOMASITO Y LA BURBUJA DE LUZ,0.5,1.0,False
PBOXXX026,PAP BOND 75GR BLA A2 594X42CM,1.2,0.7,False
XI3ADD020,NEW HORIZ IN ENG 5 3ED,1.5,1.0,False
412,LAPIZ STABILO 282 4B OTHELLO NEG,1.5,1.0,False
PMRXXX106,PAP MARQUILLA T/A3,1.5,1.0,True
XACALB063,PEQUEÑOS GOURMETS,0.7,1.0,False
SELTRO006,SELLO TRODAT 4546 G NUMERADOR AUTOMAT,1.5,1.2,True
CARXXX116,CARTON PLUMA BLANCO 70 X 100CM 3MM,1.2,1.0,False
GRARAP025,GRAPAS RAPID ZINC 40109502 53/6 CJ1080U,1.2,1.0,False
PBOXXX018,PAP BOND 67X87CM 56GR ROS,1.5,1.0,True
BASISO001,BASURERO ISOFIT METALICO REDONDO,1.2,1.0,False
XLIAME030,LA ARAUCANA 1997,0.5,1.0,False
GRACHI008,GRAPAS CHINA 23/17 CONDA CJ1000U,1.2,1.5,True
TPIPTL005,TINT PINCEL FR 105X CARTUCHO AMARILLO PARA GFL,0.5,1.0,True
XI3ADD049,NEW HORIZ 4 AL 3 ED WORKBOOK 1991,0.7,1.0,False
LIBXXX004,LIBRETA ESP.METALICO T/DURA,0.7,1.0,True
XLIGUM046,EL MUNDO EL HOMBRE Y LOS VALORES,1.0,1.2,True
PLMXXX001,PLUMILLA PARA MANGO,0.7,1.0,True
T1CORT048,TARJ.1ACOM. ORTIZ 70.558-2,0.5,1.0,False
